mtllib ./2000013.mtl
g Cube (127)
v -178.4507 26.37556 283.7318
v -173.321 26.31108 289.6242
v -178.454 31.37522 283.7893
v -173.3243 31.31075 289.6818
v -170.879 31.45605 277.1957
v -165.7493 31.39157 283.0882
v -170.8757 26.45638 277.1382
v -165.746 26.39191 283.0306
v -178.454 31.37522 283.7893
v -173.3243 31.31075 289.6818
v -170.879 31.45605 277.1957
v -165.7493 31.39157 283.0882
v -170.8757 26.45638 277.1382
v -178.4507 26.37556 283.7318
v -173.321 26.31108 289.6242
v -165.746 26.39191 283.0306
v -173.321 26.31108 289.6242
v -173.3243 31.31075 289.6818
v -165.7493 31.39157 283.0882
v -165.746 26.39191 283.0306
v -170.8757 26.45638 277.1382
v -170.879 31.45605 277.1957
v -178.454 31.37522 283.7893
v -178.4507 26.37556 283.7318

vn -0.7542533 -0.008047597 0.6565341
vn -0.7542533 -0.008047597 0.6565341
vn -0.7542533 -0.008047597 0.6565341
vn -0.7542533 -0.008047597 0.6565341
vn -0.0006517821 0.9999335 0.01150809
vn -0.0006517821 0.9999335 0.01150809
vn 0.7542533 0.008047597 -0.6565341
vn 0.7542533 0.008047597 -0.6565341
vn -0.0006517821 0.9999335 0.01150809
vn -0.0006517821 0.9999335 0.01150809
vn 0.7542533 0.008047597 -0.6565341
vn 0.7542533 0.008047597 -0.6565341
vn 0.0006517821 -0.9999335 -0.01150809
vn 0.0006517821 -0.9999335 -0.01150809
vn 0.0006517821 -0.9999335 -0.01150809
vn 0.0006517821 -0.9999335 -0.01150809
vn 0.6565831 -0.008252098 0.7542084
vn 0.6565831 -0.008252098 0.7542084
vn 0.6565831 -0.008252098 0.7542084
vn 0.6565831 -0.008252098 0.7542084
vn -0.6565831 0.008252098 -0.7542084
vn -0.6565831 0.008252098 -0.7542084
vn -0.6565831 0.008252098 -0.7542084
vn -0.6565831 0.008252098 -0.7542084

vt 0 0
vt 1 0
vt 0 1
vt 1 1
vt 0 1
vt 1 1
vt 0 1
vt 1 1
vt 0 0
vt 1 0
vt 0 0
vt 1 0
vt 0 0
vt 0 1
vt 1 1
vt 1 0
vt 0 0
vt 0 1
vt 1 1
vt 1 0
vt 0 0
vt 0 1
vt 1 1
vt 1 0

usemtl Default-Material
usemap Default-Material
f 3/3/3 1/1/1 4/4/4
f 4/4/4 1/1/1 2/2/2
f 5/5/5 9/9/9 6/6/6
f 6/6/6 9/9/9 10/10/10
f 7/7/7 11/11/11 8/8/8
f 8/8/8 11/11/11 12/12/12
f 14/14/14 13/13/13 15/15/15
f 15/15/15 13/13/13 16/16/16
f 18/18/18 17/17/17 19/19/19
f 19/19/19 17/17/17 20/20/20
f 22/22/22 21/21/21 23/23/23
f 23/23/23 21/21/21 24/24/24
mtllib ./2000013.mtl
g Cube (126)
v -163.8297 26.41397 252.9965
v -156.7492 26.34018 258.4569
v -163.8216 31.41363 253.0536
v -156.7411 31.33985 258.5139
v -162.8108 31.42695 251.7431
v -155.7303 31.35316 257.2035
v -162.8189 26.42729 251.686
v -155.7384 26.3535 257.1464
v -163.8216 31.41363 253.0536
v -156.7411 31.33985 258.5139
v -162.8108 31.42695 251.7431
v -155.7303 31.35316 257.2035
v -162.8189 26.42729 251.686
v -163.8297 26.41397 252.9965
v -156.7492 26.34018 258.4569
v -155.7384 26.3535 257.1464
v -156.7492 26.34018 258.4569
v -156.7411 31.33985 258.5139
v -155.7303 31.35316 257.2035
v -155.7384 26.3535 257.1464
v -162.8189 26.42729 251.686
v -162.8108 31.42695 251.7431
v -163.8216 31.41363 253.0536
v -163.8297 26.41397 252.9965

vn -0.6107163 -0.008047587 0.7918085
vn -0.6107163 -0.008047587 0.7918085
vn -0.6107163 -0.008047587 0.7918085
vn -0.6107163 -0.008047587 0.7918085
vn 0.001619716 0.9999335 0.01141215
vn 0.001619716 0.9999335 0.01141215
vn 0.6107163 0.008047587 -0.7918085
vn 0.6107163 0.008047587 -0.7918085
vn 0.001619716 0.9999335 0.01141215
vn 0.001619716 0.9999335 0.01141215
vn 0.6107163 0.008047587 -0.7918085
vn 0.6107163 0.008047587 -0.7918085
vn -0.001619716 -0.9999335 -0.01141215
vn -0.001619716 -0.9999335 -0.01141215
vn -0.001619716 -0.9999335 -0.01141215
vn -0.001619716 -0.9999335 -0.01141215
vn 0.7918478 -0.008252093 0.6106626
vn 0.7918478 -0.008252093 0.6106626
vn 0.7918478 -0.008252093 0.6106626
vn 0.7918478 -0.008252093 0.6106626
vn -0.7918478 0.008252093 -0.6106626
vn -0.7918478 0.008252093 -0.6106626
vn -0.7918478 0.008252093 -0.6106626
vn -0.7918478 0.008252093 -0.6106626

vt 0 0
vt 1 0
vt 0 1
vt 1 1
vt 0 1
vt 1 1
vt 0 1
vt 1 1
vt 0 0
vt 1 0
vt 0 0
vt 1 0
vt 0 0
vt 0 1
vt 1 1
vt 1 0
vt 0 0
vt 0 1
vt 1 1
vt 1 0
vt 0 0
vt 0 1
vt 1 1
vt 1 0

usemtl Default-Material
usemap Default-Material
f 27/27/27 25/25/25 28/28/28
f 28/28/28 25/25/25 26/26/26
f 29/29/29 33/33/33 30/30/30
f 30/30/30 33/33/33 34/34/34
f 31/31/31 35/35/35 32/32/32
f 32/32/32 35/35/35 36/36/36
f 38/38/38 37/37/37 39/39/39
f 39/39/39 37/37/37 40/40/40
f 42/42/42 41/41/41 43/43/43
f 43/43/43 41/41/41 44/44/44
f 46/46/46 45/45/45 47/47/47
f 47/47/47 45/45/45 48/48/48
mtllib ./2000013.mtl
g Cube (125)
v -147.9897 26.41397 257.1365
v -140.9092 26.34018 262.5969
v -147.9816 31.41363 257.1936
v -140.9011 31.33985 262.654
v -146.9708 31.42695 255.8831
v -139.8903 31.35316 261.3435
v -146.9789 26.42729 255.826
v -139.8984 26.3535 261.2864
v -147.9816 31.41363 257.1936
v -140.9011 31.33985 262.654
v -146.9708 31.42695 255.8831
v -139.8903 31.35316 261.3435
v -146.9789 26.42729 255.826
v -147.9897 26.41397 257.1365
v -140.9092 26.34018 262.5969
v -139.8984 26.3535 261.2864
v -140.9092 26.34018 262.5969
v -140.9011 31.33985 262.654
v -139.8903 31.35316 261.3435
v -139.8984 26.3535 261.2864
v -146.9789 26.42729 255.826
v -146.9708 31.42695 255.8831
v -147.9816 31.41363 257.1936
v -147.9897 26.41397 257.1365

vn -0.6107163 -0.008047587 0.7918085
vn -0.6107163 -0.008047587 0.7918085
vn -0.6107163 -0.008047587 0.7918085
vn -0.6107163 -0.008047587 0.7918085
vn 0.001619716 0.9999335 0.01141215
vn 0.001619716 0.9999335 0.01141215
vn 0.6107163 0.008047587 -0.7918085
vn 0.6107163 0.008047587 -0.7918085
vn 0.001619716 0.9999335 0.01141215
vn 0.001619716 0.9999335 0.01141215
vn 0.6107163 0.008047587 -0.7918085
vn 0.6107163 0.008047587 -0.7918085
vn -0.001619716 -0.9999335 -0.01141215
vn -0.001619716 -0.9999335 -0.01141215
vn -0.001619716 -0.9999335 -0.01141215
vn -0.001619716 -0.9999335 -0.01141215
vn 0.7918478 -0.008252093 0.6106626
vn 0.7918478 -0.008252093 0.6106626
vn 0.7918478 -0.008252093 0.6106626
vn 0.7918478 -0.008252093 0.6106626
vn -0.7918478 0.008252093 -0.6106626
vn -0.7918478 0.008252093 -0.6106626
vn -0.7918478 0.008252093 -0.6106626
vn -0.7918478 0.008252093 -0.6106626

vt 0 0
vt 1 0
vt 0 1
vt 1 1
vt 0 1
vt 1 1
vt 0 1
vt 1 1
vt 0 0
vt 1 0
vt 0 0
vt 1 0
vt 0 0
vt 0 1
vt 1 1
vt 1 0
vt 0 0
vt 0 1
vt 1 1
vt 1 0
vt 0 0
vt 0 1
vt 1 1
vt 1 0

usemtl Default-Material
usemap Default-Material
f 51/51/51 49/49/49 52/52/52
f 52/52/52 49/49/49 50/50/50
f 53/53/53 57/57/57 54/54/54
f 54/54/54 57/57/57 58/58/58
f 55/55/55 59/59/59 56/56/56
f 56/56/56 59/59/59 60/60/60
f 62/62/62 61/61/61 63/63/63
f 63/63/63 61/61/61 64/64/64
f 66/66/66 65/65/65 67/67/67
f 67/67/67 65/65/65 68/68/68
f 70/70/70 69/69/69 71/71/71
f 71/71/71 69/69/69 72/72/72
mtllib ./2000013.mtl
g Cube (124)
v -136.2497 26.41397 243.0965
v -129.1692 26.34018 248.5569
v -136.2416 31.41363 243.1536
v -129.1611 31.33985 248.614
v -135.2308 31.42695 241.8431
v -128.1503 31.35316 247.3035
v -135.2389 26.42729 241.786
v -128.1584 26.3535 247.2464
v -136.2416 31.41363 243.1536
v -129.1611 31.33985 248.614
v -135.2308 31.42695 241.8431
v -128.1503 31.35316 247.3035
v -135.2389 26.42729 241.786
v -136.2497 26.41397 243.0965
v -129.1692 26.34018 248.5569
v -128.1584 26.3535 247.2464
v -129.1692 26.34018 248.5569
v -129.1611 31.33985 248.614
v -128.1503 31.35316 247.3035
v -128.1584 26.3535 247.2464
v -135.2389 26.42729 241.786
v -135.2308 31.42695 241.8431
v -136.2416 31.41363 243.1536
v -136.2497 26.41397 243.0965

vn -0.6107163 -0.008047587 0.7918085
vn -0.6107163 -0.008047587 0.7918085
vn -0.6107163 -0.008047587 0.7918085
vn -0.6107163 -0.008047587 0.7918085
vn 0.001619716 0.9999335 0.01141215
vn 0.001619716 0.9999335 0.01141215
vn 0.6107163 0.008047587 -0.7918085
vn 0.6107163 0.008047587 -0.7918085
vn 0.001619716 0.9999335 0.01141215
vn 0.001619716 0.9999335 0.01141215
vn 0.6107163 0.008047587 -0.7918085
vn 0.6107163 0.008047587 -0.7918085
vn -0.001619716 -0.9999335 -0.01141215
vn -0.001619716 -0.9999335 -0.01141215
vn -0.001619716 -0.9999335 -0.01141215
vn -0.001619716 -0.9999335 -0.01141215
vn 0.7918478 -0.008252093 0.6106626
vn 0.7918478 -0.008252093 0.6106626
vn 0.7918478 -0.008252093 0.6106626
vn 0.7918478 -0.008252093 0.6106626
vn -0.7918478 0.008252093 -0.6106626
vn -0.7918478 0.008252093 -0.6106626
vn -0.7918478 0.008252093 -0.6106626
vn -0.7918478 0.008252093 -0.6106626

vt 0 0
vt 1 0
vt 0 1
vt 1 1
vt 0 1
vt 1 1
vt 0 1
vt 1 1
vt 0 0
vt 1 0
vt 0 0
vt 1 0
vt 0 0
vt 0 1
vt 1 1
vt 1 0
vt 0 0
vt 0 1
vt 1 1
vt 1 0
vt 0 0
vt 0 1
vt 1 1
vt 1 0

usemtl Default-Material
usemap Default-Material
f 75/75/75 73/73/73 76/76/76
f 76/76/76 73/73/73 74/74/74
f 77/77/77 81/81/81 78/78/78
f 78/78/78 81/81/81 82/82/82
f 79/79/79 83/83/83 80/80/80
f 80/80/80 83/83/83 84/84/84
f 86/86/86 85/85/85 87/87/87
f 87/87/87 85/85/85 88/88/88
f 90/90/90 89/89/89 91/91/91
f 91/91/91 89/89/89 92/92/92
f 94/94/94 93/93/93 95/95/95
f 95/95/95 93/93/93 96/96/96
mtllib ./2000013.mtl
g Cube (123)
v -133.8997 26.41397 212.6965
v -126.8192 26.34018 218.1569
v -133.8916 31.41363 212.7536
v -126.8111 31.33985 218.214
v -132.8808 31.42695 211.4431
v -125.8003 31.35316 216.9035
v -132.8889 26.42729 211.386
v -125.8084 26.3535 216.8464
v -133.8916 31.41363 212.7536
v -126.8111 31.33985 218.214
v -132.8808 31.42695 211.4431
v -125.8003 31.35316 216.9035
v -132.8889 26.42729 211.386
v -133.8997 26.41397 212.6965
v -126.8192 26.34018 218.1569
v -125.8084 26.3535 216.8464
v -126.8192 26.34018 218.1569
v -126.8111 31.33985 218.214
v -125.8003 31.35316 216.9035
v -125.8084 26.3535 216.8464
v -132.8889 26.42729 211.386
v -132.8808 31.42695 211.4431
v -133.8916 31.41363 212.7536
v -133.8997 26.41397 212.6965

vn -0.6107163 -0.008047587 0.7918085
vn -0.6107163 -0.008047587 0.7918085
vn -0.6107163 -0.008047587 0.7918085
vn -0.6107163 -0.008047587 0.7918085
vn 0.001619716 0.9999335 0.01141215
vn 0.001619716 0.9999335 0.01141215
vn 0.6107163 0.008047587 -0.7918085
vn 0.6107163 0.008047587 -0.7918085
vn 0.001619716 0.9999335 0.01141215
vn 0.001619716 0.9999335 0.01141215
vn 0.6107163 0.008047587 -0.7918085
vn 0.6107163 0.008047587 -0.7918085
vn -0.001619716 -0.9999335 -0.01141215
vn -0.001619716 -0.9999335 -0.01141215
vn -0.001619716 -0.9999335 -0.01141215
vn -0.001619716 -0.9999335 -0.01141215
vn 0.7918478 -0.008252093 0.6106626
vn 0.7918478 -0.008252093 0.6106626
vn 0.7918478 -0.008252093 0.6106626
vn 0.7918478 -0.008252093 0.6106626
vn -0.7918478 0.008252093 -0.6106626
vn -0.7918478 0.008252093 -0.6106626
vn -0.7918478 0.008252093 -0.6106626
vn -0.7918478 0.008252093 -0.6106626

vt 0 0
vt 1 0
vt 0 1
vt 1 1
vt 0 1
vt 1 1
vt 0 1
vt 1 1
vt 0 0
vt 1 0
vt 0 0
vt 1 0
vt 0 0
vt 0 1
vt 1 1
vt 1 0
vt 0 0
vt 0 1
vt 1 1
vt 1 0
vt 0 0
vt 0 1
vt 1 1
vt 1 0

usemtl Default-Material
usemap Default-Material
f 99/99/99 97/97/97 100/100/100
f 100/100/100 97/97/97 98/98/98
f 101/101/101 105/105/105 102/102/102
f 102/102/102 105/105/105 106/106/106
f 103/103/103 107/107/107 104/104/104
f 104/104/104 107/107/107 108/108/108
f 110/110/110 109/109/109 111/111/111
f 111/111/111 109/109/109 112/112/112
f 114/114/114 113/113/113 115/115/115
f 115/115/115 113/113/113 116/116/116
f 118/118/118 117/117/117 119/119/119
f 119/119/119 117/117/117 120/120/120
mtllib ./2000013.mtl
g Cube (122)
v -100.7397 26.41397 167.6365
v -93.65918 26.34018 173.0969
v -100.7316 31.41363 167.6936
v -93.65108 31.33985 173.154
v -99.72083 31.42695 166.3831
v -92.64032 31.35316 171.8435
v -99.72893 26.42729 166.326
v -92.64841 26.3535 171.7864
v -100.7316 31.41363 167.6936
v -93.65108 31.33985 173.154
v -99.72083 31.42695 166.3831
v -92.64032 31.35316 171.8435
v -99.72893 26.42729 166.326
v -100.7397 26.41397 167.6365
v -93.65918 26.34018 173.0969
v -92.64841 26.3535 171.7864
v -93.65918 26.34018 173.0969
v -93.65108 31.33985 173.154
v -92.64032 31.35316 171.8435
v -92.64841 26.3535 171.7864
v -99.72893 26.42729 166.326
v -99.72083 31.42695 166.3831
v -100.7316 31.41363 167.6936
v -100.7397 26.41397 167.6365

vn -0.6107163 -0.008047587 0.7918085
vn -0.6107163 -0.008047587 0.7918085
vn -0.6107163 -0.008047587 0.7918085
vn -0.6107163 -0.008047587 0.7918085
vn 0.001619716 0.9999335 0.01141215
vn 0.001619716 0.9999335 0.01141215
vn 0.6107163 0.008047587 -0.7918085
vn 0.6107163 0.008047587 -0.7918085
vn 0.001619716 0.9999335 0.01141215
vn 0.001619716 0.9999335 0.01141215
vn 0.6107163 0.008047587 -0.7918085
vn 0.6107163 0.008047587 -0.7918085
vn -0.001619716 -0.9999335 -0.01141215
vn -0.001619716 -0.9999335 -0.01141215
vn -0.001619716 -0.9999335 -0.01141215
vn -0.001619716 -0.9999335 -0.01141215
vn 0.7918478 -0.008252093 0.6106626
vn 0.7918478 -0.008252093 0.6106626
vn 0.7918478 -0.008252093 0.6106626
vn 0.7918478 -0.008252093 0.6106626
vn -0.7918478 0.008252093 -0.6106626
vn -0.7918478 0.008252093 -0.6106626
vn -0.7918478 0.008252093 -0.6106626
vn -0.7918478 0.008252093 -0.6106626

vt 0 0
vt 1 0
vt 0 1
vt 1 1
vt 0 1
vt 1 1
vt 0 1
vt 1 1
vt 0 0
vt 1 0
vt 0 0
vt 1 0
vt 0 0
vt 0 1
vt 1 1
vt 1 0
vt 0 0
vt 0 1
vt 1 1
vt 1 0
vt 0 0
vt 0 1
vt 1 1
vt 1 0

usemtl Default-Material
usemap Default-Material
f 123/123/123 121/121/121 124/124/124
f 124/124/124 121/121/121 122/122/122
f 125/125/125 129/129/129 126/126/126
f 126/126/126 129/129/129 130/130/130
f 127/127/127 131/131/131 128/128/128
f 128/128/128 131/131/131 132/132/132
f 134/134/134 133/133/133 135/135/135
f 135/135/135 133/133/133 136/136/136
f 138/138/138 137/137/137 139/139/139
f 139/139/139 137/137/137 140/140/140
f 142/142/142 141/141/141 143/143/143
f 143/143/143 141/141/141 144/144/144
mtllib ./2000013.mtl
g Cube (121)
v -179.5222 27.07483 126.3411
v -178.0876 27.05618 126.7749
v -179.525 32.06982 126.5649
v -178.0904 32.05117 126.9987
v -173.9923 32.89095 108.3051
v -172.5578 32.8723 108.7389
v -173.9896 27.89596 108.0813
v -172.555 27.87731 108.5151
v -179.525 32.06982 126.5649
v -178.0904 32.05117 126.9987
v -173.9923 32.89095 108.3051
v -172.5578 32.8723 108.7389
v -173.9896 27.89596 108.0813
v -179.5222 27.07483 126.3411
v -178.0876 27.05618 126.7749
v -172.555 27.87731 108.5151
v -178.0876 27.05618 126.7749
v -178.0904 32.05117 126.9987
v -172.5578 32.8723 108.7389
v -172.555 27.87731 108.5151
v -173.9896 27.89596 108.0813
v -173.9923 32.89095 108.3051
v -179.525 32.06982 126.5649
v -179.5222 27.07483 126.3411

vn -0.289707 -0.04299698 0.9561491
vn -0.289707 -0.04299698 0.9561491
vn -0.289707 -0.04299698 0.9561491
vn -0.289707 -0.04299698 0.9561491
vn -0.0005487203 0.9989977 0.04475757
vn -0.0005487203 0.9989977 0.04475757
vn 0.289707 0.04299698 -0.9561491
vn 0.289707 0.04299698 -0.9561491
vn -0.0005487203 0.9989977 0.04475757
vn -0.0005487203 0.9989977 0.04475757
vn 0.289707 0.04299698 -0.9561491
vn 0.289707 0.04299698 -0.9561491
vn 0.0005487203 -0.9989977 -0.04475757
vn 0.0005487203 -0.9989977 -0.04475757
vn 0.0005487203 -0.9989977 -0.04475757
vn 0.0005487203 -0.9989977 -0.04475757
vn 0.9571151 -0.01244193 0.2894403
vn 0.9571151 -0.01244193 0.2894403
vn 0.9571151 -0.01244193 0.2894403
vn 0.9571151 -0.01244193 0.2894403
vn -0.9571151 0.01244193 -0.2894403
vn -0.9571151 0.01244193 -0.2894403
vn -0.9571151 0.01244193 -0.2894403
vn -0.9571151 0.01244193 -0.2894403

vt 0 0
vt 1 0
vt 0 1
vt 1 1
vt 0 1
vt 1 1
vt 0 1
vt 1 1
vt 0 0
vt 1 0
vt 0 0
vt 1 0
vt 0 0
vt 0 1
vt 1 1
vt 1 0
vt 0 0
vt 0 1
vt 1 1
vt 1 0
vt 0 0
vt 0 1
vt 1 1
vt 1 0

usemtl Default-Material
usemap Default-Material
f 147/147/147 145/145/145 148/148/148
f 148/148/148 145/145/145 146/146/146
f 149/149/149 153/153/153 150/150/150
f 150/150/150 153/153/153 154/154/154
f 151/151/151 155/155/155 152/152/152
f 152/152/152 155/155/155 156/156/156
f 158/158/158 157/157/157 159/159/159
f 159/159/159 157/157/157 160/160/160
f 162/162/162 161/161/161 163/163/163
f 163/163/163 161/161/161 164/164/164
f 166/166/166 165/165/165 167/167/167
f 167/167/167 165/165/165 168/168/168
mtllib ./2000013.mtl
g Cube (120)
v -167.6222 27.07483 90.58111
v -166.1876 27.05618 91.01494
v -167.625 32.06982 90.8049
v -166.1904 32.05117 91.23873
v -162.0923 32.89095 72.54506
v -160.6578 32.8723 72.97888
v -162.0896 27.89596 72.32127
v -160.655 27.87731 72.7551
v -167.625 32.06982 90.8049
v -166.1904 32.05117 91.23873
v -162.0923 32.89095 72.54506
v -160.6578 32.8723 72.97888
v -162.0896 27.89596 72.32127
v -167.6222 27.07483 90.58111
v -166.1876 27.05618 91.01494
v -160.655 27.87731 72.7551
v -166.1876 27.05618 91.01494
v -166.1904 32.05117 91.23873
v -160.6578 32.8723 72.97888
v -160.655 27.87731 72.7551
v -162.0896 27.89596 72.32127
v -162.0923 32.89095 72.54506
v -167.625 32.06982 90.8049
v -167.6222 27.07483 90.58111

vn -0.289707 -0.04299698 0.9561491
vn -0.289707 -0.04299698 0.9561491
vn -0.289707 -0.04299698 0.9561491
vn -0.289707 -0.04299698 0.9561491
vn -0.0005487203 0.9989977 0.04475757
vn -0.0005487203 0.9989977 0.04475757
vn 0.289707 0.04299698 -0.9561491
vn 0.289707 0.04299698 -0.9561491
vn -0.0005487203 0.9989977 0.04475757
vn -0.0005487203 0.9989977 0.04475757
vn 0.289707 0.04299698 -0.9561491
vn 0.289707 0.04299698 -0.9561491
vn 0.0005487203 -0.9989977 -0.04475757
vn 0.0005487203 -0.9989977 -0.04475757
vn 0.0005487203 -0.9989977 -0.04475757
vn 0.0005487203 -0.9989977 -0.04475757
vn 0.9571151 -0.01244193 0.2894403
vn 0.9571151 -0.01244193 0.2894403
vn 0.9571151 -0.01244193 0.2894403
vn 0.9571151 -0.01244193 0.2894403
vn -0.9571151 0.01244193 -0.2894403
vn -0.9571151 0.01244193 -0.2894403
vn -0.9571151 0.01244193 -0.2894403
vn -0.9571151 0.01244193 -0.2894403

vt 0 0
vt 1 0
vt 0 1
vt 1 1
vt 0 1
vt 1 1
vt 0 1
vt 1 1
vt 0 0
vt 1 0
vt 0 0
vt 1 0
vt 0 0
vt 0 1
vt 1 1
vt 1 0
vt 0 0
vt 0 1
vt 1 1
vt 1 0
vt 0 0
vt 0 1
vt 1 1
vt 1 0

usemtl Default-Material
usemap Default-Material
f 171/171/171 169/169/169 172/172/172
f 172/172/172 169/169/169 170/170/170
f 173/173/173 177/177/177 174/174/174
f 174/174/174 177/177/177 178/178/178
f 175/175/175 179/179/179 176/176/176
f 176/176/176 179/179/179 180/180/180
f 182/182/182 181/181/181 183/183/183
f 183/183/183 181/181/181 184/184/184
f 186/186/186 185/185/185 187/187/187
f 187/187/187 185/185/185 188/188/188
f 190/190/190 189/189/189 191/191/191
f 191/191/191 189/189/189 192/192/192
mtllib ./2000013.mtl
g Cube (119)
v -201.1828 27.07483 84.02379
v -199.8963 27.05618 84.79259
v -201.2397 32.06982 84.24023
v -199.9532 32.05117 85.00903
v -191.4437 32.89095 67.86739
v -190.1572 32.8723 68.6362
v -191.3868 27.89596 67.65096
v -190.1003 27.87731 68.41976
v -201.2397 32.06982 84.24023
v -199.9532 32.05117 85.00903
v -191.4437 32.89095 67.86739
v -190.1572 32.8723 68.6362
v -191.3868 27.89596 67.65096
v -201.1828 27.07483 84.02379
v -199.8963 27.05618 84.79259
v -190.1003 27.87731 68.41976
v -199.8963 27.05618 84.79259
v -199.9532 32.05117 85.00903
v -190.1572 32.8723 68.6362
v -190.1003 27.87731 68.41976
v -191.3868 27.89596 67.65096
v -191.4437 32.89095 67.86739
v -201.2397 32.06982 84.24023
v -201.1828 27.07483 84.02379

vn -0.5129535 -0.04299697 0.857339
vn -0.5129535 -0.04299697 0.857339
vn -0.5129535 -0.04299697 0.857339
vn -0.5129535 -0.04299697 0.857339
vn -0.01138745 0.9989977 0.04328818
vn -0.01138745 0.9989977 0.04328818
vn 0.5129535 0.04299697 -0.857339
vn 0.5129535 0.04299697 -0.857339
vn -0.01138745 0.9989977 0.04328818
vn -0.01138745 0.9989977 0.04328818
vn 0.5129535 0.04299697 -0.857339
vn 0.5129535 0.04299697 -0.857339
vn 0.01138745 -0.9989977 -0.04328818
vn 0.01138745 -0.9989977 -0.04328818
vn 0.01138745 -0.9989977 -0.04328818
vn 0.01138745 -0.9989977 -0.04328818
vn 0.8583409 -0.01244192 0.5129289
vn 0.8583409 -0.01244192 0.5129289
vn 0.8583409 -0.01244192 0.5129289
vn 0.8583409 -0.01244192 0.5129289
vn -0.8583409 0.01244192 -0.5129289
vn -0.8583409 0.01244192 -0.5129289
vn -0.8583409 0.01244192 -0.5129289
vn -0.8583409 0.01244192 -0.5129289

vt 0 0
vt 1 0
vt 0 1
vt 1 1
vt 0 1
vt 1 1
vt 0 1
vt 1 1
vt 0 0
vt 1 0
vt 0 0
vt 1 0
vt 0 0
vt 0 1
vt 1 1
vt 1 0
vt 0 0
vt 0 1
vt 1 1
vt 1 0
vt 0 0
vt 0 1
vt 1 1
vt 1 0

usemtl Default-Material
usemap Default-Material
f 195/195/195 193/193/193 196/196/196
f 196/196/196 193/193/193 194/194/194
f 197/197/197 201/201/201 198/198/198
f 198/198/198 201/201/201 202/202/202
f 199/199/199 203/203/203 200/200/200
f 200/200/200 203/203/203 204/204/204
f 206/206/206 205/205/205 207/207/207
f 207/207/207 205/205/205 208/208/208
f 210/210/210 209/209/209 211/211/211
f 211/211/211 209/209/209 212/212/212
f 214/214/214 213/213/213 215/215/215
f 215/215/215 213/213/213 216/216/216
mtllib ./2000013.mtl
g Cube (118)
v -211.6137 27.07483 111.3152
v -210.2209 27.05618 111.8688
v -211.6354 32.06982 111.538
v -210.2426 32.05117 112.0915
v -204.579 32.89095 93.81119
v -203.1862 32.8723 94.36474
v -204.5574 27.89596 93.58844
v -203.1646 27.87731 94.14198
v -211.6354 32.06982 111.538
v -210.2426 32.05117 112.0915
v -204.579 32.89095 93.81119
v -203.1862 32.8723 94.36474
v -204.5574 27.89596 93.58844
v -211.6137 27.07483 111.3152
v -210.2209 27.05618 111.8688
v -203.1646 27.87731 94.14198
v -210.2209 27.05618 111.8688
v -210.2426 32.05117 112.0915
v -203.1862 32.8723 94.36474
v -203.1646 27.87731 94.14198
v -204.5574 27.89596 93.58844
v -204.579 32.89095 93.81119
v -211.6354 32.06982 111.538
v -211.6137 27.07483 111.3152

vn -0.3694954 -0.04299698 0.9282373
vn -0.3694954 -0.04299698 0.9282373
vn -0.3694954 -0.04299698 0.9282373
vn -0.3694954 -0.04299698 0.9282373
vn -0.004330212 0.9989977 0.04455099
vn -0.004330212 0.9989977 0.04455099
vn 0.3694954 0.04299698 -0.9282373
vn 0.3694954 0.04299698 -0.9282373
vn -0.004330212 0.9989977 0.04455099
vn -0.004330212 0.9989977 0.04455099
vn 0.3694954 0.04299698 -0.9282373
vn 0.3694954 0.04299698 -0.9282373
vn 0.004330212 -0.9989977 -0.04455099
vn 0.004330212 -0.9989977 -0.04455099
vn 0.004330212 -0.9989977 -0.04455099
vn 0.004330212 -0.9989977 -0.04455099
vn 0.9292226 -0.01244193 0.3693112
vn 0.9292226 -0.01244193 0.3693112
vn 0.9292226 -0.01244193 0.3693112
vn 0.9292226 -0.01244193 0.3693112
vn -0.9292226 0.01244193 -0.3693112
vn -0.9292226 0.01244193 -0.3693112
vn -0.9292226 0.01244193 -0.3693112
vn -0.9292226 0.01244193 -0.3693112

vt 0 0
vt 1 0
vt 0 1
vt 1 1
vt 0 1
vt 1 1
vt 0 1
vt 1 1
vt 0 0
vt 1 0
vt 0 0
vt 1 0
vt 0 0
vt 0 1
vt 1 1
vt 1 0
vt 0 0
vt 0 1
vt 1 1
vt 1 0
vt 0 0
vt 0 1
vt 1 1
vt 1 0

usemtl Default-Material
usemap Default-Material
f 219/219/219 217/217/217 220/220/220
f 220/220/220 217/217/217 218/218/218
f 221/221/221 225/225/225 222/222/222
f 222/222/222 225/225/225 226/226/226
f 223/223/223 227/227/227 224/224/224
f 224/224/224 227/227/227 228/228/228
f 230/230/230 229/229/229 231/231/231
f 231/231/231 229/229/229 232/232/232
f 234/234/234 233/233/233 235/235/235
f 235/235/235 233/233/233 236/236/236
f 238/238/238 237/237/237 239/239/239
f 239/239/239 237/237/237 240/240/240
mtllib ./2000013.mtl
g Cube (117)
v -261.0755 27.37664 63.04002
v -255.012 27.5379 68.1118
v -261.1658 32.37556 62.98903
v -255.1023 32.53683 68.06081
v -255.4279 32.40923 56.12817
v -249.3645 32.5705 61.19995
v -255.3376 27.41031 56.17916
v -249.2742 27.57157 61.25094
v -261.1658 32.37556 62.98903
v -255.1023 32.53683 68.06081
v -255.4279 32.40923 56.12817
v -249.3645 32.5705 61.19995
v -255.3376 27.41031 56.17916
v -261.0755 27.37664 63.04002
v -255.012 27.5379 68.1118
v -249.2742 27.57157 61.25094
v -255.012 27.5379 68.1118
v -255.1023 32.53683 68.06081
v -249.3645 32.5705 61.19995
v -249.2742 27.57157 61.25094
v -255.3376 27.41031 56.17916
v -255.4279 32.40923 56.12817
v -261.1658 32.37556 62.98903
v -261.0755 27.37664 63.04002

vn -0.6415296 -0.003764196 0.7670889
vn -0.6415296 -0.003764196 0.7670889
vn -0.6415296 -0.003764196 0.7670889
vn -0.6415296 -0.003764196 0.7670889
vn -0.0180604 0.9997849 -0.01019816
vn -0.0180604 0.9997849 -0.01019816
vn 0.6415296 0.003764196 -0.7670889
vn 0.6415296 0.003764196 -0.7670889
vn -0.0180604 0.9997849 -0.01019816
vn -0.0180604 0.9997849 -0.01019816
vn 0.6415296 0.003764196 -0.7670889
vn 0.6415296 0.003764196 -0.7670889
vn 0.0180604 -0.9997849 0.01019816
vn 0.0180604 -0.9997849 0.01019816
vn 0.0180604 -0.9997849 0.01019816
vn 0.0180604 -0.9997849 0.01019816
vn 0.7668856 0.02039636 0.6414595
vn 0.7668856 0.02039636 0.6414595
vn 0.7668856 0.02039636 0.6414595
vn 0.7668856 0.02039636 0.6414595
vn -0.7668856 -0.02039636 -0.6414595
vn -0.7668856 -0.02039636 -0.6414595
vn -0.7668856 -0.02039636 -0.6414595
vn -0.7668856 -0.02039636 -0.6414595

vt 0 0
vt 1 0
vt 0 1
vt 1 1
vt 0 1
vt 1 1
vt 0 1
vt 1 1
vt 0 0
vt 1 0
vt 0 0
vt 1 0
vt 0 0
vt 0 1
vt 1 1
vt 1 0
vt 0 0
vt 0 1
vt 1 1
vt 1 0
vt 0 0
vt 0 1
vt 1 1
vt 1 0

usemtl Default-Material
usemap Default-Material
f 243/243/243 241/241/241 244/244/244
f 244/244/244 241/241/241 242/242/242
f 245/245/245 249/249/249 246/246/246
f 246/246/246 249/249/249 250/250/250
f 247/247/247 251/251/251 248/248/248
f 248/248/248 251/251/251 252/252/252
f 254/254/254 253/253/253 255/255/255
f 255/255/255 253/253/253 256/256/256
f 258/258/258 257/257/257 259/259/259
f 259/259/259 257/257/257 260/260/260
f 262/262/262 261/261/261 263/263/263
f 263/263/263 261/261/261 264/264/264
mtllib ./2000013.mtl
g Cube (116)
v -237.4355 27.37664 53.98003
v -231.372 27.5379 59.05181
v -237.5258 32.37556 53.92904
v -231.4623 32.53683 59.00082
v -231.7879 32.40923 47.06818
v -225.7245 32.5705 52.13996
v -231.6976 27.41031 47.11917
v -225.6342 27.57157 52.19095
v -237.5258 32.37556 53.92904
v -231.4623 32.53683 59.00082
v -231.7879 32.40923 47.06818
v -225.7245 32.5705 52.13996
v -231.6976 27.41031 47.11917
v -237.4355 27.37664 53.98003
v -231.372 27.5379 59.05181
v -225.6342 27.57157 52.19095
v -231.372 27.5379 59.05181
v -231.4623 32.53683 59.00082
v -225.7245 32.5705 52.13996
v -225.6342 27.57157 52.19095
v -231.6976 27.41031 47.11917
v -231.7879 32.40923 47.06818
v -237.5258 32.37556 53.92904
v -237.4355 27.37664 53.98003

vn -0.6415296 -0.003764196 0.7670889
vn -0.6415296 -0.003764196 0.7670889
vn -0.6415296 -0.003764196 0.7670889
vn -0.6415296 -0.003764196 0.7670889
vn -0.0180604 0.9997849 -0.01019816
vn -0.0180604 0.9997849 -0.01019816
vn 0.6415296 0.003764196 -0.7670889
vn 0.6415296 0.003764196 -0.7670889
vn -0.0180604 0.9997849 -0.01019816
vn -0.0180604 0.9997849 -0.01019816
vn 0.6415296 0.003764196 -0.7670889
vn 0.6415296 0.003764196 -0.7670889
vn 0.0180604 -0.9997849 0.01019816
vn 0.0180604 -0.9997849 0.01019816
vn 0.0180604 -0.9997849 0.01019816
vn 0.0180604 -0.9997849 0.01019816
vn 0.7668856 0.02039636 0.6414595
vn 0.7668856 0.02039636 0.6414595
vn 0.7668856 0.02039636 0.6414595
vn 0.7668856 0.02039636 0.6414595
vn -0.7668856 -0.02039636 -0.6414595
vn -0.7668856 -0.02039636 -0.6414595
vn -0.7668856 -0.02039636 -0.6414595
vn -0.7668856 -0.02039636 -0.6414595

vt 0 0
vt 1 0
vt 0 1
vt 1 1
vt 0 1
vt 1 1
vt 0 1
vt 1 1
vt 0 0
vt 1 0
vt 0 0
vt 1 0
vt 0 0
vt 0 1
vt 1 1
vt 1 0
vt 0 0
vt 0 1
vt 1 1
vt 1 0
vt 0 0
vt 0 1
vt 1 1
vt 1 0

usemtl Default-Material
usemap Default-Material
f 267/267/267 265/265/265 268/268/268
f 268/268/268 265/265/265 266/266/266
f 269/269/269 273/273/273 270/270/270
f 270/270/270 273/273/273 274/274/274
f 271/271/271 275/275/275 272/272/272
f 272/272/272 275/275/275 276/276/276
f 278/278/278 277/277/277 279/279/279
f 279/279/279 277/277/277 280/280/280
f 282/282/282 281/281/281 283/283/283
f 283/283/283 281/281/281 284/284/284
f 286/286/286 285/285/285 287/287/287
f 287/287/287 285/285/285 288/288/288
mtllib ./2000013.mtl
g Cube (115)
v -245.9194 27.25551 94.09844
v -231.8622 27.62938 105.8566
v -246.0097 32.25443 94.04745
v -231.9525 32.6283 105.8056
v -235.2178 32.31775 81.1434
v -221.1606 32.69163 92.90154
v -235.1275 27.31883 81.1944
v -221.0703 27.6927 92.95253
v -246.0097 32.25443 94.04745
v -231.9525 32.6283 105.8056
v -235.2178 32.31775 81.1434
v -221.1606 32.69163 92.90154
v -235.1275 27.31883 81.1944
v -245.9194 27.25551 94.09844
v -231.8622 27.62938 105.8566
v -221.0703 27.6927 92.95253
v -231.8622 27.62938 105.8566
v -231.9525 32.6283 105.8056
v -221.1606 32.69163 92.90154
v -221.0703 27.6927 92.95253
v -235.1275 27.31883 81.1944
v -235.2178 32.31775 81.1434
v -246.0097 32.25443 94.04745
v -245.9194 27.25551 94.09844

vn -0.6415296 -0.003764196 0.7670889
vn -0.6415296 -0.003764196 0.7670889
vn -0.6415296 -0.003764196 0.7670889
vn -0.6415296 -0.003764196 0.7670889
vn -0.0180604 0.9997849 -0.01019816
vn -0.0180604 0.9997849 -0.01019816
vn 0.6415296 0.003764196 -0.7670889
vn 0.6415296 0.003764196 -0.7670889
vn -0.0180604 0.9997849 -0.01019816
vn -0.0180604 0.9997849 -0.01019816
vn 0.6415296 0.003764196 -0.7670889
vn 0.6415296 0.003764196 -0.7670889
vn 0.0180604 -0.9997849 0.01019816
vn 0.0180604 -0.9997849 0.01019816
vn 0.0180604 -0.9997849 0.01019816
vn 0.0180604 -0.9997849 0.01019816
vn 0.7668856 0.02039636 0.6414595
vn 0.7668856 0.02039636 0.6414595
vn 0.7668856 0.02039636 0.6414595
vn 0.7668856 0.02039636 0.6414595
vn -0.7668856 -0.02039636 -0.6414595
vn -0.7668856 -0.02039636 -0.6414595
vn -0.7668856 -0.02039636 -0.6414595
vn -0.7668856 -0.02039636 -0.6414595

vt 0 0
vt 1 0
vt 0 1
vt 1 1
vt 0 1
vt 1 1
vt 0 1
vt 1 1
vt 0 0
vt 1 0
vt 0 0
vt 1 0
vt 0 0
vt 0 1
vt 1 1
vt 1 0
vt 0 0
vt 0 1
vt 1 1
vt 1 0
vt 0 0
vt 0 1
vt 1 1
vt 1 0

usemtl Default-Material
usemap Default-Material
f 291/291/291 289/289/289 292/292/292
f 292/292/292 289/289/289 290/290/290
f 293/293/293 297/297/297 294/294/294
f 294/294/294 297/297/297 298/298/298
f 295/295/295 299/299/299 296/296/296
f 296/296/296 299/299/299 300/300/300
f 302/302/302 301/301/301 303/303/303
f 303/303/303 301/301/301 304/304/304
f 306/306/306 305/305/305 307/307/307
f 307/307/307 305/305/305 308/308/308
f 310/310/310 309/309/309 311/311/311
f 311/311/311 309/309/309 312/312/312
mtllib ./2000013.mtl
g Cube (114)
v -234.6794 27.47357 11.35556
v -249.1166 27.47357 24.13752
v -234.6794 32.47356 11.35556
v -249.1166 32.47356 24.13752
v -228.2634 32.47356 18.60246
v -242.7006 32.47356 31.38443
v -228.2634 27.47357 18.60246
v -242.7006 27.47357 31.38443
v -234.6794 32.47356 11.35556
v -249.1166 32.47356 24.13752
v -228.2634 32.47356 18.60246
v -242.7006 32.47356 31.38443
v -228.2634 27.47357 18.60246
v -234.6794 27.47357 11.35556
v -249.1166 27.47357 24.13752
v -242.7006 27.47357 31.38443
v -249.1166 27.47357 24.13752
v -249.1166 32.47356 24.13752
v -242.7006 32.47356 31.38443
v -242.7006 27.47357 31.38443
v -228.2634 27.47357 18.60246
v -228.2634 32.47356 18.60246
v -234.6794 32.47356 11.35556
v -234.6794 27.47357 11.35556

vn -0.6628817 0 -0.7487241
vn -0.6628817 0 -0.7487241
vn -0.6628817 0 -0.7487241
vn -0.6628817 0 -0.7487241
vn 0 1 0
vn 0 1 0
vn 0.6628817 0 0.7487241
vn 0.6628817 0 0.7487241
vn 0 1 0
vn 0 1 0
vn 0.6628817 0 0.7487241
vn 0.6628817 0 0.7487241
vn 0 -1 0
vn 0 -1 0
vn 0 -1 0
vn 0 -1 0
vn -0.7487241 0 0.6628817
vn -0.7487241 0 0.6628817
vn -0.7487241 0 0.6628817
vn -0.7487241 0 0.6628817
vn 0.7487241 0 -0.6628817
vn 0.7487241 0 -0.6628817
vn 0.7487241 0 -0.6628817
vn 0.7487241 0 -0.6628817

vt 0 0
vt 1 0
vt 0 1
vt 1 1
vt 0 1
vt 1 1
vt 0 1
vt 1 1
vt 0 0
vt 1 0
vt 0 0
vt 1 0
vt 0 0
vt 0 1
vt 1 1
vt 1 0
vt 0 0
vt 0 1
vt 1 1
vt 1 0
vt 0 0
vt 0 1
vt 1 1
vt 1 0

usemtl Default-Material
usemap Default-Material
f 315/315/315 313/313/313 316/316/316
f 316/316/316 313/313/313 314/314/314
f 317/317/317 321/321/321 318/318/318
f 318/318/318 321/321/321 322/322/322
f 319/319/319 323/323/323 320/320/320
f 320/320/320 323/323/323 324/324/324
f 326/326/326 325/325/325 327/327/327
f 327/327/327 325/325/325 328/328/328
f 330/330/330 329/329/329 331/331/331
f 331/331/331 329/329/329 332/332/332
f 334/334/334 333/333/333 335/335/335
f 335/335/335 333/333/333 336/336/336
mtllib ./2000013.mtl
g Cube (90)
v -205.3897 27.47357 -18.40003
v -224.5646 27.47357 -1.423584
v -205.3897 32.47356 -18.40003
v -224.5646 32.47356 -1.423584
v -202.0753 32.47356 -14.65641
v -221.2502 32.47356 2.320038
v -202.0753 27.47357 -14.65641
v -221.2502 27.47357 2.320038
v -205.3897 32.47356 -18.40003
v -224.5646 32.47356 -1.423584
v -202.0753 32.47356 -14.65641
v -221.2502 32.47356 2.320038
v -202.0753 27.47357 -14.65641
v -205.3897 27.47357 -18.40003
v -224.5646 27.47357 -1.423584
v -221.2502 27.47357 2.320038
v -224.5646 27.47357 -1.423584
v -224.5646 32.47356 -1.423584
v -221.2502 32.47356 2.320038
v -221.2502 27.47357 2.320038
v -202.0753 27.47357 -14.65641
v -202.0753 32.47356 -14.65641
v -205.3897 32.47356 -18.40003
v -205.3897 27.47357 -18.40003

vn -0.6628817 0 -0.7487241
vn -0.6628817 0 -0.7487241
vn -0.6628817 0 -0.7487241
vn -0.6628817 0 -0.7487241
vn 0 1 0
vn 0 1 0
vn 0.6628817 0 0.7487241
vn 0.6628817 0 0.7487241
vn 0 1 0
vn 0 1 0
vn 0.6628817 0 0.7487241
vn 0.6628817 0 0.7487241
vn 0 -1 0
vn 0 -1 0
vn 0 -1 0
vn 0 -1 0
vn -0.7487241 0 0.6628817
vn -0.7487241 0 0.6628817
vn -0.7487241 0 0.6628817
vn -0.7487241 0 0.6628817
vn 0.7487241 0 -0.6628817
vn 0.7487241 0 -0.6628817
vn 0.7487241 0 -0.6628817
vn 0.7487241 0 -0.6628817

vt 0 0
vt 1 0
vt 0 1
vt 1 1
vt 0 1
vt 1 1
vt 0 1
vt 1 1
vt 0 0
vt 1 0
vt 0 0
vt 1 0
vt 0 0
vt 0 1
vt 1 1
vt 1 0
vt 0 0
vt 0 1
vt 1 1
vt 1 0
vt 0 0
vt 0 1
vt 1 1
vt 1 0

usemtl Default-Material
usemap Default-Material
f 339/339/339 337/337/337 340/340/340
f 340/340/340 337/337/337 338/338/338
f 341/341/341 345/345/345 342/342/342
f 342/342/342 345/345/345 346/346/346
f 343/343/343 347/347/347 344/344/344
f 344/344/344 347/347/347 348/348/348
f 350/350/350 349/349/349 351/351/351
f 351/351/351 349/349/349 352/352/352
f 354/354/354 353/353/353 355/355/355
f 355/355/355 353/353/353 356/356/356
f 358/358/358 357/357/357 359/359/359
f 359/359/359 357/357/357 360/360/360
mtllib ./2000013.mtl
g Cube (113)
v -200.1362 27.47357 25.93179
v -207.1158 27.47357 19.53419
v -200.1362 32.47356 25.93179
v -207.1158 32.47356 19.53419
v -199.3241 32.47356 25.04581
v -206.3037 32.47356 18.64822
v -199.3241 27.47357 25.04581
v -206.3037 27.47357 18.64822
v -200.1362 32.47356 25.93179
v -207.1158 32.47356 19.53419
v -199.3241 32.47356 25.04581
v -206.3037 32.47356 18.64822
v -199.3241 27.47357 25.04581
v -200.1362 27.47357 25.93179
v -207.1158 27.47357 19.53419
v -206.3037 27.47357 18.64822
v -207.1158 27.47357 19.53419
v -207.1158 32.47356 19.53419
v -206.3037 32.47356 18.64822
v -206.3037 27.47357 18.64822
v -199.3241 27.47357 25.04581
v -199.3241 32.47356 25.04581
v -200.1362 32.47356 25.93179
v -200.1362 27.47357 25.93179

vn 0.6757034 0 -0.7371735
vn 0.6757034 0 -0.7371735
vn 0.6757034 0 -0.7371735
vn 0.6757034 0 -0.7371735
vn 0 1 0
vn 0 1 0
vn -0.6757034 0 0.7371735
vn -0.6757034 0 0.7371735
vn 0 1 0
vn 0 1 0
vn -0.6757034 0 0.7371735
vn -0.6757034 0 0.7371735
vn 0 -1 0
vn 0 -1 0
vn 0 -1 0
vn 0 -1 0
vn -0.7371735 0 -0.6757034
vn -0.7371735 0 -0.6757034
vn -0.7371735 0 -0.6757034
vn -0.7371735 0 -0.6757034
vn 0.7371735 0 0.6757034
vn 0.7371735 0 0.6757034
vn 0.7371735 0 0.6757034
vn 0.7371735 0 0.6757034

vt 0 0
vt 1 0
vt 0 1
vt 1 1
vt 0 1
vt 1 1
vt 0 1
vt 1 1
vt 0 0
vt 1 0
vt 0 0
vt 1 0
vt 0 0
vt 0 1
vt 1 1
vt 1 0
vt 0 0
vt 0 1
vt 1 1
vt 1 0
vt 0 0
vt 0 1
vt 1 1
vt 1 0

usemtl Default-Material
usemap Default-Material
f 363/363/363 361/361/361 364/364/364
f 364/364/364 361/361/361 362/362/362
f 365/365/365 369/369/369 366/366/366
f 366/366/366 369/369/369 370/370/370
f 367/367/367 371/371/371 368/368/368
f 368/368/368 371/371/371 372/372/372
f 374/374/374 373/373/373 375/375/375
f 375/375/375 373/373/373 376/376/376
f 378/378/378 377/377/377 379/379/379
f 379/379/379 377/377/377 380/380/380
f 382/382/382 381/381/381 383/383/383
f 383/383/383 381/381/381 384/384/384
mtllib ./2000013.mtl
g Cube (112)
v -218.3207 27.47357 6.951317
v -224.2375 27.47357 -0.4402618
v -218.3207 32.47356 6.951317
v -224.2375 32.47356 -0.4402618
v -217.3824 32.47356 6.200256
v -223.2993 32.47356 -1.191322
v -217.3824 27.47357 6.200256
v -223.2993 27.47357 -1.191322
v -218.3207 32.47356 6.951317
v -224.2375 32.47356 -0.4402618
v -217.3824 32.47356 6.200256
v -223.2993 32.47356 -1.191322
v -217.3824 27.47357 6.200256
v -218.3207 27.47357 6.951317
v -224.2375 27.47357 -0.4402618
v -223.2993 27.47357 -1.191322
v -224.2375 27.47357 -0.4402618
v -224.2375 32.47356 -0.4402618
v -223.2993 32.47356 -1.191322
v -223.2993 27.47357 -1.191322
v -217.3824 27.47357 6.200256
v -217.3824 32.47356 6.200256
v -218.3207 32.47356 6.951317
v -218.3207 27.47357 6.951317

vn 0.7806859 0 -0.6249236
vn 0.7806859 0 -0.6249236
vn 0.7806859 0 -0.6249236
vn 0.7806859 0 -0.6249236
vn 0 1 0
vn 0 1 0
vn -0.7806859 0 0.6249236
vn -0.7806859 0 0.6249236
vn 0 1 0
vn 0 1 0
vn -0.7806859 0 0.6249236
vn -0.7806859 0 0.6249236
vn 0 -1 0
vn 0 -1 0
vn 0 -1 0
vn 0 -1 0
vn -0.6249236 0 -0.7806859
vn -0.6249236 0 -0.7806859
vn -0.6249236 0 -0.7806859
vn -0.6249236 0 -0.7806859
vn 0.6249236 0 0.7806859
vn 0.6249236 0 0.7806859
vn 0.6249236 0 0.7806859
vn 0.6249236 0 0.7806859

vt 0 0
vt 1 0
vt 0 1
vt 1 1
vt 0 1
vt 1 1
vt 0 1
vt 1 1
vt 0 0
vt 1 0
vt 0 0
vt 1 0
vt 0 0
vt 0 1
vt 1 1
vt 1 0
vt 0 0
vt 0 1
vt 1 1
vt 1 0
vt 0 0
vt 0 1
vt 1 1
vt 1 0

usemtl Default-Material
usemap Default-Material
f 387/387/387 385/385/385 388/388/388
f 388/388/388 385/385/385 386/386/386
f 389/389/389 393/393/393 390/390/390
f 390/390/390 393/393/393 394/394/394
f 391/391/391 395/395/395 392/392/392
f 392/392/392 395/395/395 396/396/396
f 398/398/398 397/397/397 399/399/399
f 399/399/399 397/397/397 400/400/400
f 402/402/402 401/401/401 403/403/403
f 403/403/403 401/401/401 404/404/404
f 406/406/406 405/405/405 407/407/407
f 407/407/407 405/405/405 408/408/408
mtllib ./2000013.mtl
g Cube (111)
v -198.196 27.47357 -9.196465
v -204.9112 27.47357 -15.87113
v -198.196 32.47356 -9.196465
v -204.9112 32.47356 -15.87113
v -197.3488 32.47356 -10.04887
v -204.0639 32.47356 -16.72352
v -197.3488 27.47357 -10.04887
v -204.0639 27.47357 -16.72352
v -198.196 32.47356 -9.196465
v -204.9112 32.47356 -15.87113
v -197.3488 32.47356 -10.04887
v -204.0639 32.47356 -16.72352
v -197.3488 27.47357 -10.04887
v -198.196 27.47357 -9.196465
v -204.9112 27.47357 -15.87113
v -204.0639 27.47357 -16.72352
v -204.9112 27.47357 -15.87113
v -204.9112 32.47356 -15.87113
v -204.0639 32.47356 -16.72352
v -204.0639 27.47357 -16.72352
v -197.3488 27.47357 -10.04887
v -197.3488 32.47356 -10.04887
v -198.196 32.47356 -9.196465
v -198.196 27.47357 -9.196465

vn 0.7049663 0 -0.7092409
vn 0.7049663 0 -0.7092409
vn 0.7049663 0 -0.7092409
vn 0.7049663 0 -0.7092409
vn 0 1 0
vn 0 1 0
vn -0.7049663 0 0.7092409
vn -0.7049663 0 0.7092409
vn 0 1 0
vn 0 1 0
vn -0.7049663 0 0.7092409
vn -0.7049663 0 0.7092409
vn 0 -1 0
vn 0 -1 0
vn 0 -1 0
vn 0 -1 0
vn -0.7092409 0 -0.7049663
vn -0.7092409 0 -0.7049663
vn -0.7092409 0 -0.7049663
vn -0.7092409 0 -0.7049663
vn 0.7092409 0 0.7049663
vn 0.7092409 0 0.7049663
vn 0.7092409 0 0.7049663
vn 0.7092409 0 0.7049663

vt 0 0
vt 1 0
vt 0 1
vt 1 1
vt 0 1
vt 1 1
vt 0 1
vt 1 1
vt 0 0
vt 1 0
vt 0 0
vt 1 0
vt 0 0
vt 0 1
vt 1 1
vt 1 0
vt 0 0
vt 0 1
vt 1 1
vt 1 0
vt 0 0
vt 0 1
vt 1 1
vt 1 0

usemtl Default-Material
usemap Default-Material
f 411/411/411 409/409/409 412/412/412
f 412/412/412 409/409/409 410/410/410
f 413/413/413 417/417/417 414/414/414
f 414/414/414 417/417/417 418/418/418
f 415/415/415 419/419/419 416/416/416
f 416/416/416 419/419/419 420/420/420
f 422/422/422 421/421/421 423/423/423
f 423/423/423 421/421/421 424/424/424
f 426/426/426 425/425/425 427/427/427
f 427/427/427 425/425/425 428/428/428
f 430/430/430 429/429/429 431/431/431
f 431/431/431 429/429/429 432/432/432
mtllib ./2000013.mtl
g Cube (110)
v -168.816 27.47357 -8.676468
v -175.5312 27.47357 -15.35114
v -168.816 32.47356 -8.676468
v -175.5312 32.47356 -15.35114
v -167.9688 32.47356 -9.528862
v -174.6839 32.47356 -16.20352
v -167.9688 27.47357 -9.528862
v -174.6839 27.47357 -16.20352
v -168.816 32.47356 -8.676468
v -175.5312 32.47356 -15.35114
v -167.9688 32.47356 -9.528862
v -174.6839 32.47356 -16.20352
v -167.9688 27.47357 -9.528862
v -168.816 27.47357 -8.676468
v -175.5312 27.47357 -15.35114
v -174.6839 27.47357 -16.20352
v -175.5312 27.47357 -15.35114
v -175.5312 32.47356 -15.35114
v -174.6839 32.47356 -16.20352
v -174.6839 27.47357 -16.20352
v -167.9688 27.47357 -9.528862
v -167.9688 32.47356 -9.528862
v -168.816 32.47356 -8.676468
v -168.816 27.47357 -8.676468

vn 0.7049663 0 -0.7092409
vn 0.7049663 0 -0.7092409
vn 0.7049663 0 -0.7092409
vn 0.7049663 0 -0.7092409
vn 0 1 0
vn 0 1 0
vn -0.7049663 0 0.7092409
vn -0.7049663 0 0.7092409
vn 0 1 0
vn 0 1 0
vn -0.7049663 0 0.7092409
vn -0.7049663 0 0.7092409
vn 0 -1 0
vn 0 -1 0
vn 0 -1 0
vn 0 -1 0
vn -0.7092409 0 -0.7049663
vn -0.7092409 0 -0.7049663
vn -0.7092409 0 -0.7049663
vn -0.7092409 0 -0.7049663
vn 0.7092409 0 0.7049663
vn 0.7092409 0 0.7049663
vn 0.7092409 0 0.7049663
vn 0.7092409 0 0.7049663

vt 0 0
vt 1 0
vt 0 1
vt 1 1
vt 0 1
vt 1 1
vt 0 1
vt 1 1
vt 0 0
vt 1 0
vt 0 0
vt 1 0
vt 0 0
vt 0 1
vt 1 1
vt 1 0
vt 0 0
vt 0 1
vt 1 1
vt 1 0
vt 0 0
vt 0 1
vt 1 1
vt 1 0

usemtl Default-Material
usemap Default-Material
f 435/435/435 433/433/433 436/436/436
f 436/436/436 433/433/433 434/434/434
f 437/437/437 441/441/441 438/438/438
f 438/438/438 441/441/441 442/442/442
f 439/439/439 443/443/443 440/440/440
f 440/440/440 443/443/443 444/444/444
f 446/446/446 445/445/445 447/447/447
f 447/447/447 445/445/445 448/448/448
f 450/450/450 449/449/449 451/451/451
f 451/451/451 449/449/449 452/452/452
f 454/454/454 453/453/453 455/455/455
f 455/455/455 453/453/453 456/456/456
mtllib ./2000013.mtl
g Cube (109)
v -168.816 27.47357 -8.676468
v -175.5312 27.47357 -15.35114
v -168.816 32.47356 -8.676468
v -175.5312 32.47356 -15.35114
v -167.9688 32.47356 -9.528862
v -174.6839 32.47356 -16.20352
v -167.9688 27.47357 -9.528862
v -174.6839 27.47357 -16.20352
v -168.816 32.47356 -8.676468
v -175.5312 32.47356 -15.35114
v -167.9688 32.47356 -9.528862
v -174.6839 32.47356 -16.20352
v -167.9688 27.47357 -9.528862
v -168.816 27.47357 -8.676468
v -175.5312 27.47357 -15.35114
v -174.6839 27.47357 -16.20352
v -175.5312 27.47357 -15.35114
v -175.5312 32.47356 -15.35114
v -174.6839 32.47356 -16.20352
v -174.6839 27.47357 -16.20352
v -167.9688 27.47357 -9.528862
v -167.9688 32.47356 -9.528862
v -168.816 32.47356 -8.676468
v -168.816 27.47357 -8.676468

vn 0.7049663 0 -0.7092409
vn 0.7049663 0 -0.7092409
vn 0.7049663 0 -0.7092409
vn 0.7049663 0 -0.7092409
vn 0 1 0
vn 0 1 0
vn -0.7049663 0 0.7092409
vn -0.7049663 0 0.7092409
vn 0 1 0
vn 0 1 0
vn -0.7049663 0 0.7092409
vn -0.7049663 0 0.7092409
vn 0 -1 0
vn 0 -1 0
vn 0 -1 0
vn 0 -1 0
vn -0.7092409 0 -0.7049663
vn -0.7092409 0 -0.7049663
vn -0.7092409 0 -0.7049663
vn -0.7092409 0 -0.7049663
vn 0.7092409 0 0.7049663
vn 0.7092409 0 0.7049663
vn 0.7092409 0 0.7049663
vn 0.7092409 0 0.7049663

vt 0 0
vt 1 0
vt 0 1
vt 1 1
vt 0 1
vt 1 1
vt 0 1
vt 1 1
vt 0 0
vt 1 0
vt 0 0
vt 1 0
vt 0 0
vt 0 1
vt 1 1
vt 1 0
vt 0 0
vt 0 1
vt 1 1
vt 1 0
vt 0 0
vt 0 1
vt 1 1
vt 1 0

usemtl Default-Material
usemap Default-Material
f 459/459/459 457/457/457 460/460/460
f 460/460/460 457/457/457 458/458/458
f 461/461/461 465/465/465 462/462/462
f 462/462/462 465/465/465 466/466/466
f 463/463/463 467/467/467 464/464/464
f 464/464/464 467/467/467 468/468/468
f 470/470/470 469/469/469 471/471/471
f 471/471/471 469/469/469 472/472/472
f 474/474/474 473/473/473 475/475/475
f 475/475/475 473/473/473 476/476/476
f 478/478/478 477/477/477 479/479/479
f 479/479/479 477/477/477 480/480/480
mtllib ./2000013.mtl
g Cube (108)
v -176.126 27.47357 -32.74645
v -182.8412 27.47357 -39.42112
v -176.126 32.47356 -32.74645
v -182.8412 32.47356 -39.42112
v -175.2788 32.47356 -33.59885
v -181.9939 32.47356 -40.27352
v -175.2788 27.47357 -33.59885
v -181.9939 27.47357 -40.27352
v -176.126 32.47356 -32.74645
v -182.8412 32.47356 -39.42112
v -175.2788 32.47356 -33.59885
v -181.9939 32.47356 -40.27352
v -175.2788 27.47357 -33.59885
v -176.126 27.47357 -32.74645
v -182.8412 27.47357 -39.42112
v -181.9939 27.47357 -40.27352
v -182.8412 27.47357 -39.42112
v -182.8412 32.47356 -39.42112
v -181.9939 32.47356 -40.27352
v -181.9939 27.47357 -40.27352
v -175.2788 27.47357 -33.59885
v -175.2788 32.47356 -33.59885
v -176.126 32.47356 -32.74645
v -176.126 27.47357 -32.74645

vn 0.7049663 0 -0.7092409
vn 0.7049663 0 -0.7092409
vn 0.7049663 0 -0.7092409
vn 0.7049663 0 -0.7092409
vn 0 1 0
vn 0 1 0
vn -0.7049663 0 0.7092409
vn -0.7049663 0 0.7092409
vn 0 1 0
vn 0 1 0
vn -0.7049663 0 0.7092409
vn -0.7049663 0 0.7092409
vn 0 -1 0
vn 0 -1 0
vn 0 -1 0
vn 0 -1 0
vn -0.7092409 0 -0.7049663
vn -0.7092409 0 -0.7049663
vn -0.7092409 0 -0.7049663
vn -0.7092409 0 -0.7049663
vn 0.7092409 0 0.7049663
vn 0.7092409 0 0.7049663
vn 0.7092409 0 0.7049663
vn 0.7092409 0 0.7049663

vt 0 0
vt 1 0
vt 0 1
vt 1 1
vt 0 1
vt 1 1
vt 0 1
vt 1 1
vt 0 0
vt 1 0
vt 0 0
vt 1 0
vt 0 0
vt 0 1
vt 1 1
vt 1 0
vt 0 0
vt 0 1
vt 1 1
vt 1 0
vt 0 0
vt 0 1
vt 1 1
vt 1 0

usemtl Default-Material
usemap Default-Material
f 483/483/483 481/481/481 484/484/484
f 484/484/484 481/481/481 482/482/482
f 485/485/485 489/489/489 486/486/486
f 486/486/486 489/489/489 490/490/490
f 487/487/487 491/491/491 488/488/488
f 488/488/488 491/491/491 492/492/492
f 494/494/494 493/493/493 495/495/495
f 495/495/495 493/493/493 496/496/496
f 498/498/498 497/497/497 499/499/499
f 499/499/499 497/497/497 500/500/500
f 502/502/502 501/501/501 503/503/503
f 503/503/503 501/501/501 504/504/504
mtllib ./2000013.mtl
g Cube (107)
v -147.4709 27.47357 -60.20998
v -143.8743 27.47357 -53.62615
v -147.4709 32.47356 -60.20998
v -143.8743 32.47356 -53.62615
v -148.5257 32.47356 -59.63381
v -144.929 32.47356 -53.04998
v -148.5257 27.47357 -59.63381
v -144.929 27.47357 -53.04998
v -147.4709 32.47356 -60.20998
v -143.8743 32.47356 -53.62615
v -148.5257 32.47356 -59.63381
v -144.929 32.47356 -53.04998
v -148.5257 27.47357 -59.63381
v -147.4709 27.47357 -60.20998
v -143.8743 27.47357 -53.62615
v -144.929 27.47357 -53.04998
v -143.8743 27.47357 -53.62615
v -143.8743 32.47356 -53.62615
v -144.929 32.47356 -53.04998
v -144.929 27.47357 -53.04998
v -148.5257 27.47357 -59.63381
v -148.5257 32.47356 -59.63381
v -147.4709 32.47356 -60.20998
v -147.4709 27.47357 -60.20998

vn -0.8775908 0 0.4794103
vn -0.8775908 0 0.4794103
vn -0.8775908 0 0.4794103
vn -0.8775908 0 0.4794103
vn 0 1 0
vn 0 1 0
vn 0.8775908 0 -0.4794103
vn 0.8775908 0 -0.4794103
vn 0 1 0
vn 0 1 0
vn 0.8775908 0 -0.4794103
vn 0.8775908 0 -0.4794103
vn 0 -1 0
vn 0 -1 0
vn 0 -1 0
vn 0 -1 0
vn 0.4794103 0 0.8775908
vn 0.4794103 0 0.8775908
vn 0.4794103 0 0.8775908
vn 0.4794103 0 0.8775908
vn -0.4794103 0 -0.8775908
vn -0.4794103 0 -0.8775908
vn -0.4794103 0 -0.8775908
vn -0.4794103 0 -0.8775908

vt 0 0
vt 1 0
vt 0 1
vt 1 1
vt 0 1
vt 1 1
vt 0 1
vt 1 1
vt 0 0
vt 1 0
vt 0 0
vt 1 0
vt 0 0
vt 0 1
vt 1 1
vt 1 0
vt 0 0
vt 0 1
vt 1 1
vt 1 0
vt 0 0
vt 0 1
vt 1 1
vt 1 0

usemtl Default-Material
usemap Default-Material
f 507/507/507 505/505/505 508/508/508
f 508/508/508 505/505/505 506/506/506
f 509/509/509 513/513/513 510/510/510
f 510/510/510 513/513/513 514/514/514
f 511/511/511 515/515/515 512/512/512
f 512/512/512 515/515/515 516/516/516
f 518/518/518 517/517/517 519/519/519
f 519/519/519 517/517/517 520/520/520
f 522/522/522 521/521/521 523/523/523
f 523/523/523 521/521/521 524/524/524
f 526/526/526 525/525/525 527/527/527
f 527/527/527 525/525/525 528/528/528
mtllib ./2000013.mtl
g Cube (106)
v -140.5009 27.47357 -47.78999
v -136.9043 27.47357 -41.20615
v -140.5009 32.47356 -47.78999
v -136.9043 32.47356 -41.20615
v -141.5556 32.47356 -47.21381
v -137.959 32.47356 -40.62998
v -141.5556 27.47357 -47.21381
v -137.959 27.47357 -40.62998
v -140.5009 32.47356 -47.78999
v -136.9043 32.47356 -41.20615
v -141.5556 32.47356 -47.21381
v -137.959 32.47356 -40.62998
v -141.5556 27.47357 -47.21381
v -140.5009 27.47357 -47.78999
v -136.9043 27.47357 -41.20615
v -137.959 27.47357 -40.62998
v -136.9043 27.47357 -41.20615
v -136.9043 32.47356 -41.20615
v -137.959 32.47356 -40.62998
v -137.959 27.47357 -40.62998
v -141.5556 27.47357 -47.21381
v -141.5556 32.47356 -47.21381
v -140.5009 32.47356 -47.78999
v -140.5009 27.47357 -47.78999

vn -0.8775908 0 0.4794103
vn -0.8775908 0 0.4794103
vn -0.8775908 0 0.4794103
vn -0.8775908 0 0.4794103
vn 0 1 0
vn 0 1 0
vn 0.8775908 0 -0.4794103
vn 0.8775908 0 -0.4794103
vn 0 1 0
vn 0 1 0
vn 0.8775908 0 -0.4794103
vn 0.8775908 0 -0.4794103
vn 0 -1 0
vn 0 -1 0
vn 0 -1 0
vn 0 -1 0
vn 0.4794103 0 0.8775908
vn 0.4794103 0 0.8775908
vn 0.4794103 0 0.8775908
vn 0.4794103 0 0.8775908
vn -0.4794103 0 -0.8775908
vn -0.4794103 0 -0.8775908
vn -0.4794103 0 -0.8775908
vn -0.4794103 0 -0.8775908

vt 0 0
vt 1 0
vt 0 1
vt 1 1
vt 0 1
vt 1 1
vt 0 1
vt 1 1
vt 0 0
vt 1 0
vt 0 0
vt 1 0
vt 0 0
vt 0 1
vt 1 1
vt 1 0
vt 0 0
vt 0 1
vt 1 1
vt 1 0
vt 0 0
vt 0 1
vt 1 1
vt 1 0

usemtl Default-Material
usemap Default-Material
f 531/531/531 529/529/529 532/532/532
f 532/532/532 529/529/529 530/530/530
f 533/533/533 537/537/537 534/534/534
f 534/534/534 537/537/537 538/538/538
f 535/535/535 539/539/539 536/536/536
f 536/536/536 539/539/539 540/540/540
f 542/542/542 541/541/541 543/543/543
f 543/543/543 541/541/541 544/544/544
f 546/546/546 545/545/545 547/547/547
f 547/547/547 545/545/545 548/548/548
f 550/550/550 549/549/549 551/551/551
f 551/551/551 549/549/549 552/552/552
mtllib ./2000013.mtl
g Cube (105)
v -44.36914 23.15082 -127.9921
v -45.32368 23.15082 -126.592
v -44.36914 36.79632 -127.9921
v -45.32368 36.79632 -126.592
v -42.89626 36.79632 -126.988
v -43.8508 36.79632 -125.5878
v -42.89626 23.15082 -126.988
v -43.8508 23.15082 -125.5878
v -44.36914 36.79632 -127.9921
v -45.32368 36.79632 -126.592
v -42.89626 36.79632 -126.988
v -43.8508 36.79632 -125.5878
v -42.89626 23.15082 -126.988
v -44.36914 23.15082 -127.9921
v -45.32368 23.15082 -126.592
v -43.8508 23.15082 -125.5878
v -45.32368 23.15082 -126.592
v -45.32368 36.79632 -126.592
v -43.8508 36.79632 -125.5878
v -43.8508 23.15082 -125.5878
v -42.89626 23.15082 -126.988
v -42.89626 36.79632 -126.988
v -44.36914 36.79632 -127.9921
v -44.36914 23.15082 -127.9921

vn -0.8262476 0 -0.563307
vn -0.8262476 0 -0.563307
vn -0.8262476 0 -0.563307
vn -0.8262476 0 -0.563307
vn 0 1 0
vn 0 1 0
vn 0.8262476 0 0.563307
vn 0.8262476 0 0.563307
vn 0 1 0
vn 0 1 0
vn 0.8262476 0 0.563307
vn 0.8262476 0 0.563307
vn 0 -1 0
vn 0 -1 0
vn 0 -1 0
vn 0 -1 0
vn -0.563307 0 0.8262476
vn -0.563307 0 0.8262476
vn -0.563307 0 0.8262476
vn -0.563307 0 0.8262476
vn 0.563307 0 -0.8262476
vn 0.563307 0 -0.8262476
vn 0.563307 0 -0.8262476
vn 0.563307 0 -0.8262476

vt 0 0
vt 1 0
vt 0 1
vt 1 1
vt 0 1
vt 1 1
vt 0 1
vt 1 1
vt 0 0
vt 1 0
vt 0 0
vt 1 0
vt 0 0
vt 0 1
vt 1 1
vt 1 0
vt 0 0
vt 0 1
vt 1 1
vt 1 0
vt 0 0
vt 0 1
vt 1 1
vt 1 0

usemtl Default-Material
usemap Default-Material
f 555/555/555 553/553/553 556/556/556
f 556/556/556 553/553/553 554/554/554
f 557/557/557 561/561/561 558/558/558
f 558/558/558 561/561/561 562/562/562
f 559/559/559 563/563/563 560/560/560
f 560/560/560 563/563/563 564/564/564
f 566/566/566 565/565/565 567/567/567
f 567/567/567 565/565/565 568/568/568
f 570/570/570 569/569/569 571/571/571
f 571/571/571 569/569/569 572/572/572
f 574/574/574 573/573/573 575/575/575
f 575/575/575 573/573/573 576/576/576
mtllib ./2000013.mtl
g Cube (104)
v -62.60602 23.15082 -112.0313
v -69.81886 23.15082 -101.4517
v -62.60602 36.79632 -112.0313
v -69.81886 36.79632 -101.4517
v -55.56109 36.79632 -107.2283
v -62.77393 36.79632 -96.64867
v -55.56109 23.15082 -107.2283
v -62.77393 23.15082 -96.64867
v -62.60602 36.79632 -112.0313
v -69.81886 36.79632 -101.4517
v -55.56109 36.79632 -107.2283
v -62.77393 36.79632 -96.64867
v -55.56109 23.15082 -107.2283
v -62.60602 23.15082 -112.0313
v -69.81886 23.15082 -101.4517
v -62.77393 23.15082 -96.64867
v -69.81886 23.15082 -101.4517
v -69.81886 36.79632 -101.4517
v -62.77393 36.79632 -96.64867
v -62.77393 23.15082 -96.64867
v -55.56109 23.15082 -107.2283
v -55.56109 36.79632 -107.2283
v -62.60602 36.79632 -112.0313
v -62.60602 23.15082 -112.0313

vn -0.8262476 0 -0.563307
vn -0.8262476 0 -0.563307
vn -0.8262476 0 -0.563307
vn -0.8262476 0 -0.563307
vn 0 1 0
vn 0 1 0
vn 0.8262476 0 0.563307
vn 0.8262476 0 0.563307
vn 0 1 0
vn 0 1 0
vn 0.8262476 0 0.563307
vn 0.8262476 0 0.563307
vn 0 -1 0
vn 0 -1 0
vn 0 -1 0
vn 0 -1 0
vn -0.563307 0 0.8262476
vn -0.563307 0 0.8262476
vn -0.563307 0 0.8262476
vn -0.563307 0 0.8262476
vn 0.563307 0 -0.8262476
vn 0.563307 0 -0.8262476
vn 0.563307 0 -0.8262476
vn 0.563307 0 -0.8262476

vt 0 0
vt 1 0
vt 0 1
vt 1 1
vt 0 1
vt 1 1
vt 0 1
vt 1 1
vt 0 0
vt 1 0
vt 0 0
vt 1 0
vt 0 0
vt 0 1
vt 1 1
vt 1 0
vt 0 0
vt 0 1
vt 1 1
vt 1 0
vt 0 0
vt 0 1
vt 1 1
vt 1 0

usemtl Default-Material
usemap Default-Material
f 579/579/579 577/577/577 580/580/580
f 580/580/580 577/577/577 578/578/578
f 581/581/581 585/585/585 582/582/582
f 582/582/582 585/585/585 586/586/586
f 583/583/583 587/587/587 584/584/584
f 584/584/584 587/587/587 588/588/588
f 590/590/590 589/589/589 591/591/591
f 591/591/591 589/589/589 592/592/592
f 594/594/594 593/593/593 595/595/595
f 595/595/595 593/593/593 596/596/596
f 598/598/598 597/597/597 599/599/599
f 599/599/599 597/597/597 600/600/600
mtllib ./2000013.mtl
g Cube (103)
v -76.1254 23.15082 -93.84835
v -94.24316 23.15082 -82.35075
v -76.1254 36.79632 -93.84835
v -94.24316 36.79632 -82.35075
v -71.55681 36.79632 -86.64922
v -89.67455 36.79632 -75.15162
v -71.55681 23.15082 -86.64922
v -89.67455 23.15082 -75.15162
v -76.1254 36.79632 -93.84835
v -94.24316 36.79632 -82.35075
v -71.55681 36.79632 -86.64922
v -89.67455 36.79632 -75.15162
v -71.55681 23.15082 -86.64922
v -76.1254 23.15082 -93.84835
v -94.24316 23.15082 -82.35075
v -89.67455 23.15082 -75.15162
v -94.24316 23.15082 -82.35075
v -94.24316 36.79632 -82.35075
v -89.67455 36.79632 -75.15162
v -89.67455 23.15082 -75.15162
v -71.55681 23.15082 -86.64922
v -71.55681 36.79632 -86.64922
v -76.1254 36.79632 -93.84835
v -76.1254 23.15082 -93.84835

vn -0.5358178 0 -0.8443336
vn -0.5358178 0 -0.8443336
vn -0.5358178 0 -0.8443336
vn -0.5358178 0 -0.8443336
vn 0 1 0
vn 0 1 0
vn 0.5358178 0 0.8443336
vn 0.5358178 0 0.8443336
vn 0 1 0
vn 0 1 0
vn 0.5358178 0 0.8443336
vn 0.5358178 0 0.8443336
vn 0 -1 0
vn 0 -1 0
vn 0 -1 0
vn 0 -1 0
vn -0.8443336 0 0.5358178
vn -0.8443336 0 0.5358178
vn -0.8443336 0 0.5358178
vn -0.8443336 0 0.5358178
vn 0.8443336 0 -0.5358178
vn 0.8443336 0 -0.5358178
vn 0.8443336 0 -0.5358178
vn 0.8443336 0 -0.5358178

vt 0 0
vt 1 0
vt 0 1
vt 1 1
vt 0 1
vt 1 1
vt 0 1
vt 1 1
vt 0 0
vt 1 0
vt 0 0
vt 1 0
vt 0 0
vt 0 1
vt 1 1
vt 1 0
vt 0 0
vt 0 1
vt 1 1
vt 1 0
vt 0 0
vt 0 1
vt 1 1
vt 1 0

usemtl Default-Material
usemap Default-Material
f 603/603/603 601/601/601 604/604/604
f 604/604/604 601/601/601 602/602/602
f 605/605/605 609/609/609 606/606/606
f 606/606/606 609/609/609 610/610/610
f 607/607/607 611/611/611 608/608/608
f 608/608/608 611/611/611 612/612/612
f 614/614/614 613/613/613 615/615/615
f 615/615/615 613/613/613 616/616/616
f 618/618/618 617/617/617 619/619/619
f 619/619/619 617/617/617 620/620/620
f 622/622/622 621/621/621 623/623/623
f 623/623/623 621/621/621 624/624/624
mtllib ./2000013.mtl
g Cube (21)
v -54.16283 27.21357 143.4079
v -55.28371 27.21357 143.6405
v -54.16283 32.21357 143.4079
v -55.28371 32.21357 143.6405
v -54.37631 32.21357 142.3795
v -55.49718 32.21357 142.6122
v -54.37631 27.21357 142.3795
v -55.49718 27.21357 142.6122
v -54.16283 32.21357 143.4079
v -55.28371 32.21357 143.6405
v -54.37631 32.21357 142.3795
v -55.49718 32.21357 142.6122
v -54.37631 27.21357 142.3795
v -54.16283 27.21357 143.4079
v -55.28371 27.21357 143.6405
v -55.49718 27.21357 142.6122
v -55.28371 27.21357 143.6405
v -55.28371 32.21357 143.6405
v -55.49718 32.21357 142.6122
v -55.49718 27.21357 142.6122
v -54.37631 27.21357 142.3795
v -54.37631 32.21357 142.3795
v -54.16283 32.21357 143.4079
v -54.16283 27.21357 143.4079

vn -0.2032568 0 -0.9791255
vn -0.2032568 0 -0.9791255
vn -0.2032568 0 -0.9791255
vn -0.2032568 0 -0.9791255
vn 0 1 0
vn 0 1 0
vn 0.2032568 0 0.9791255
vn 0.2032568 0 0.9791255
vn 0 1 0
vn 0 1 0
vn 0.2032568 0 0.9791255
vn 0.2032568 0 0.9791255
vn 0 -1 0
vn 0 -1 0
vn 0 -1 0
vn 0 -1 0
vn -0.9791255 0 0.2032567
vn -0.9791255 0 0.2032567
vn -0.9791255 0 0.2032567
vn -0.9791255 0 0.2032567
vn 0.9791255 0 -0.2032567
vn 0.9791255 0 -0.2032567
vn 0.9791255 0 -0.2032567
vn 0.9791255 0 -0.2032567

vt 0 0
vt 1 0
vt 0 1
vt 1 1
vt 0 1
vt 1 1
vt 0 1
vt 1 1
vt 0 0
vt 1 0
vt 0 0
vt 1 0
vt 0 0
vt 0 1
vt 1 1
vt 1 0
vt 0 0
vt 0 1
vt 1 1
vt 1 0
vt 0 0
vt 0 1
vt 1 1
vt 1 0

usemtl Default-Material
usemap Default-Material
f 627/627/627 625/625/625 628/628/628
f 628/628/628 625/625/625 626/626/626
f 629/629/629 633/633/633 630/630/630
f 630/630/630 633/633/633 634/634/634
f 631/631/631 635/635/635 632/632/632
f 632/632/632 635/635/635 636/636/636
f 638/638/638 637/637/637 639/639/639
f 639/639/639 637/637/637 640/640/640
f 642/642/642 641/641/641 643/643/643
f 643/643/643 641/641/641 644/644/644
f 646/646/646 645/645/645 647/647/647
f 647/647/647 645/645/645 648/648/648
mtllib ./2000013.mtl
g Cube (20)
v -78.8421 27.47357 120.8266
v -89.40936 27.47357 123.0203
v -78.8421 32.47356 120.8266
v -89.40936 32.47356 123.0203
v -74.99065 32.47356 139.3797
v -85.55791 32.47356 141.5734
v -74.99065 27.47357 139.3797
v -85.55791 27.47357 141.5734
v -78.8421 32.47356 120.8266
v -89.40936 32.47356 123.0203
v -74.99065 32.47356 139.3797
v -85.55791 32.47356 141.5734
v -74.99065 27.47357 139.3797
v -78.8421 27.47357 120.8266
v -89.40936 27.47357 123.0203
v -85.55791 27.47357 141.5734
v -89.40936 27.47357 123.0203
v -89.40936 32.47356 123.0203
v -85.55791 32.47356 141.5734
v -85.55791 27.47357 141.5734
v -74.99065 27.47357 139.3797
v -74.99065 32.47356 139.3797
v -78.8421 32.47356 120.8266
v -78.8421 27.47357 120.8266

vn -0.2032568 0 -0.9791255
vn -0.2032568 0 -0.9791255
vn -0.2032568 0 -0.9791255
vn -0.2032568 0 -0.9791255
vn 0 1 0
vn 0 1 0
vn 0.2032568 0 0.9791255
vn 0.2032568 0 0.9791255
vn 0 1 0
vn 0 1 0
vn 0.2032568 0 0.9791255
vn 0.2032568 0 0.9791255
vn 0 -1 0
vn 0 -1 0
vn 0 -1 0
vn 0 -1 0
vn -0.9791255 0 0.2032567
vn -0.9791255 0 0.2032567
vn -0.9791255 0 0.2032567
vn -0.9791255 0 0.2032567
vn 0.9791255 0 -0.2032567
vn 0.9791255 0 -0.2032567
vn 0.9791255 0 -0.2032567
vn 0.9791255 0 -0.2032567

vt 0 0
vt 1 0
vt 0 1
vt 1 1
vt 0 1
vt 1 1
vt 0 1
vt 1 1
vt 0 0
vt 1 0
vt 0 0
vt 1 0
vt 0 0
vt 0 1
vt 1 1
vt 1 0
vt 0 0
vt 0 1
vt 1 1
vt 1 0
vt 0 0
vt 0 1
vt 1 1
vt 1 0

usemtl Default-Material
usemap Default-Material
f 651/651/651 649/649/649 652/652/652
f 652/652/652 649/649/649 650/650/650
f 653/653/653 657/657/657 654/654/654
f 654/654/654 657/657/657 658/658/658
f 655/655/655 659/659/659 656/656/656
f 656/656/656 659/659/659 660/660/660
f 662/662/662 661/661/661 663/663/663
f 663/663/663 661/661/661 664/664/664
f 666/666/666 665/665/665 667/667/667
f 667/667/667 665/665/665 668/668/668
f 670/670/670 669/669/669 671/671/671
f 671/671/671 669/669/669 672/672/672
mtllib ./2000013.mtl
g Cube (19)
v -76.83637 27.47357 94.98074
v -82.51376 27.47357 94.53859
v -76.83637 32.47356 94.98074
v -82.51376 32.47356 94.53859
v -77.88625 32.47356 108.4614
v -83.56364 32.47356 108.0193
v -77.88625 27.47357 108.4614
v -83.56364 27.47357 108.0193
v -76.83637 32.47356 94.98074
v -82.51376 32.47356 94.53859
v -77.88625 32.47356 108.4614
v -83.56364 32.47356 108.0193
v -77.88625 27.47357 108.4614
v -76.83637 27.47357 94.98074
v -82.51376 27.47357 94.53859
v -83.56364 27.47357 108.0193
v -82.51376 27.47357 94.53859
v -82.51376 32.47356 94.53859
v -83.56364 32.47356 108.0193
v -83.56364 27.47357 108.0193
v -77.88625 27.47357 108.4614
v -77.88625 32.47356 108.4614
v -76.83637 32.47356 94.98074
v -76.83637 27.47357 94.98074

vn 0.07764553 0 -0.996981
vn 0.07764553 0 -0.996981
vn 0.07764553 0 -0.996981
vn 0.07764553 0 -0.996981
vn 0 1 0
vn 0 1 0
vn -0.07764553 0 0.996981
vn -0.07764553 0 0.996981
vn 0 1 0
vn 0 1 0
vn -0.07764553 0 0.996981
vn -0.07764553 0 0.996981
vn 0 -1 0
vn 0 -1 0
vn 0 -1 0
vn 0 -1 0
vn -0.996981 0 -0.07764554
vn -0.996981 0 -0.07764554
vn -0.996981 0 -0.07764554
vn -0.996981 0 -0.07764554
vn 0.996981 0 0.07764554
vn 0.996981 0 0.07764554
vn 0.996981 0 0.07764554
vn 0.996981 0 0.07764554

vt 0 0
vt 1 0
vt 0 1
vt 1 1
vt 0 1
vt 1 1
vt 0 1
vt 1 1
vt 0 0
vt 1 0
vt 0 0
vt 1 0
vt 0 0
vt 0 1
vt 1 1
vt 1 0
vt 0 0
vt 0 1
vt 1 1
vt 1 0
vt 0 0
vt 0 1
vt 1 1
vt 1 0

usemtl Default-Material
usemap Default-Material
f 675/675/675 673/673/673 676/676/676
f 676/676/676 673/673/673 674/674/674
f 677/677/677 681/681/681 678/678/678
f 678/678/678 681/681/681 682/682/682
f 679/679/679 683/683/683 680/680/680
f 680/680/680 683/683/683 684/684/684
f 686/686/686 685/685/685 687/687/687
f 687/687/687 685/685/685 688/688/688
f 690/690/690 689/689/689 691/691/691
f 691/691/691 689/689/689 692/692/692
f 694/694/694 693/693/693 695/695/695
f 695/695/695 693/693/693 696/696/696
mtllib ./2000013.mtl
g Cube (18)
v -61.68086 27.47357 89.64581
v -81.86926 27.47357 88.07352
v -61.68086 32.47356 89.64581
v -81.86926 32.47356 88.07352
v -62.73074 32.47356 103.1265
v -82.91914 32.47356 101.5542
v -62.73074 27.47357 103.1265
v -82.91914 27.47357 101.5542
v -61.68086 32.47356 89.64581
v -81.86926 32.47356 88.07352
v -62.73074 32.47356 103.1265
v -82.91914 32.47356 101.5542
v -62.73074 27.47357 103.1265
v -61.68086 27.47357 89.64581
v -81.86926 27.47357 88.07352
v -82.91914 27.47357 101.5542
v -81.86926 27.47357 88.07352
v -81.86926 32.47356 88.07352
v -82.91914 32.47356 101.5542
v -82.91914 27.47357 101.5542
v -62.73074 27.47357 103.1265
v -62.73074 32.47356 103.1265
v -61.68086 32.47356 89.64581
v -61.68086 27.47357 89.64581

vn 0.07764553 0 -0.996981
vn 0.07764553 0 -0.996981
vn 0.07764553 0 -0.996981
vn 0.07764553 0 -0.996981
vn 0 1 0
vn 0 1 0
vn -0.07764553 0 0.996981
vn -0.07764553 0 0.996981
vn 0 1 0
vn 0 1 0
vn -0.07764553 0 0.996981
vn -0.07764553 0 0.996981
vn 0 -1 0
vn 0 -1 0
vn 0 -1 0
vn 0 -1 0
vn -0.996981 0 -0.07764554
vn -0.996981 0 -0.07764554
vn -0.996981 0 -0.07764554
vn -0.996981 0 -0.07764554
vn 0.996981 0 0.07764554
vn 0.996981 0 0.07764554
vn 0.996981 0 0.07764554
vn 0.996981 0 0.07764554

vt 0 0
vt 1 0
vt 0 1
vt 1 1
vt 0 1
vt 1 1
vt 0 1
vt 1 1
vt 0 0
vt 1 0
vt 0 0
vt 1 0
vt 0 0
vt 0 1
vt 1 1
vt 1 0
vt 0 0
vt 0 1
vt 1 1
vt 1 0
vt 0 0
vt 0 1
vt 1 1
vt 1 0

usemtl Default-Material
usemap Default-Material
f 699/699/699 697/697/697 700/700/700
f 700/700/700 697/697/697 698/698/698
f 701/701/701 705/705/705 702/702/702
f 702/702/702 705/705/705 706/706/706
f 703/703/703 707/707/707 704/704/704
f 704/704/704 707/707/707 708/708/708
f 710/710/710 709/709/709 711/711/711
f 711/711/711 709/709/709 712/712/712
f 714/714/714 713/713/713 715/715/715
f 715/715/715 713/713/713 716/716/716
f 718/718/718 717/717/717 719/719/719
f 719/719/719 717/717/717 720/720/720
mtllib ./2000013.mtl
g Cube (17)
v -42.96542 27.47357 120.0051
v -57.25236 27.47357 105.6549
v -42.96542 32.47356 120.0051
v -57.25236 32.47356 105.6549
v -52.54765 32.47356 129.5451
v -66.83459 32.47356 115.1949
v -52.54765 27.47357 129.5451
v -66.83459 27.47357 115.1949
v -42.96542 32.47356 120.0051
v -57.25236 32.47356 105.6549
v -52.54765 32.47356 129.5451
v -66.83459 32.47356 115.1949
v -52.54765 27.47357 129.5451
v -42.96542 27.47357 120.0051
v -57.25236 27.47357 105.6549
v -66.83459 27.47357 115.1949
v -57.25236 27.47357 105.6549
v -57.25236 32.47356 105.6549
v -66.83459 32.47356 115.1949
v -66.83459 27.47357 115.1949
v -52.54765 27.47357 129.5451
v -52.54765 32.47356 129.5451
v -42.96542 32.47356 120.0051
v -42.96542 27.47357 120.0051

vn 0.7086661 0 -0.7055441
vn 0.7086661 0 -0.7055441
vn 0.7086661 0 -0.7055441
vn 0.7086661 0 -0.7055441
vn 0 1 0
vn 0 1 0
vn -0.7086661 0 0.7055441
vn -0.7086661 0 0.7055441
vn 0 1 0
vn 0 1 0
vn -0.7086661 0 0.7055441
vn -0.7086661 0 0.7055441
vn 0 -1 0
vn 0 -1 0
vn 0 -1 0
vn 0 -1 0
vn -0.7055441 0 -0.7086661
vn -0.7055441 0 -0.7086661
vn -0.7055441 0 -0.7086661
vn -0.7055441 0 -0.7086661
vn 0.7055441 0 0.7086661
vn 0.7055441 0 0.7086661
vn 0.7055441 0 0.7086661
vn 0.7055441 0 0.7086661

vt 0 0
vt 1 0
vt 0 1
vt 1 1
vt 0 1
vt 1 1
vt 0 1
vt 1 1
vt 0 0
vt 1 0
vt 0 0
vt 1 0
vt 0 0
vt 0 1
vt 1 1
vt 1 0
vt 0 0
vt 0 1
vt 1 1
vt 1 0
vt 0 0
vt 0 1
vt 1 1
vt 1 0

usemtl Default-Material
usemap Default-Material
f 723/723/723 721/721/721 724/724/724
f 724/724/724 721/721/721 722/722/722
f 725/725/725 729/729/729 726/726/726
f 726/726/726 729/729/729 730/730/730
f 727/727/727 731/731/731 728/728/728
f 728/728/728 731/731/731 732/732/732
f 734/734/734 733/733/733 735/735/735
f 735/735/735 733/733/733 736/736/736
f 738/738/738 737/737/737 739/739/739
f 739/739/739 737/737/737 740/740/740
f 742/742/742 741/741/741 743/743/743
f 743/743/743 741/741/741 744/744/744
mtllib ./2000013.mtl
g Cube (16)
v -74.5489 27.47357 168.186
v -47.55051 27.47357 163.1285
v -74.5489 32.47356 168.186
v -47.55051 32.47356 163.1285
v -75.46951 32.47356 163.2715
v -48.47112 32.47356 158.214
v -75.46951 27.47357 163.2715
v -48.47112 27.47357 158.214
v -74.5489 32.47356 168.186
v -47.55051 32.47356 163.1285
v -75.46951 32.47356 163.2715
v -48.47112 32.47356 158.214
v -75.46951 27.47357 163.2715
v -74.5489 27.47357 168.186
v -47.55051 27.47357 163.1285
v -48.47112 27.47357 158.214
v -47.55051 27.47357 163.1285
v -47.55051 32.47356 163.1285
v -48.47112 32.47356 158.214
v -48.47112 27.47357 158.214
v -75.46951 27.47357 163.2715
v -75.46951 32.47356 163.2715
v -74.5489 32.47356 168.186
v -74.5489 27.47357 168.186

vn 0.184121 0 0.9829036
vn 0.184121 0 0.9829036
vn 0.184121 0 0.9829036
vn 0.184121 0 0.9829036
vn 0 1 0
vn 0 1 0
vn -0.184121 0 -0.9829036
vn -0.184121 0 -0.9829036
vn 0 1 0
vn 0 1 0
vn -0.184121 0 -0.9829036
vn -0.184121 0 -0.9829036
vn 0 -1 0
vn 0 -1 0
vn 0 -1 0
vn 0 -1 0
vn 0.9829036 0 -0.184121
vn 0.9829036 0 -0.184121
vn 0.9829036 0 -0.184121
vn 0.9829036 0 -0.184121
vn -0.9829036 0 0.184121
vn -0.9829036 0 0.184121
vn -0.9829036 0 0.184121
vn -0.9829036 0 0.184121

vt 0 0
vt 1 0
vt 0 1
vt 1 1
vt 0 1
vt 1 1
vt 0 1
vt 1 1
vt 0 0
vt 1 0
vt 0 0
vt 1 0
vt 0 0
vt 0 1
vt 1 1
vt 1 0
vt 0 0
vt 0 1
vt 1 1
vt 1 0
vt 0 0
vt 0 1
vt 1 1
vt 1 0

usemtl Default-Material
usemap Default-Material
f 747/747/747 745/745/745 748/748/748
f 748/748/748 745/745/745 746/746/746
f 749/749/749 753/753/753 750/750/750
f 750/750/750 753/753/753 754/754/754
f 751/751/751 755/755/755 752/752/752
f 752/752/752 755/755/755 756/756/756
f 758/758/758 757/757/757 759/759/759
f 759/759/759 757/757/757 760/760/760
f 762/762/762 761/761/761 763/763/763
f 763/763/763 761/761/761 764/764/764
f 766/766/766 765/765/765 767/767/767
f 767/767/767 765/765/765 768/768/768
mtllib ./2000013.mtl
g Cube (102)
v -113.1016 27.47357 109.0708
v -81.3817 27.47357 101.8029
v -113.1016 32.47356 109.0708
v -81.3817 32.47356 101.8029
v -114.2183 32.47356 104.1971
v -82.49841 32.47356 96.92917
v -114.2183 27.47357 104.1971
v -82.49841 27.47357 96.92917
v -113.1016 32.47356 109.0708
v -81.3817 32.47356 101.8029
v -114.2183 32.47356 104.1971
v -82.49841 32.47356 96.92917
v -114.2183 27.47357 104.1971
v -113.1016 27.47357 109.0708
v -81.3817 27.47357 101.8029
v -82.49841 27.47357 96.92917
v -81.3817 27.47357 101.8029
v -81.3817 32.47356 101.8029
v -82.49841 32.47356 96.92917
v -82.49841 27.47357 96.92917
v -114.2183 27.47357 104.1971
v -114.2183 32.47356 104.1971
v -113.1016 32.47356 109.0708
v -113.1016 27.47357 109.0708

vn 0.2233417 0 0.9747401
vn 0.2233417 0 0.9747401
vn 0.2233417 0 0.9747401
vn 0.2233417 0 0.9747401
vn 0 1 0
vn 0 1 0
vn -0.2233417 0 -0.9747401
vn -0.2233417 0 -0.9747401
vn 0 1 0
vn 0 1 0
vn -0.2233417 0 -0.9747401
vn -0.2233417 0 -0.9747401
vn 0 -1 0
vn 0 -1 0
vn 0 -1 0
vn 0 -1 0
vn 0.9747401 0 -0.2233417
vn 0.9747401 0 -0.2233417
vn 0.9747401 0 -0.2233417
vn 0.9747401 0 -0.2233417
vn -0.9747401 0 0.2233417
vn -0.9747401 0 0.2233417
vn -0.9747401 0 0.2233417
vn -0.9747401 0 0.2233417

vt 0 0
vt 1 0
vt 0 1
vt 1 1
vt 0 1
vt 1 1
vt 0 1
vt 1 1
vt 0 0
vt 1 0
vt 0 0
vt 1 0
vt 0 0
vt 0 1
vt 1 1
vt 1 0
vt 0 0
vt 0 1
vt 1 1
vt 1 0
vt 0 0
vt 0 1
vt 1 1
vt 1 0

usemtl Default-Material
usemap Default-Material
f 771/771/771 769/769/769 772/772/772
f 772/772/772 769/769/769 770/770/770
f 773/773/773 777/777/777 774/774/774
f 774/774/774 777/777/777 778/778/778
f 775/775/775 779/779/779 776/776/776
f 776/776/776 779/779/779 780/780/780
f 782/782/782 781/781/781 783/783/783
f 783/783/783 781/781/781 784/784/784
f 786/786/786 785/785/785 787/787/787
f 787/787/787 785/785/785 788/788/788
f 790/790/790 789/789/789 791/791/791
f 791/791/791 789/789/789 792/792/792
mtllib ./2000013.mtl
g Cube (101)
v -193.7641 27.47357 73.71081
v -111.4185 27.47357 109.2793
v -193.7641 32.47356 73.71081
v -111.4185 32.47356 109.2793
v -191.7815 32.47356 69.1207
v -109.4359 32.47356 104.6892
v -191.7815 27.47357 69.1207
v -109.4359 27.47357 104.6892
v -193.7641 32.47356 73.71081
v -111.4185 32.47356 109.2793
v -191.7815 32.47356 69.1207
v -109.4359 32.47356 104.6892
v -191.7815 27.47357 69.1207
v -193.7641 27.47357 73.71081
v -111.4185 27.47357 109.2793
v -109.4359 27.47357 104.6892
v -111.4185 27.47357 109.2793
v -111.4185 32.47356 109.2793
v -109.4359 32.47356 104.6892
v -109.4359 27.47357 104.6892
v -191.7815 27.47357 69.1207
v -191.7815 32.47356 69.1207
v -193.7641 32.47356 73.71081
v -193.7641 27.47357 73.71081

vn -0.3965316 0 0.918021
vn -0.3965316 0 0.918021
vn -0.3965316 0 0.918021
vn -0.3965316 0 0.918021
vn 0 1 0
vn 0 1 0
vn 0.3965316 0 -0.918021
vn 0.3965316 0 -0.918021
vn 0 1 0
vn 0 1 0
vn 0.3965316 0 -0.918021
vn 0.3965316 0 -0.918021
vn 0 -1 0
vn 0 -1 0
vn 0 -1 0
vn 0 -1 0
vn 0.918021 0 0.3965316
vn 0.918021 0 0.3965316
vn 0.918021 0 0.3965316
vn 0.918021 0 0.3965316
vn -0.918021 0 -0.3965316
vn -0.918021 0 -0.3965316
vn -0.918021 0 -0.3965316
vn -0.918021 0 -0.3965316

vt 0 0
vt 1 0
vt 0 1
vt 1 1
vt 0 1
vt 1 1
vt 0 1
vt 1 1
vt 0 0
vt 1 0
vt 0 0
vt 1 0
vt 0 0
vt 0 1
vt 1 1
vt 1 0
vt 0 0
vt 0 1
vt 1 1
vt 1 0
vt 0 0
vt 0 1
vt 1 1
vt 1 0

usemtl Default-Material
usemap Default-Material
f 795/795/795 793/793/793 796/796/796
f 796/796/796 793/793/793 794/794/794
f 797/797/797 801/801/801 798/798/798
f 798/798/798 801/801/801 802/802/802
f 799/799/799 803/803/803 800/800/800
f 800/800/800 803/803/803 804/804/804
f 806/806/806 805/805/805 807/807/807
f 807/807/807 805/805/805 808/808/808
f 810/810/810 809/809/809 811/811/811
f 811/811/811 809/809/809 812/812/812
f 814/814/814 813/813/813 815/815/815
f 815/815/815 813/813/813 816/816/816
mtllib ./2000013.mtl
g Cube (100)
v -206.2033 27.47357 22.98282
v -196.7039 27.47357 74.07825
v -206.2033 32.47356 22.98282
v -196.7039 32.47356 74.07825
v -200.4961 32.47356 21.92175
v -190.9966 32.47356 73.01718
v -200.4961 27.47357 21.92175
v -190.9966 27.47357 73.01718
v -206.2033 32.47356 22.98282
v -196.7039 32.47356 74.07825
v -200.4961 32.47356 21.92175
v -190.9966 32.47356 73.01718
v -200.4961 27.47357 21.92175
v -206.2033 27.47357 22.98282
v -196.7039 27.47357 74.07825
v -190.9966 27.47357 73.01718
v -196.7039 27.47357 74.07825
v -196.7039 32.47356 74.07825
v -190.9966 32.47356 73.01718
v -190.9966 27.47357 73.01718
v -200.4961 27.47357 21.92175
v -200.4961 32.47356 21.92175
v -206.2033 32.47356 22.98282
v -206.2033 27.47357 22.98282

vn -0.983153 0 0.1827841
vn -0.983153 0 0.1827841
vn -0.983153 0 0.1827841
vn -0.983153 0 0.1827841
vn 0 1 0
vn 0 1 0
vn 0.983153 0 -0.1827841
vn 0.983153 0 -0.1827841
vn 0 1 0
vn 0 1 0
vn 0.983153 0 -0.1827841
vn 0.983153 0 -0.1827841
vn 0 -1 0
vn 0 -1 0
vn 0 -1 0
vn 0 -1 0
vn 0.1827841 0 0.983153
vn 0.1827841 0 0.983153
vn 0.1827841 0 0.983153
vn 0.1827841 0 0.983153
vn -0.1827841 0 -0.983153
vn -0.1827841 0 -0.983153
vn -0.1827841 0 -0.983153
vn -0.1827841 0 -0.983153

vt 0 0
vt 1 0
vt 0 1
vt 1 1
vt 0 1
vt 1 1
vt 0 1
vt 1 1
vt 0 0
vt 1 0
vt 0 0
vt 1 0
vt 0 0
vt 0 1
vt 1 1
vt 1 0
vt 0 0
vt 0 1
vt 1 1
vt 1 0
vt 0 0
vt 0 1
vt 1 1
vt 1 0

usemtl Default-Material
usemap Default-Material
f 819/819/819 817/817/817 820/820/820
f 820/820/820 817/817/817 818/818/818
f 821/821/821 825/825/825 822/822/822
f 822/822/822 825/825/825 826/826/826
f 823/823/823 827/827/827 824/824/824
f 824/824/824 827/827/827 828/828/828
f 830/830/830 829/829/829 831/831/831
f 831/831/831 829/829/829 832/832/832
f 834/834/834 833/833/833 835/835/835
f 835/835/835 833/833/833 836/836/836
f 838/838/838 837/837/837 839/839/839
f 839/839/839 837/837/837 840/840/840
mtllib ./2000013.mtl
g Cube (99)
v -136.9573 27.47357 -43.94993
v -204.7663 27.47357 23.40249
v -136.9573 32.47356 -43.94993
v -204.7663 32.47356 23.40249
v -133.4337 32.47356 -40.40247
v -201.2427 32.47356 26.94994
v -133.4337 27.47357 -40.40247
v -201.2427 27.47357 26.94994
v -136.9573 32.47356 -43.94993
v -204.7663 32.47356 23.40249
v -133.4337 32.47356 -40.40247
v -201.2427 32.47356 26.94994
v -133.4337 27.47357 -40.40247
v -136.9573 27.47357 -43.94993
v -204.7663 27.47357 23.40249
v -201.2427 27.47357 26.94994
v -204.7663 27.47357 23.40249
v -204.7663 32.47356 23.40249
v -201.2427 32.47356 26.94994
v -201.2427 27.47357 26.94994
v -133.4337 27.47357 -40.40247
v -133.4337 32.47356 -40.40247
v -136.9573 32.47356 -43.94993
v -136.9573 27.47357 -43.94993

vn -0.7047143 0 -0.7094911
vn -0.7047143 0 -0.7094911
vn -0.7047143 0 -0.7094911
vn -0.7047143 0 -0.7094911
vn 0 1 0
vn 0 1 0
vn 0.7047143 0 0.7094911
vn 0.7047143 0 0.7094911
vn 0 1 0
vn 0 1 0
vn 0.7047143 0 0.7094911
vn 0.7047143 0 0.7094911
vn 0 -1 0
vn 0 -1 0
vn 0 -1 0
vn 0 -1 0
vn -0.7094911 0 0.7047144
vn -0.7094911 0 0.7047144
vn -0.7094911 0 0.7047144
vn -0.7094911 0 0.7047144
vn 0.7094911 0 -0.7047144
vn 0.7094911 0 -0.7047144
vn 0.7094911 0 -0.7047144
vn 0.7094911 0 -0.7047144

vt 0 0
vt 1 0
vt 0 1
vt 1 1
vt 0 1
vt 1 1
vt 0 1
vt 1 1
vt 0 0
vt 1 0
vt 0 0
vt 1 0
vt 0 0
vt 0 1
vt 1 1
vt 1 0
vt 0 0
vt 0 1
vt 1 1
vt 1 0
vt 0 0
vt 0 1
vt 1 1
vt 1 0

usemtl Default-Material
usemap Default-Material
f 843/843/843 841/841/841 844/844/844
f 844/844/844 841/841/841 842/842/842
f 845/845/845 849/849/849 846/846/846
f 846/846/846 849/849/849 850/850/850
f 847/847/847 851/851/851 848/848/848
f 848/848/848 851/851/851 852/852/852
f 854/854/854 853/853/853 855/855/855
f 855/855/855 853/853/853 856/856/856
f 858/858/858 857/857/857 859/859/859
f 859/859/859 857/857/857 860/860/860
f 862/862/862 861/861/861 863/863/863
f 863/863/863 861/861/861 864/864/864
mtllib ./2000013.mtl
g Cube (98)
v -57.49021 27.47357 -171.7266
v -141.2829 27.47357 -72.18507
v -57.49021 32.47356 -171.7266
v -141.2829 32.47356 -72.18507
v -49.51707 32.47356 -165.0149
v -133.3097 32.47356 -65.47338
v -49.51707 27.47357 -165.0149
v -133.3097 27.47357 -65.47338
v -57.49021 32.47356 -171.7266
v -141.2829 32.47356 -72.18507
v -49.51707 32.47356 -165.0149
v -133.3097 32.47356 -65.47338
v -49.51707 27.47357 -165.0149
v -57.49021 27.47357 -171.7266
v -141.2829 27.47357 -72.18507
v -133.3097 27.47357 -65.47338
v -141.2829 27.47357 -72.18507
v -141.2829 32.47356 -72.18507
v -133.3097 32.47356 -65.47338
v -133.3097 27.47357 -65.47338
v -49.51707 27.47357 -165.0149
v -49.51707 32.47356 -165.0149
v -57.49021 32.47356 -171.7266
v -57.49021 27.47357 -171.7266

vn -0.7650314 0 -0.6439929
vn -0.7650314 0 -0.6439929
vn -0.7650314 0 -0.6439929
vn -0.7650314 0 -0.6439929
vn 0 1 0
vn 0 1 0
vn 0.7650314 0 0.6439929
vn 0.7650314 0 0.6439929
vn 0 1 0
vn 0 1 0
vn 0.7650314 0 0.6439929
vn 0.7650314 0 0.6439929
vn 0 -1 0
vn 0 -1 0
vn 0 -1 0
vn 0 -1 0
vn -0.6439929 0 0.7650313
vn -0.6439929 0 0.7650313
vn -0.6439929 0 0.7650313
vn -0.6439929 0 0.7650313
vn 0.6439929 0 -0.7650313
vn 0.6439929 0 -0.7650313
vn 0.6439929 0 -0.7650313
vn 0.6439929 0 -0.7650313

vt 0 0
vt 1 0
vt 0 1
vt 1 1
vt 0 1
vt 1 1
vt 0 1
vt 1 1
vt 0 0
vt 1 0
vt 0 0
vt 1 0
vt 0 0
vt 0 1
vt 1 1
vt 1 0
vt 0 0
vt 0 1
vt 1 1
vt 1 0
vt 0 0
vt 0 1
vt 1 1
vt 1 0

usemtl Default-Material
usemap Default-Material
f 867/867/867 865/865/865 868/868/868
f 868/868/868 865/865/865 866/866/866
f 869/869/869 873/873/873 870/870/870
f 870/870/870 873/873/873 874/874/874
f 871/871/871 875/875/875 872/872/872
f 872/872/872 875/875/875 876/876/876
f 878/878/878 877/877/877 879/879/879
f 879/879/879 877/877/877 880/880/880
f 882/882/882 881/881/881 883/883/883
f 883/883/883 881/881/881 884/884/884
f 886/886/886 885/885/885 887/887/887
f 887/887/887 885/885/885 888/888/888
mtllib ./2000013.mtl
g Cube (97)
v -27.29433 23.15082 -99.23856
v -41.38075 23.15082 -101.1133
v -27.29433 36.79632 -99.23856
v -41.38075 36.79632 -101.1133
v -28.41919 36.79632 -90.78666
v -42.50561 36.79632 -92.66138
v -28.41919 23.15082 -90.78666
v -42.50561 23.15082 -92.66138
v -27.29433 36.79632 -99.23856
v -41.38075 36.79632 -101.1133
v -28.41919 36.79632 -90.78666
v -42.50561 36.79632 -92.66138
v -28.41919 23.15082 -90.78666
v -27.29433 23.15082 -99.23856
v -41.38075 23.15082 -101.1133
v -42.50561 23.15082 -92.66138
v -41.38075 23.15082 -101.1133
v -41.38075 36.79632 -101.1133
v -42.50561 36.79632 -92.66138
v -42.50561 23.15082 -92.66138
v -28.41919 23.15082 -90.78666
v -28.41919 36.79632 -90.78666
v -27.29433 36.79632 -99.23856
v -27.29433 23.15082 -99.23856

vn 0.1319257 0 -0.9912596
vn 0.1319257 0 -0.9912596
vn 0.1319257 0 -0.9912596
vn 0.1319257 0 -0.9912596
vn 0 1 0
vn 0 1 0
vn -0.1319257 0 0.9912596
vn -0.1319257 0 0.9912596
vn 0 1 0
vn 0 1 0
vn -0.1319257 0 0.9912596
vn -0.1319257 0 0.9912596
vn 0 -1 0
vn 0 -1 0
vn 0 -1 0
vn 0 -1 0
vn -0.9912595 0 -0.1319257
vn -0.9912595 0 -0.1319257
vn -0.9912595 0 -0.1319257
vn -0.9912595 0 -0.1319257
vn 0.9912595 0 0.1319257
vn 0.9912595 0 0.1319257
vn 0.9912595 0 0.1319257
vn 0.9912595 0 0.1319257

vt 0 0
vt 1 0
vt 0 1
vt 1 1
vt 0 1
vt 1 1
vt 0 1
vt 1 1
vt 0 0
vt 1 0
vt 0 0
vt 1 0
vt 0 0
vt 0 1
vt 1 1
vt 1 0
vt 0 0
vt 0 1
vt 1 1
vt 1 0
vt 0 0
vt 0 1
vt 1 1
vt 1 0

usemtl Default-Material
usemap Default-Material
f 891/891/891 889/889/889 892/892/892
f 892/892/892 889/889/889 890/890/890
f 893/893/893 897/897/897 894/894/894
f 894/894/894 897/897/897 898/898/898
f 895/895/895 899/899/899 896/896/896
f 896/896/896 899/899/899 900/900/900
f 902/902/902 901/901/901 903/903/903
f 903/903/903 901/901/901 904/904/904
f 906/906/906 905/905/905 907/907/907
f 907/907/907 905/905/905 908/908/908
f 910/910/910 909/909/909 911/911/911
f 911/911/911 909/909/909 912/912/912
mtllib ./2000013.mtl
g Cube (96)
v -78.68324 23.15082 -122.1295
v -89.82212 23.15082 -130.9538
v -78.68324 36.79632 -122.1295
v -89.82212 36.79632 -130.9538
v -83.97782 36.79632 -115.4462
v -95.1167 36.79632 -124.2704
v -83.97782 23.15082 -115.4462
v -95.1167 23.15082 -124.2704
v -78.68324 36.79632 -122.1295
v -89.82212 36.79632 -130.9538
v -83.97782 36.79632 -115.4462
v -95.1167 36.79632 -124.2704
v -83.97782 23.15082 -115.4462
v -78.68324 23.15082 -122.1295
v -89.82212 23.15082 -130.9538
v -95.1167 23.15082 -124.2704
v -89.82212 23.15082 -130.9538
v -89.82212 36.79632 -130.9538
v -95.1167 36.79632 -124.2704
v -95.1167 23.15082 -124.2704
v -83.97782 23.15082 -115.4462
v -83.97782 36.79632 -115.4462
v -78.68324 36.79632 -122.1295
v -78.68324 23.15082 -122.1295

vn 0.6209612 0 -0.7838414
vn 0.6209612 0 -0.7838414
vn 0.6209612 0 -0.7838414
vn 0.6209612 0 -0.7838414
vn 0 1 0
vn 0 1 0
vn -0.6209612 0 0.7838414
vn -0.6209612 0 0.7838414
vn 0 1 0
vn 0 1 0
vn -0.6209612 0 0.7838414
vn -0.6209612 0 0.7838414
vn 0 -1 0
vn 0 -1 0
vn 0 -1 0
vn 0 -1 0
vn -0.7838414 0 -0.6209612
vn -0.7838414 0 -0.6209612
vn -0.7838414 0 -0.6209612
vn -0.7838414 0 -0.6209612
vn 0.7838414 0 0.6209612
vn 0.7838414 0 0.6209612
vn 0.7838414 0 0.6209612
vn 0.7838414 0 0.6209612

vt 0 0
vt 1 0
vt 0 1
vt 1 1
vt 0 1
vt 1 1
vt 0 1
vt 1 1
vt 0 0
vt 1 0
vt 0 0
vt 1 0
vt 0 0
vt 0 1
vt 1 1
vt 1 0
vt 0 0
vt 0 1
vt 1 1
vt 1 0
vt 0 0
vt 0 1
vt 1 1
vt 1 0

usemtl Default-Material
usemap Default-Material
f 915/915/915 913/913/913 916/916/916
f 916/916/916 913/913/913 914/914/914
f 917/917/917 921/921/921 918/918/918
f 918/918/918 921/921/921 922/922/922
f 919/919/919 923/923/923 920/920/920
f 920/920/920 923/923/923 924/924/924
f 926/926/926 925/925/925 927/927/927
f 927/927/927 925/925/925 928/928/928
f 930/930/930 929/929/929 931/931/931
f 931/931/931 929/929/929 932/932/932
f 934/934/934 933/933/933 935/935/935
f 935/935/935 933/933/933 936/936/936
mtllib ./2000013.mtl
g Cube (93)
v -56.29409 23.15082 -141.8907
v -58.74601 23.15082 -151.4646
v -56.29409 36.79632 -141.8907
v -58.74601 36.79632 -151.4646
v -64.55393 36.79632 -139.7753
v -67.00585 36.79632 -149.3492
v -64.55393 23.15082 -139.7753
v -67.00585 23.15082 -149.3492
v -56.29409 36.79632 -141.8907
v -58.74601 36.79632 -151.4646
v -64.55393 36.79632 -139.7753
v -67.00585 36.79632 -149.3492
v -64.55393 23.15082 -139.7753
v -56.29409 23.15082 -141.8907
v -58.74601 23.15082 -151.4646
v -67.00585 23.15082 -149.3492
v -58.74601 23.15082 -151.4646
v -58.74601 36.79632 -151.4646
v -67.00585 36.79632 -149.3492
v -67.00585 23.15082 -149.3492
v -64.55393 23.15082 -139.7753
v -64.55393 36.79632 -139.7753
v -56.29409 36.79632 -141.8907
v -56.29409 23.15082 -141.8907

vn 0.9687351 0 -0.2480971
vn 0.9687351 0 -0.2480971
vn 0.9687351 0 -0.2480971
vn 0.9687351 0 -0.2480971
vn 0 1 0
vn 0 1 0
vn -0.9687351 0 0.2480971
vn -0.9687351 0 0.2480971
vn 0 1 0
vn 0 1 0
vn -0.9687351 0 0.2480971
vn -0.9687351 0 0.2480971
vn 0 -1 0
vn 0 -1 0
vn 0 -1 0
vn 0 -1 0
vn -0.2480971 0 -0.9687351
vn -0.2480971 0 -0.9687351
vn -0.2480971 0 -0.9687351
vn -0.2480971 0 -0.9687351
vn 0.2480971 0 0.9687351
vn 0.2480971 0 0.9687351
vn 0.2480971 0 0.9687351
vn 0.2480971 0 0.9687351

vt 0 0
vt 1 0
vt 0 1
vt 1 1
vt 0 1
vt 1 1
vt 0 1
vt 1 1
vt 0 0
vt 1 0
vt 0 0
vt 1 0
vt 0 0
vt 0 1
vt 1 1
vt 1 0
vt 0 0
vt 0 1
vt 1 1
vt 1 0
vt 0 0
vt 0 1
vt 1 1
vt 1 0

usemtl Default-Material
usemap Default-Material
f 939/939/939 937/937/937 940/940/940
f 940/940/940 937/937/937 938/938/938
f 941/941/941 945/945/945 942/942/942
f 942/942/942 945/945/945 946/946/946
f 943/943/943 947/947/947 944/944/944
f 944/944/944 947/947/947 948/948/948
f 950/950/950 949/949/949 951/951/951
f 951/951/951 949/949/949 952/952/952
f 954/954/954 953/953/953 955/955/955
f 955/955/955 953/953/953 956/956/956
f 958/958/958 957/957/957 959/959/959
f 959/959/959 957/957/957 960/960/960
mtllib ./2000013.mtl
g Cube (92)
v -39.70364 23.15082 -134.155
v -35.74799 23.15082 -140.6663
v -39.70364 36.79632 -134.155
v -35.74799 36.79632 -140.6663
v -45.79195 36.79632 -137.8537
v -41.8363 36.79632 -144.3649
v -45.79195 23.15082 -137.8537
v -41.8363 23.15082 -144.3649
v -39.70364 36.79632 -134.155
v -35.74799 36.79632 -140.6663
v -45.79195 36.79632 -137.8537
v -41.8363 36.79632 -144.3649
v -45.79195 23.15082 -137.8537
v -39.70364 23.15082 -134.155
v -35.74799 23.15082 -140.6663
v -41.8363 23.15082 -144.3649
v -35.74799 23.15082 -140.6663
v -35.74799 36.79632 -140.6663
v -41.8363 36.79632 -144.3649
v -41.8363 23.15082 -144.3649
v -45.79195 23.15082 -137.8537
v -45.79195 36.79632 -137.8537
v -39.70364 36.79632 -134.155
v -39.70364 23.15082 -134.155

vn 0.8546491 0 0.5192062
vn 0.8546491 0 0.5192062
vn 0.8546491 0 0.5192062
vn 0.8546491 0 0.5192062
vn 0 1 0
vn 0 1 0
vn -0.8546491 0 -0.5192062
vn -0.8546491 0 -0.5192062
vn 0 1 0
vn 0 1 0
vn -0.8546491 0 -0.5192062
vn -0.8546491 0 -0.5192062
vn 0 -1 0
vn 0 -1 0
vn 0 -1 0
vn 0 -1 0
vn 0.5192062 0 -0.8546491
vn 0.5192062 0 -0.8546491
vn 0.5192062 0 -0.8546491
vn 0.5192062 0 -0.8546491
vn -0.5192062 0 0.8546491
vn -0.5192062 0 0.8546491
vn -0.5192062 0 0.8546491
vn -0.5192062 0 0.8546491

vt 0 0
vt 1 0
vt 0 1
vt 1 1
vt 0 1
vt 1 1
vt 0 1
vt 1 1
vt 0 0
vt 1 0
vt 0 0
vt 1 0
vt 0 0
vt 0 1
vt 1 1
vt 1 0
vt 0 0
vt 0 1
vt 1 1
vt 1 0
vt 0 0
vt 0 1
vt 1 1
vt 1 0

usemtl Default-Material
usemap Default-Material
f 963/963/963 961/961/961 964/964/964
f 964/964/964 961/961/961 962/962/962
f 965/965/965 969/969/969 966/966/966
f 966/966/966 969/969/969 970/970/970
f 967/967/967 971/971/971 968/968/968
f 968/968/968 971/971/971 972/972/972
f 974/974/974 973/973/973 975/975/975
f 975/975/975 973/973/973 976/976/976
f 978/978/978 977/977/977 979/979/979
f 979/979/979 977/977/977 980/980/980
f 982/982/982 981/981/981 983/983/983
f 983/983/983 981/981/981 984/984/984
mtllib ./2000013.mtl
g Cube (91)
v -31.66664 23.15082 -114.5521
v -30.05148 23.15082 -121.9976
v -31.66664 36.79632 -114.5521
v -30.05148 36.79632 -121.9976
v -38.62846 36.79632 -116.0624
v -37.01331 36.79632 -123.5078
v -38.62846 23.15082 -116.0624
v -37.01331 23.15082 -123.5078
v -31.66664 36.79632 -114.5521
v -30.05148 36.79632 -121.9976
v -38.62846 36.79632 -116.0624
v -37.01331 36.79632 -123.5078
v -38.62846 23.15082 -116.0624
v -31.66664 23.15082 -114.5521
v -30.05148 23.15082 -121.9976
v -37.01331 23.15082 -123.5078
v -30.05148 23.15082 -121.9976
v -30.05148 36.79632 -121.9976
v -37.01331 36.79632 -123.5078
v -37.01331 23.15082 -123.5078
v -38.62846 23.15082 -116.0624
v -38.62846 36.79632 -116.0624
v -31.66664 36.79632 -114.5521
v -31.66664 23.15082 -114.5521

vn 0.9772696 0 0.2120003
vn 0.9772696 0 0.2120003
vn 0.9772696 0 0.2120003
vn 0.9772696 0 0.2120003
vn 0 1 0
vn 0 1 0
vn -0.9772696 0 -0.2120003
vn -0.9772696 0 -0.2120003
vn 0 1 0
vn 0 1 0
vn -0.9772696 0 -0.2120003
vn -0.9772696 0 -0.2120003
vn 0 -1 0
vn 0 -1 0
vn 0 -1 0
vn 0 -1 0
vn 0.2120003 0 -0.9772696
vn 0.2120003 0 -0.9772696
vn 0.2120003 0 -0.9772696
vn 0.2120003 0 -0.9772696
vn -0.2120003 0 0.9772696
vn -0.2120003 0 0.9772696
vn -0.2120003 0 0.9772696
vn -0.2120003 0 0.9772696

vt 0 0
vt 1 0
vt 0 1
vt 1 1
vt 0 1
vt 1 1
vt 0 1
vt 1 1
vt 0 0
vt 1 0
vt 0 0
vt 1 0
vt 0 0
vt 0 1
vt 1 1
vt 1 0
vt 0 0
vt 0 1
vt 1 1
vt 1 0
vt 0 0
vt 0 1
vt 1 1
vt 1 0

usemtl Default-Material
usemap Default-Material
f 987/987/987 985/985/985 988/988/988
f 988/988/988 985/985/985 986/986/986
f 989/989/989 993/993/993 990/990/990
f 990/990/990 993/993/993 994/994/994
f 991/991/991 995/995/995 992/992/992
f 992/992/992 995/995/995 996/996/996
f 998/998/998 997/997/997 999/999/999
f 999/999/999 997/997/997 1000/1000/1000
f 1002/1002/1002 1001/1001/1001 1003/1003/1003
f 1003/1003/1003 1001/1001/1001 1004/1004/1004
f 1006/1006/1006 1005/1005/1005 1007/1007/1007
f 1007/1007/1007 1005/1005/1005 1008/1008/1008
mtllib ./2000013.mtl
g Cube (88)
v -21.43034 27.47357 -120.296
v -30.27615 27.47357 -150.1819
v -21.43034 32.47356 -120.296
v -30.27615 32.47356 -150.1819
v -31.42378 32.47356 -117.3381
v -40.26959 32.47356 -147.224
v -31.42378 27.47357 -117.3381
v -40.26959 27.47357 -147.224
v -21.43034 32.47356 -120.296
v -30.27615 32.47356 -150.1819
v -31.42378 32.47356 -117.3381
v -40.26959 32.47356 -147.224
v -31.42378 27.47357 -117.3381
v -21.43034 27.47357 -120.296
v -30.27615 27.47357 -150.1819
v -40.26959 27.47357 -147.224
v -30.27615 27.47357 -150.1819
v -30.27615 32.47356 -150.1819
v -40.26959 32.47356 -147.224
v -40.26959 27.47357 -147.224
v -31.42378 27.47357 -117.3381
v -31.42378 32.47356 -117.3381
v -21.43034 32.47356 -120.296
v -21.43034 27.47357 -120.296

vn 0.9588792 0 -0.2838144
vn 0.9588792 0 -0.2838144
vn 0.9588792 0 -0.2838144
vn 0.9588792 0 -0.2838144
vn 0 1 0
vn 0 1 0
vn -0.9588792 0 0.2838144
vn -0.9588792 0 0.2838144
vn 0 1 0
vn 0 1 0
vn -0.9588792 0 0.2838144
vn -0.9588792 0 0.2838144
vn 0 -1 0
vn 0 -1 0
vn 0 -1 0
vn 0 -1 0
vn -0.2838144 0 -0.9588792
vn -0.2838144 0 -0.9588792
vn -0.2838144 0 -0.9588792
vn -0.2838144 0 -0.9588792
vn 0.2838144 0 0.9588792
vn 0.2838144 0 0.9588792
vn 0.2838144 0 0.9588792
vn 0.2838144 0 0.9588792

vt 0 0
vt 1 0
vt 0 1
vt 1 1
vt 0 1
vt 1 1
vt 0 1
vt 1 1
vt 0 0
vt 1 0
vt 0 0
vt 1 0
vt 0 0
vt 0 1
vt 1 1
vt 1 0
vt 0 0
vt 0 1
vt 1 1
vt 1 0
vt 0 0
vt 0 1
vt 1 1
vt 1 0

usemtl Default-Material
usemap Default-Material
f 1011/1011/1011 1009/1009/1009 1012/1012/1012
f 1012/1012/1012 1009/1009/1009 1010/1010/1010
f 1013/1013/1013 1017/1017/1017 1014/1014/1014
f 1014/1014/1014 1017/1017/1017 1018/1018/1018
f 1015/1015/1015 1019/1019/1019 1016/1016/1016
f 1016/1016/1016 1019/1019/1019 1020/1020/1020
f 1022/1022/1022 1021/1021/1021 1023/1023/1023
f 1023/1023/1023 1021/1021/1021 1024/1024/1024
f 1026/1026/1026 1025/1025/1025 1027/1027/1027
f 1027/1027/1027 1025/1025/1025 1028/1028/1028
f 1030/1030/1030 1029/1029/1029 1031/1031/1031
f 1031/1031/1031 1029/1029/1029 1032/1032/1032
mtllib ./2000013.mtl
g Cube (87)
v -33.81985 27.47357 -55.05761
v -8.753342 27.47357 -182.7345
v -33.81985 32.47356 -55.05761
v -8.753342 32.47356 -182.7345
v -44.04662 32.47356 -57.06541
v -18.98012 32.47356 -184.7423
v -44.04662 27.47357 -57.06541
v -18.98012 27.47357 -184.7423
v -33.81985 32.47356 -55.05761
v -8.753342 32.47356 -182.7345
v -44.04662 32.47356 -57.06541
v -18.98012 32.47356 -184.7423
v -44.04662 27.47357 -57.06541
v -33.81985 27.47357 -55.05761
v -8.753342 27.47357 -182.7345
v -18.98012 27.47357 -184.7423
v -8.753342 27.47357 -182.7345
v -8.753342 32.47356 -182.7345
v -18.98012 32.47356 -184.7423
v -18.98012 27.47357 -184.7423
v -44.04662 27.47357 -57.06541
v -44.04662 32.47356 -57.06541
v -33.81985 32.47356 -55.05761
v -33.81985 27.47357 -55.05761

vn 0.9812676 0 0.1926499
vn 0.9812676 0 0.1926499
vn 0.9812676 0 0.1926499
vn 0.9812676 0 0.1926499
vn 0 1 0
vn 0 1 0
vn -0.9812676 0 -0.1926499
vn -0.9812676 0 -0.1926499
vn 0 1 0
vn 0 1 0
vn -0.9812676 0 -0.1926499
vn -0.9812676 0 -0.1926499
vn 0 -1 0
vn 0 -1 0
vn 0 -1 0
vn 0 -1 0
vn 0.1926499 0 -0.9812676
vn 0.1926499 0 -0.9812676
vn 0.1926499 0 -0.9812676
vn 0.1926499 0 -0.9812676
vn -0.1926499 0 0.9812676
vn -0.1926499 0 0.9812676
vn -0.1926499 0 0.9812676
vn -0.1926499 0 0.9812676

vt 0 0
vt 1 0
vt 0 1
vt 1 1
vt 0 1
vt 1 1
vt 0 1
vt 1 1
vt 0 0
vt 1 0
vt 0 0
vt 1 0
vt 0 0
vt 0 1
vt 1 1
vt 1 0
vt 0 0
vt 0 1
vt 1 1
vt 1 0
vt 0 0
vt 0 1
vt 1 1
vt 1 0

usemtl Default-Material
usemap Default-Material
f 1035/1035/1035 1033/1033/1033 1036/1036/1036
f 1036/1036/1036 1033/1033/1033 1034/1034/1034
f 1037/1037/1037 1041/1041/1041 1038/1038/1038
f 1038/1038/1038 1041/1041/1041 1042/1042/1042
f 1039/1039/1039 1043/1043/1043 1040/1040/1040
f 1040/1040/1040 1043/1043/1043 1044/1044/1044
f 1046/1046/1046 1045/1045/1045 1047/1047/1047
f 1047/1047/1047 1045/1045/1045 1048/1048/1048
f 1050/1050/1050 1049/1049/1049 1051/1051/1051
f 1051/1051/1051 1049/1049/1049 1052/1052/1052
f 1054/1054/1054 1053/1053/1053 1055/1055/1055
f 1055/1055/1055 1053/1053/1053 1056/1056/1056
mtllib ./2000013.mtl
g Cube (85)
v 13.02856 27.47357 -149.5038
v -116.2473 27.47357 -164.251
v 13.02856 32.47356 -149.5038
v -116.2473 32.47356 -164.251
v 11.84734 32.47356 -139.149
v -117.4285 32.47356 -153.8961
v 11.84734 27.47357 -139.149
v -117.4285 27.47357 -153.8961
v 13.02856 32.47356 -149.5038
v -116.2473 32.47356 -164.251
v 11.84734 32.47356 -139.149
v -117.4285 32.47356 -153.8961
v 11.84734 27.47357 -139.149
v 13.02856 27.47357 -149.5038
v -116.2473 27.47357 -164.251
v -117.4285 27.47357 -153.8961
v -116.2473 27.47357 -164.251
v -116.2473 32.47356 -164.251
v -117.4285 32.47356 -153.8961
v -117.4285 27.47357 -153.8961
v 11.84734 27.47357 -139.149
v 11.84734 32.47356 -139.149
v 13.02856 32.47356 -149.5038
v 13.02856 27.47357 -149.5038

vn 0.1133401 0 -0.9935563
vn 0.1133401 0 -0.9935563
vn 0.1133401 0 -0.9935563
vn 0.1133401 0 -0.9935563
vn 0 1 0
vn 0 1 0
vn -0.1133401 0 0.9935563
vn -0.1133401 0 0.9935563
vn 0 1 0
vn 0 1 0
vn -0.1133401 0 0.9935563
vn -0.1133401 0 0.9935563
vn 0 -1 0
vn 0 -1 0
vn 0 -1 0
vn 0 -1 0
vn -0.9935563 0 -0.1133401
vn -0.9935563 0 -0.1133401
vn -0.9935563 0 -0.1133401
vn -0.9935563 0 -0.1133401
vn 0.9935563 0 0.1133401
vn 0.9935563 0 0.1133401
vn 0.9935563 0 0.1133401
vn 0.9935563 0 0.1133401

vt 0 0
vt 1 0
vt 0 1
vt 1 1
vt 0 1
vt 1 1
vt 0 1
vt 1 1
vt 0 0
vt 1 0
vt 0 0
vt 1 0
vt 0 0
vt 0 1
vt 1 1
vt 1 0
vt 0 0
vt 0 1
vt 1 1
vt 1 0
vt 0 0
vt 0 1
vt 1 1
vt 1 0

usemtl Default-Material
usemap Default-Material
f 1059/1059/1059 1057/1057/1057 1060/1060/1060
f 1060/1060/1060 1057/1057/1057 1058/1058/1058
f 1061/1061/1061 1065/1065/1065 1062/1062/1062
f 1062/1062/1062 1065/1065/1065 1066/1066/1066
f 1063/1063/1063 1067/1067/1067 1064/1064/1064
f 1064/1064/1064 1067/1067/1067 1068/1068/1068
f 1070/1070/1070 1069/1069/1069 1071/1071/1071
f 1071/1071/1071 1069/1069/1069 1072/1072/1072
f 1074/1074/1074 1073/1073/1073 1075/1075/1075
f 1075/1075/1075 1073/1073/1073 1076/1076/1076
f 1078/1078/1078 1077/1077/1077 1079/1079/1079
f 1079/1079/1079 1077/1077/1077 1080/1080/1080
mtllib ./2000013.mtl
g Cube (84)
v -73.59022 27.47357 -163.6266
v -157.3829 27.47357 -64.08508
v -73.59022 32.47356 -163.6266
v -157.3829 32.47356 -64.08508
v -65.61706 32.47356 -156.9149
v -149.4097 32.47356 -57.37339
v -65.61706 27.47357 -156.9149
v -149.4097 27.47357 -57.37339
v -73.59022 32.47356 -163.6266
v -157.3829 32.47356 -64.08508
v -65.61706 32.47356 -156.9149
v -149.4097 32.47356 -57.37339
v -65.61706 27.47357 -156.9149
v -73.59022 27.47357 -163.6266
v -157.3829 27.47357 -64.08508
v -149.4097 27.47357 -57.37339
v -157.3829 27.47357 -64.08508
v -157.3829 32.47356 -64.08508
v -149.4097 32.47356 -57.37339
v -149.4097 27.47357 -57.37339
v -65.61706 27.47357 -156.9149
v -65.61706 32.47356 -156.9149
v -73.59022 32.47356 -163.6266
v -73.59022 27.47357 -163.6266

vn -0.7650314 0 -0.6439929
vn -0.7650314 0 -0.6439929
vn -0.7650314 0 -0.6439929
vn -0.7650314 0 -0.6439929
vn 0 1 0
vn 0 1 0
vn 0.7650314 0 0.6439929
vn 0.7650314 0 0.6439929
vn 0 1 0
vn 0 1 0
vn 0.7650314 0 0.6439929
vn 0.7650314 0 0.6439929
vn 0 -1 0
vn 0 -1 0
vn 0 -1 0
vn 0 -1 0
vn -0.6439929 0 0.7650313
vn -0.6439929 0 0.7650313
vn -0.6439929 0 0.7650313
vn -0.6439929 0 0.7650313
vn 0.6439929 0 -0.7650313
vn 0.6439929 0 -0.7650313
vn 0.6439929 0 -0.7650313
vn 0.6439929 0 -0.7650313

vt 0 0
vt 1 0
vt 0 1
vt 1 1
vt 0 1
vt 1 1
vt 0 1
vt 1 1
vt 0 0
vt 1 0
vt 0 0
vt 1 0
vt 0 0
vt 0 1
vt 1 1
vt 1 0
vt 0 0
vt 0 1
vt 1 1
vt 1 0
vt 0 0
vt 0 1
vt 1 1
vt 1 0

usemtl Default-Material
usemap Default-Material
f 1083/1083/1083 1081/1081/1081 1084/1084/1084
f 1084/1084/1084 1081/1081/1081 1082/1082/1082
f 1085/1085/1085 1089/1089/1089 1086/1086/1086
f 1086/1086/1086 1089/1089/1089 1090/1090/1090
f 1087/1087/1087 1091/1091/1091 1088/1088/1088
f 1088/1088/1088 1091/1091/1091 1092/1092/1092
f 1094/1094/1094 1093/1093/1093 1095/1095/1095
f 1095/1095/1095 1093/1093/1093 1096/1096/1096
f 1098/1098/1098 1097/1097/1097 1099/1099/1099
f 1099/1099/1099 1097/1097/1097 1100/1100/1100
f 1102/1102/1102 1101/1101/1101 1103/1103/1103
f 1103/1103/1103 1101/1101/1101 1104/1104/1104
mtllib ./2000013.mtl
g Cube (82)
v -151.8642 27.47357 -68.42857
v -197.8501 27.47357 -27.71503
v -151.8642 32.47356 -68.42857
v -197.8501 32.47356 -27.71503
v -148.5498 32.47356 -64.68494
v -194.5357 32.47356 -23.97143
v -148.5498 27.47357 -64.68494
v -194.5357 27.47357 -23.97143
v -151.8642 32.47356 -68.42857
v -197.8501 32.47356 -27.71503
v -148.5498 32.47356 -64.68494
v -194.5357 32.47356 -23.97143
v -148.5498 27.47357 -64.68494
v -151.8642 27.47357 -68.42857
v -197.8501 27.47357 -27.71503
v -194.5357 27.47357 -23.97143
v -197.8501 27.47357 -27.71503
v -197.8501 32.47356 -27.71503
v -194.5357 32.47356 -23.97143
v -194.5357 27.47357 -23.97143
v -148.5498 27.47357 -64.68494
v -148.5498 32.47356 -64.68494
v -151.8642 32.47356 -68.42857
v -151.8642 27.47357 -68.42857

vn -0.6628817 0 -0.7487241
vn -0.6628817 0 -0.7487241
vn -0.6628817 0 -0.7487241
vn -0.6628817 0 -0.7487241
vn 0 1 0
vn 0 1 0
vn 0.6628817 0 0.7487241
vn 0.6628817 0 0.7487241
vn 0 1 0
vn 0 1 0
vn 0.6628817 0 0.7487241
vn 0.6628817 0 0.7487241
vn 0 -1 0
vn 0 -1 0
vn 0 -1 0
vn 0 -1 0
vn -0.7487241 0 0.6628817
vn -0.7487241 0 0.6628817
vn -0.7487241 0 0.6628817
vn -0.7487241 0 0.6628817
vn 0.7487241 0 -0.6628817
vn 0.7487241 0 -0.6628817
vn 0.7487241 0 -0.6628817
vn 0.7487241 0 -0.6628817

vt 0 0
vt 1 0
vt 0 1
vt 1 1
vt 0 1
vt 1 1
vt 0 1
vt 1 1
vt 0 0
vt 1 0
vt 0 0
vt 1 0
vt 0 0
vt 0 1
vt 1 1
vt 1 0
vt 0 0
vt 0 1
vt 1 1
vt 1 0
vt 0 0
vt 0 1
vt 1 1
vt 1 0

usemtl Default-Material
usemap Default-Material
f 1107/1107/1107 1105/1105/1105 1108/1108/1108
f 1108/1108/1108 1105/1105/1105 1106/1106/1106
f 1109/1109/1109 1113/1113/1113 1110/1110/1110
f 1110/1110/1110 1113/1113/1113 1114/1114/1114
f 1111/1111/1111 1115/1115/1115 1112/1112/1112
f 1112/1112/1112 1115/1115/1115 1116/1116/1116
f 1118/1118/1118 1117/1117/1117 1119/1119/1119
f 1119/1119/1119 1117/1117/1117 1120/1120/1120
f 1122/1122/1122 1121/1121/1121 1123/1123/1123
f 1123/1123/1123 1121/1121/1121 1124/1124/1124
f 1126/1126/1126 1125/1125/1125 1127/1127/1127
f 1127/1127/1127 1125/1125/1125 1128/1128/1128
mtllib ./2000013.mtl
g Cube (81)
v -197.1761 27.47357 -27.90717
v -318.3383 27.47357 79.36355
v -197.1761 32.47356 -27.90717
v -318.3383 32.47356 79.36355
v -193.8617 32.47356 -24.16356
v -315.0239 32.47356 83.10717
v -193.8617 27.47357 -24.16356
v -315.0239 27.47357 83.10717
v -197.1761 32.47356 -27.90717
v -318.3383 32.47356 79.36355
v -193.8617 32.47356 -24.16356
v -315.0239 32.47356 83.10717
v -193.8617 27.47357 -24.16356
v -197.1761 27.47357 -27.90717
v -318.3383 27.47357 79.36355
v -315.0239 27.47357 83.10717
v -318.3383 27.47357 79.36355
v -318.3383 32.47356 79.36355
v -315.0239 32.47356 83.10717
v -315.0239 27.47357 83.10717
v -193.8617 27.47357 -24.16356
v -193.8617 32.47356 -24.16356
v -197.1761 32.47356 -27.90717
v -197.1761 27.47357 -27.90717

vn -0.6628817 0 -0.7487241
vn -0.6628817 0 -0.7487241
vn -0.6628817 0 -0.7487241
vn -0.6628817 0 -0.7487241
vn 0 1 0
vn 0 1 0
vn 0.6628817 0 0.7487241
vn 0.6628817 0 0.7487241
vn 0 1 0
vn 0 1 0
vn 0.6628817 0 0.7487241
vn 0.6628817 0 0.7487241
vn 0 -1 0
vn 0 -1 0
vn 0 -1 0
vn 0 -1 0
vn -0.7487241 0 0.6628817
vn -0.7487241 0 0.6628817
vn -0.7487241 0 0.6628817
vn -0.7487241 0 0.6628817
vn 0.7487241 0 -0.6628817
vn 0.7487241 0 -0.6628817
vn 0.7487241 0 -0.6628817
vn 0.7487241 0 -0.6628817

vt 0 0
vt 1 0
vt 0 1
vt 1 1
vt 0 1
vt 1 1
vt 0 1
vt 1 1
vt 0 0
vt 1 0
vt 0 0
vt 1 0
vt 0 0
vt 0 1
vt 1 1
vt 1 0
vt 0 0
vt 0 1
vt 1 1
vt 1 0
vt 0 0
vt 0 1
vt 1 1
vt 1 0

usemtl Default-Material
usemap Default-Material
f 1131/1131/1131 1129/1129/1129 1132/1132/1132
f 1132/1132/1132 1129/1129/1129 1130/1130/1130
f 1133/1133/1133 1137/1137/1137 1134/1134/1134
f 1134/1134/1134 1137/1137/1137 1138/1138/1138
f 1135/1135/1135 1139/1139/1139 1136/1136/1136
f 1136/1136/1136 1139/1139/1139 1140/1140/1140
f 1142/1142/1142 1141/1141/1141 1143/1143/1143
f 1143/1143/1143 1141/1141/1141 1144/1144/1144
f 1146/1146/1146 1145/1145/1145 1147/1147/1147
f 1147/1147/1147 1145/1145/1145 1148/1148/1148
f 1150/1150/1150 1149/1149/1149 1151/1151/1151
f 1151/1151/1151 1149/1149/1149 1152/1152/1152
mtllib ./2000013.mtl
g Cube (80)
v -256.4649 27.47357 29.7297
v -260.7134 27.47357 75.20518
v -256.4649 32.47356 29.7297
v -260.7134 32.47356 75.20518
v -251.4865 32.47356 30.19479
v -255.7351 32.47356 75.67027
v -251.4865 27.47357 30.19479
v -255.7351 27.47357 75.67027
v -256.4649 32.47356 29.7297
v -260.7134 32.47356 75.20518
v -251.4865 32.47356 30.19479
v -255.7351 32.47356 75.67027
v -251.4865 27.47357 30.19479
v -256.4649 27.47357 29.7297
v -260.7134 27.47357 75.20518
v -255.7351 27.47357 75.67027
v -260.7134 27.47357 75.20518
v -260.7134 32.47356 75.20518
v -255.7351 32.47356 75.67027
v -255.7351 27.47357 75.67027
v -251.4865 27.47357 30.19479
v -251.4865 32.47356 30.19479
v -256.4649 32.47356 29.7297
v -256.4649 27.47357 29.7297

vn -0.9956642 0 -0.09301966
vn -0.9956642 0 -0.09301966
vn -0.9956642 0 -0.09301966
vn -0.9956642 0 -0.09301966
vn 0 1 0
vn 0 1 0
vn 0.9956642 0 0.09301966
vn 0.9956642 0 0.09301966
vn 0 1 0
vn 0 1 0
vn 0.9956642 0 0.09301966
vn 0.9956642 0 0.09301966
vn 0 -1 0
vn 0 -1 0
vn 0 -1 0
vn 0 -1 0
vn -0.09301964 0 0.9956642
vn -0.09301964 0 0.9956642
vn -0.09301964 0 0.9956642
vn -0.09301964 0 0.9956642
vn 0.09301964 0 -0.9956642
vn 0.09301964 0 -0.9956642
vn 0.09301964 0 -0.9956642
vn 0.09301964 0 -0.9956642

vt 0 0
vt 1 0
vt 0 1
vt 1 1
vt 0 1
vt 1 1
vt 0 1
vt 1 1
vt 0 0
vt 1 0
vt 0 0
vt 1 0
vt 0 0
vt 0 1
vt 1 1
vt 1 0
vt 0 0
vt 0 1
vt 1 1
vt 1 0
vt 0 0
vt 0 1
vt 1 1
vt 1 0

usemtl Default-Material
usemap Default-Material
f 1155/1155/1155 1153/1153/1153 1156/1156/1156
f 1156/1156/1156 1153/1153/1153 1154/1154/1154
f 1157/1157/1157 1161/1161/1161 1158/1158/1158
f 1158/1158/1158 1161/1161/1161 1162/1162/1162
f 1159/1159/1159 1163/1163/1163 1160/1160/1160
f 1160/1160/1160 1163/1163/1163 1164/1164/1164
f 1166/1166/1166 1165/1165/1165 1167/1167/1167
f 1167/1167/1167 1165/1165/1165 1168/1168/1168
f 1170/1170/1170 1169/1169/1169 1171/1171/1171
f 1171/1171/1171 1169/1169/1169 1172/1172/1172
f 1174/1174/1174 1173/1173/1173 1175/1175/1175
f 1175/1175/1175 1173/1173/1173 1176/1176/1176
mtllib ./2000013.mtl
g Cube (79)
v -277.1312 27.47357 40.20132
v -214.1365 27.47357 143.4037
v -277.1312 32.47356 40.20132
v -214.1365 32.47356 143.4037
v -272.8635 32.47356 37.59628
v -209.8687 32.47356 140.7987
v -272.8635 27.47357 37.59628
v -209.8687 27.47357 140.7987
v -277.1312 32.47356 40.20132
v -214.1365 32.47356 143.4037
v -272.8635 32.47356 37.59628
v -209.8687 32.47356 140.7987
v -272.8635 27.47357 37.59628
v -277.1312 27.47357 40.20132
v -214.1365 27.47357 143.4037
v -209.8687 27.47357 140.7987
v -214.1365 27.47357 143.4037
v -214.1365 32.47356 143.4037
v -209.8687 32.47356 140.7987
v -209.8687 27.47357 140.7987
v -272.8635 27.47357 37.59628
v -272.8635 32.47356 37.59628
v -277.1312 32.47356 40.20132
v -277.1312 27.47357 40.20132

vn -0.8535516 0 0.5210081
vn -0.8535516 0 0.5210081
vn -0.8535516 0 0.5210081
vn -0.8535516 0 0.5210081
vn 0 1 0
vn 0 1 0
vn 0.8535516 0 -0.5210081
vn 0.8535516 0 -0.5210081
vn 0 1 0
vn 0 1 0
vn 0.8535516 0 -0.5210081
vn 0.8535516 0 -0.5210081
vn 0 -1 0
vn 0 -1 0
vn 0 -1 0
vn 0 -1 0
vn 0.5210081 0 0.8535516
vn 0.5210081 0 0.8535516
vn 0.5210081 0 0.8535516
vn 0.5210081 0 0.8535516
vn -0.5210081 0 -0.8535516
vn -0.5210081 0 -0.8535516
vn -0.5210081 0 -0.8535516
vn -0.5210081 0 -0.8535516

vt 0 0
vt 1 0
vt 0 1
vt 1 1
vt 0 1
vt 1 1
vt 0 1
vt 1 1
vt 0 0
vt 1 0
vt 0 0
vt 1 0
vt 0 0
vt 0 1
vt 1 1
vt 1 0
vt 0 0
vt 0 1
vt 1 1
vt 1 0
vt 0 0
vt 0 1
vt 1 1
vt 1 0

usemtl Default-Material
usemap Default-Material
f 1179/1179/1179 1177/1177/1177 1180/1180/1180
f 1180/1180/1180 1177/1177/1177 1178/1178/1178
f 1181/1181/1181 1185/1185/1185 1182/1182/1182
f 1182/1182/1182 1185/1185/1185 1186/1186/1186
f 1183/1183/1183 1187/1187/1187 1184/1184/1184
f 1184/1184/1184 1187/1187/1187 1188/1188/1188
f 1190/1190/1190 1189/1189/1189 1191/1191/1191
f 1191/1191/1191 1189/1189/1189 1192/1192/1192
f 1194/1194/1194 1193/1193/1193 1195/1195/1195
f 1195/1195/1195 1193/1193/1193 1196/1196/1196
f 1198/1198/1198 1197/1197/1197 1199/1199/1199
f 1199/1199/1199 1197/1197/1197 1200/1200/1200
mtllib ./2000013.mtl
g Cube (78)
v -254.7642 27.47357 99.12637
v -138.1579 27.47357 131.0957
v -254.7642 32.47356 99.12637
v -138.1579 32.47356 131.0957
v -253.4421 32.47356 94.30432
v -136.8358 32.47356 126.2736
v -253.4421 27.47357 94.30432
v -136.8358 27.47357 126.2736
v -254.7642 32.47356 99.12637
v -138.1579 32.47356 131.0957
v -253.4421 32.47356 94.30432
v -136.8358 32.47356 126.2736
v -253.4421 27.47357 94.30432
v -254.7642 27.47357 99.12637
v -138.1579 27.47357 131.0957
v -136.8358 27.47357 126.2736
v -138.1579 27.47357 131.0957
v -138.1579 32.47356 131.0957
v -136.8358 32.47356 126.2736
v -136.8358 27.47357 126.2736
v -253.4421 27.47357 94.30432
v -253.4421 32.47356 94.30432
v -254.7642 32.47356 99.12637
v -254.7642 27.47357 99.12637

vn -0.2644071 0 0.9644111
vn -0.2644071 0 0.9644111
vn -0.2644071 0 0.9644111
vn -0.2644071 0 0.9644111
vn 0 1 0
vn 0 1 0
vn 0.2644071 0 -0.9644111
vn 0.2644071 0 -0.9644111
vn 0 1 0
vn 0 1 0
vn 0.2644071 0 -0.9644111
vn 0.2644071 0 -0.9644111
vn 0 -1 0
vn 0 -1 0
vn 0 -1 0
vn 0 -1 0
vn 0.9644111 0 0.2644071
vn 0.9644111 0 0.2644071
vn 0.9644111 0 0.2644071
vn 0.9644111 0 0.2644071
vn -0.9644111 0 -0.2644071
vn -0.9644111 0 -0.2644071
vn -0.9644111 0 -0.2644071
vn -0.9644111 0 -0.2644071

vt 0 0
vt 1 0
vt 0 1
vt 1 1
vt 0 1
vt 1 1
vt 0 1
vt 1 1
vt 0 0
vt 1 0
vt 0 0
vt 1 0
vt 0 0
vt 0 1
vt 1 1
vt 1 0
vt 0 0
vt 0 1
vt 1 1
vt 1 0
vt 0 0
vt 0 1
vt 1 1
vt 1 0

usemtl Default-Material
usemap Default-Material
f 1203/1203/1203 1201/1201/1201 1204/1204/1204
f 1204/1204/1204 1201/1201/1201 1202/1202/1202
f 1205/1205/1205 1209/1209/1209 1206/1206/1206
f 1206/1206/1206 1209/1209/1209 1210/1210/1210
f 1207/1207/1207 1211/1211/1211 1208/1208/1208
f 1208/1208/1208 1211/1211/1211 1212/1212/1212
f 1214/1214/1214 1213/1213/1213 1215/1215/1215
f 1215/1215/1215 1213/1213/1213 1216/1216/1216
f 1218/1218/1218 1217/1217/1217 1219/1219/1219
f 1219/1219/1219 1217/1217/1217 1220/1220/1220
f 1222/1222/1222 1221/1221/1221 1223/1223/1223
f 1223/1223/1223 1221/1221/1221 1224/1224/1224
mtllib ./2000013.mtl
g Cube (77)
v -236.8096 27.47357 113.3244
v -116.7989 27.47357 128.0385
v -236.8096 32.47356 113.3244
v -116.7989 32.47356 128.0385
v -236.2011 32.47356 108.3615
v -116.1904 32.47356 123.0756
v -236.2011 27.47357 108.3615
v -116.1904 27.47357 123.0756
v -236.8096 32.47356 113.3244
v -116.7989 32.47356 128.0385
v -236.2011 32.47356 108.3615
v -116.1904 32.47356 123.0756
v -236.2011 27.47357 108.3615
v -236.8096 27.47357 113.3244
v -116.7989 27.47357 128.0385
v -116.1904 27.47357 123.0756
v -116.7989 27.47357 128.0385
v -116.7989 32.47356 128.0385
v -116.1904 32.47356 123.0756
v -116.1904 27.47357 123.0756
v -236.2011 27.47357 108.3615
v -236.2011 32.47356 108.3615
v -236.8096 32.47356 113.3244
v -236.8096 27.47357 113.3244

vn -0.1216955 0 0.9925675
vn -0.1216955 0 0.9925675
vn -0.1216955 0 0.9925675
vn -0.1216955 0 0.9925675
vn 0 1 0
vn 0 1 0
vn 0.1216955 0 -0.9925675
vn 0.1216955 0 -0.9925675
vn 0 1 0
vn 0 1 0
vn 0.1216955 0 -0.9925675
vn 0.1216955 0 -0.9925675
vn 0 -1 0
vn 0 -1 0
vn 0 -1 0
vn 0 -1 0
vn 0.9925675 0 0.1216955
vn 0.9925675 0 0.1216955
vn 0.9925675 0 0.1216955
vn 0.9925675 0 0.1216955
vn -0.9925675 0 -0.1216955
vn -0.9925675 0 -0.1216955
vn -0.9925675 0 -0.1216955
vn -0.9925675 0 -0.1216955

vt 0 0
vt 1 0
vt 0 1
vt 1 1
vt 0 1
vt 1 1
vt 0 1
vt 1 1
vt 0 0
vt 1 0
vt 0 0
vt 1 0
vt 0 0
vt 0 1
vt 1 1
vt 1 0
vt 0 0
vt 0 1
vt 1 1
vt 1 0
vt 0 0
vt 0 1
vt 1 1
vt 1 0

usemtl Default-Material
usemap Default-Material
f 1227/1227/1227 1225/1225/1225 1228/1228/1228
f 1228/1228/1228 1225/1225/1225 1226/1226/1226
f 1229/1229/1229 1233/1233/1233 1230/1230/1230
f 1230/1230/1230 1233/1233/1233 1234/1234/1234
f 1231/1231/1231 1235/1235/1235 1232/1232/1232
f 1232/1232/1232 1235/1235/1235 1236/1236/1236
f 1238/1238/1238 1237/1237/1237 1239/1239/1239
f 1239/1239/1239 1237/1237/1237 1240/1240/1240
f 1242/1242/1242 1241/1241/1241 1243/1243/1243
f 1243/1243/1243 1241/1241/1241 1244/1244/1244
f 1246/1246/1246 1245/1245/1245 1247/1247/1247
f 1247/1247/1247 1245/1245/1245 1248/1248/1248
mtllib ./2000013.mtl
g Cube (76)
v -123.3503 27.47357 124.8669
v -94.54524 27.47357 160.6675
v -123.3503 32.47356 124.8669
v -94.54524 32.47356 160.6675
v -119.4548 32.47356 121.7325
v -90.64966 32.47356 157.5331
v -119.4548 27.47357 121.7325
v -90.64966 27.47357 157.5331
v -123.3503 32.47356 124.8669
v -94.54524 32.47356 160.6675
v -119.4548 32.47356 121.7325
v -90.64966 32.47356 157.5331
v -119.4548 27.47357 121.7325
v -123.3503 27.47357 124.8669
v -94.54524 27.47357 160.6675
v -90.64966 27.47357 157.5331
v -94.54524 27.47357 160.6675
v -94.54524 32.47356 160.6675
v -90.64966 32.47356 157.5331
v -90.64966 27.47357 157.5331
v -119.4548 27.47357 121.7325
v -119.4548 32.47356 121.7325
v -123.3503 32.47356 124.8669
v -123.3503 27.47357 124.8669

vn -0.7791187 0 0.6268764
vn -0.7791187 0 0.6268764
vn -0.7791187 0 0.6268764
vn -0.7791187 0 0.6268764
vn 0 1 0
vn 0 1 0
vn 0.7791187 0 -0.6268764
vn 0.7791187 0 -0.6268764
vn 0 1 0
vn 0 1 0
vn 0.7791187 0 -0.6268764
vn 0.7791187 0 -0.6268764
vn 0 -1 0
vn 0 -1 0
vn 0 -1 0
vn 0 -1 0
vn 0.6268764 0 0.7791187
vn 0.6268764 0 0.7791187
vn 0.6268764 0 0.7791187
vn 0.6268764 0 0.7791187
vn -0.6268764 0 -0.7791187
vn -0.6268764 0 -0.7791187
vn -0.6268764 0 -0.7791187
vn -0.6268764 0 -0.7791187

vt 0 0
vt 1 0
vt 0 1
vt 1 1
vt 0 1
vt 1 1
vt 0 1
vt 1 1
vt 0 0
vt 1 0
vt 0 0
vt 1 0
vt 0 0
vt 0 1
vt 1 1
vt 1 0
vt 0 0
vt 0 1
vt 1 1
vt 1 0
vt 0 0
vt 0 1
vt 1 1
vt 1 0

usemtl Default-Material
usemap Default-Material
f 1251/1251/1251 1249/1249/1249 1252/1252/1252
f 1252/1252/1252 1249/1249/1249 1250/1250/1250
f 1253/1253/1253 1257/1257/1257 1254/1254/1254
f 1254/1254/1254 1257/1257/1257 1258/1258/1258
f 1255/1255/1255 1259/1259/1259 1256/1256/1256
f 1256/1256/1256 1259/1259/1259 1260/1260/1260
f 1262/1262/1262 1261/1261/1261 1263/1263/1263
f 1263/1263/1263 1261/1261/1261 1264/1264/1264
f 1266/1266/1266 1265/1265/1265 1267/1267/1267
f 1267/1267/1267 1265/1265/1265 1268/1268/1268
f 1270/1270/1270 1269/1269/1269 1271/1271/1271
f 1271/1271/1271 1269/1269/1269 1272/1272/1272
mtllib ./2000013.mtl
g Campfire (2)
v -44.12321 28.12532 -125.9545
v -44.34459 28.0836 -126.1202
v -43.95733 28.0969 -126.1202
v -43.95733 28.0969 -126.1202
v -43.99304 28.05583 -126.3138
v -44.33553 28.10287 -126.2508
v -44.28363 28.0381 -126.3514
v -43.99304 28.05583 -126.3138
v -44.30819 27.98479 -126.4325
v -43.93747 27.98479 -126.377
v -44.57218 27.96426 -127.3788
v -44.62584 28.1852 -127.3723
v -44.80355 27.96426 -127.6536
v -44.62584 28.1852 -127.3723
v -44.7839 28.22693 -127.5992
v -45.06293 27.96426 -127.5386
v -44.80355 27.96426 -127.6536
v -44.99348 28.19851 -127.494
v -44.7839 28.22693 -127.5992
v -44.99348 28.19851 -127.494
v -44.67776 27.99099 -127.0906
v -44.74743 28.16981 -127.1224
v -44.85921 27.99099 -127.2122
v -44.74743 28.16981 -127.1224
v -44.86305 28.12283 -127.1696
v -43.4446 27.99059 -127.6258
v -43.45891 28.12146 -127.5972
v -43.65598 27.99059 -127.6012
v -43.45891 28.12146 -127.5972
v -43.62268 28.14618 -127.5931
v -43.68382 27.99059 -127.4354
v -43.65598 27.99059 -127.6012
v -43.63909 28.12935 -127.4552
v -43.62268 28.14618 -127.5931
v -43.63909 28.12935 -127.4552
v -44.0829 27.98961 -127.5489
v -44.01292 28.13428 -127.6196
v -43.85344 27.98961 -127.7158
v -44.01292 28.13428 -127.6196
v -43.9037 28.07325 -127.7395
v -43.28263 27.97509 -126.9613
v -43.52942 27.97509 -127.0494
v -43.31321 28.15915 -126.9924
v -43.52942 27.97509 -127.0494
v -43.47121 28.23715 -127.0989
v -43.56218 27.934 -126.4048
v -43.62471 27.89116 -126.5353
v -43.60122 28.02823 -126.4431
v -43.62471 27.89116 -126.5353
v -43.63911 28.04666 -126.554
v -43.93594 28.00021 -126.2998
v -43.9073 28.16059 -126.2374
v -43.88405 28.00021 -126.1109
v -43.9073 28.16059 -126.2374
v -43.85646 28.11846 -126.1376
v -44.53788 27.95688 -127.4191
v -44.26796 28.12388 -126.968
v -44.13917 28.0469 -127.0199
v -44.40908 27.8799 -127.4711
v -44.02979 28.12388 -127.1055
v -44.29971 27.95688 -127.5566
v -44.0492 28.27784 -127.1391
v -44.31912 28.11084 -127.5902
v -44.17799 28.35482 -127.0872
v -44.44791 28.18782 -127.5383
v -44.28737 28.27784 -127.0016
v -44.55729 28.11084 -127.4527
v -44.26796 28.12388 -126.968
v -44.53788 27.95688 -127.4191
v -44.53788 27.95688 -127.4191
v -44.40908 27.8799 -127.4711
v -44.29971 27.95688 -127.5566
v -44.31912 28.11084 -127.5902
v -44.55729 28.11084 -127.4527
v -44.44791 28.18782 -127.5383
v -44.02979 28.12388 -127.1055
v -44.13917 28.0469 -127.0199
v -44.26796 28.12388 -126.968
v -44.0492 28.27784 -127.1391
v -44.28737 28.27784 -127.0016
v -44.17799 28.35482 -127.0872
v -44.59913 27.97603 -126.8542
v -44.03928 28.2922 -127.0042
v -44.105 28.37909 -127.0663
v -44.66484 28.06292 -126.9163
v -44.14651 28.48108 -127.0063
v -44.70636 28.16491 -126.8563
v -44.12231 28.49617 -126.8842
v -44.68216 28.18 -126.7342
v -44.0566 28.40927 -126.8221
v -44.61645 28.0931 -126.6721
v -44.01509 28.30729 -126.8821
v -44.57494 27.99112 -126.7321
v -44.03928 28.2922 -127.0042
v -44.59913 27.97603 -126.8542
v -44.68216 28.18 -126.7342
v -44.61645 28.0931 -126.6721
v -44.57494 27.99112 -126.7321
v -44.59913 27.97603 -126.8542
v -44.70636 28.16491 -126.8563
v -44.66484 28.06292 -126.9163
v -44.01509 28.30729 -126.8821
v -44.0566 28.40927 -126.8221
v -44.12231 28.49617 -126.8842
v -44.03928 28.2922 -127.0042
v -44.14651 28.48108 -127.0063
v -44.105 28.37909 -127.0663
v -43.48906 28.16754 -127.1914
v -43.97909 28.29548 -127.0601
v -44.01838 28.18841 -127.1024
v -43.52835 28.06047 -127.2337
v -44.02372 28.09202 -127.0284
v -43.53368 27.96408 -127.1597
v -43.98977 28.10269 -126.912
v -43.49973 27.97475 -127.0434
v -43.95047 28.20975 -126.8697
v -43.46044 28.08182 -127.001
v -43.94514 28.30615 -126.9437
v -43.4551 28.17821 -127.075
v -43.97909 28.29548 -127.0601
v -43.48906 28.16754 -127.1914
v -43.49973 27.97475 -127.0434
v -43.46044 28.08182 -127.001
v -43.4551 28.17821 -127.075
v -43.53368 27.96408 -127.1597
v -43.48906 28.16754 -127.1914
v -43.52835 28.06047 -127.2337
v -43.94514 28.30615 -126.9437
v -43.95047 28.20975 -126.8697
v -43.98977 28.10269 -126.912
v -44.02372 28.09202 -127.0284
v -43.97909 28.29548 -127.0601
v -44.01838 28.18841 -127.1024
v -43.96785 28.02373 -126.4065
v -43.96785 28.17936 -126.9276
v -44.05151 28.12056 -126.9424
v -44.05151 27.96493 -126.4214
v -44.14586 28.16141 -126.9321
v -44.14586 28.00578 -126.4111
v -44.15655 28.26106 -126.907
v -44.15655 28.10543 -126.3859
v -44.07289 28.31986 -126.8921
v -44.07289 28.16424 -126.3711
v -43.97854 28.27901 -126.9024
v -43.97854 28.12338 -126.3814
v -43.96785 28.17936 -126.9276
v -43.96785 28.02373 -126.4065
v -43.96785 28.02373 -126.4065
v -44.05151 27.96493 -126.4214
v -44.14586 28.00578 -126.4111
v -44.15655 28.10543 -126.3859
v -43.97854 28.12338 -126.3814
v -44.07289 28.16424 -126.3711
v -44.14586 28.16141 -126.9321
v -44.05151 28.12056 -126.9424
v -43.96785 28.17936 -126.9276
v -44.15655 28.26106 -126.907
v -43.97854 28.27901 -126.9024
v -44.07289 28.31986 -126.8921
v -43.80408 27.96974 -127.5693
v -43.9361 28.24798 -127.0766
v -43.85985 28.32445 -127.0993
v -43.72784 28.04621 -127.592
v -43.88732 28.4142 -127.1574
v -43.75531 28.13596 -127.6501
v -43.99104 28.42748 -127.1927
v -43.85902 28.14924 -127.6854
v -44.06729 28.35101 -127.1699
v -43.93527 28.07277 -127.6626
v -44.03982 28.26126 -127.1119
v -43.9078 27.98302 -127.6046
v -43.9361 28.24798 -127.0766
v -43.80408 27.96974 -127.5693
v -43.9078 27.98302 -127.6046
v -43.80408 27.96974 -127.5693
v -43.72784 28.04621 -127.592
v -43.93527 28.07277 -127.6626
v -43.75531 28.13596 -127.6501
v -43.85902 28.14924 -127.6854
v -43.85985 28.32445 -127.0993
v -43.9361 28.24798 -127.0766
v -44.03982 28.26126 -127.1119
v -44.06729 28.35101 -127.1699
v -43.88732 28.4142 -127.1574
v -43.99104 28.42748 -127.1927
v -43.59858 28.1195 -126.5772
v -43.98681 28.11005 -126.9679
v -43.97133 28.02296 -126.9812
v -43.5831 28.03242 -126.5904
v -44.01689 27.96181 -126.9344
v -43.62866 27.97127 -126.5437
v -44.07792 27.98775 -126.8744
v -43.68969 27.99721 -126.4837
v -44.0934 28.07484 -126.8611
v -43.70517 28.0843 -126.4704
v -44.04784 28.13599 -126.9079
v -43.65961 28.14544 -126.5172
v -43.98681 28.11005 -126.9679
v -43.59858 28.1195 -126.5772
v -43.5831 28.03242 -126.5904
v -43.62866 27.97127 -126.5437
v -43.68969 27.99721 -126.4837
v -43.70517 28.0843 -126.4704
v -43.59858 28.1195 -126.5772
v -43.65961 28.14544 -126.5172
v -44.07792 27.98775 -126.8744
v -44.01689 27.96181 -126.9344
v -43.97133 28.02296 -126.9812
v -44.0934 28.07484 -126.8611
v -43.98681 28.11005 -126.9679
v -44.04784 28.13599 -126.9079
v -44.18823 27.98716 -126.9745
v -44.13904 28.12298 -127.0209
v -43.99165 28.09735 -127.0038
v -43.97185 27.98584 -126.9896
v -44.13904 28.12298 -127.0209
v -44.12278 28.09831 -127.1202
v -43.97269 28.06817 -127.0674
v -43.99165 28.09735 -127.0038
v -44.12278 28.09831 -127.1202
v -44.16655 27.98862 -127.171
v -43.96453 27.98716 -127.1157
v -43.97269 28.06817 -127.0674
v -43.97185 27.98584 -126.9896
v -43.99165 28.09735 -127.0038
v -43.97269 28.06817 -127.0674
v -43.96453 27.98716 -127.1157
v -44.16655 27.98862 -127.171
v -44.12278 28.09831 -127.1202
v -44.13904 28.12298 -127.0209
v -44.18823 27.98716 -126.9745
v -44.16215 27.98716 -126.9802
v -44.10856 28.12298 -126.9389
v -44.13802 28.09735 -126.7821
v -44.13802 27.98584 -126.7821
v -44.10856 28.12298 -126.9389
v -44.00796 28.09831 -126.8912
v -43.98625 28.06817 -126.7557
v -44.13802 28.09735 -126.7821
v -44.00796 28.09831 -126.8912
v -43.96474 27.98862 -126.9425
v -43.93728 27.98716 -126.7553
v -43.98625 28.06817 -126.7557
v -44.13802 27.98584 -126.7821
v -44.13802 28.09735 -126.7821
v -43.98625 28.06817 -126.7557
v -43.93728 27.98716 -126.7553
v -43.96474 27.98862 -126.9425
v -44.00796 28.09831 -126.8912
v -44.10856 28.12298 -126.9389
v -44.16215 27.98716 -126.9802
v -43.96856 27.98716 -126.9616
v -43.93433 28.13419 -126.9934
v -43.81315 28.09808 -126.9829
v -43.78125 27.98584 -126.9541
v -43.93433 28.13419 -126.9934
v -43.95239 28.09942 -127.1015
v -43.85926 28.05696 -127.1044
v -43.81315 28.09808 -126.9829
v -43.95239 28.09942 -127.1015
v -43.97595 27.98862 -127.1355
v -43.81916 27.98716 -127.1415
v -43.85926 28.05696 -127.1044
v -43.78125 27.98584 -126.9541
v -43.81315 28.09808 -126.9829
v -43.85926 28.05696 -127.1044
v -43.81916 27.98716 -127.1415
v -43.97595 27.98862 -127.1355
v -43.95239 28.09942 -127.1015
v -43.93433 28.13419 -126.9934
v -43.96856 27.98716 -126.9616
v -44.065 27.98716 -126.9631
v -44.02843 28.12298 -126.9406
v -43.83012 28.09735 -126.7871
v -43.82302 27.98584 -126.7638
v -44.02843 28.12298 -126.9406
v -43.96963 28.09831 -126.9799
v -43.76359 28.06817 -126.8692
v -43.83012 28.09735 -126.7871
v -43.96963 28.09831 -126.9799
v -43.9754 27.98862 -127.0442
v -43.74047 27.98716 -126.8594
v -43.76359 28.06817 -126.8692
v -43.82302 27.98584 -126.7638
v -43.83012 28.09735 -126.7871
v -43.76359 28.06817 -126.8692
v -43.74047 27.98716 -126.8594
v -43.9754 27.98862 -127.0442
v -43.96963 28.09831 -126.9799
v -44.02843 28.12298 -126.9406
v -44.065 27.98716 -126.9631
v -44.00547 27.99806 -127.1731
v -44.08155 28.12868 -127.1862
v -44.16377 28.09147 -127.3067
v -44.15882 27.97898 -127.3253
v -44.08155 28.12868 -127.1862
v -44.1652 28.10114 -127.1316
v -44.2221 28.05981 -127.2775
v -44.16377 28.09147 -127.3067
v -44.1652 28.10114 -127.1316
v -44.16738 27.99454 -127.0598
v -44.2584 27.97762 -127.2477
v -44.2221 28.05981 -127.2775
v -44.15882 27.97898 -127.3253
v -44.16377 28.09147 -127.3067
v -44.2221 28.05981 -127.2775
v -44.2584 27.97762 -127.2477
v -44.16738 27.99454 -127.0598
v -44.1652 28.10114 -127.1316
v -44.08155 28.12868 -127.1862
v -44.00547 27.99806 -127.1731
v -44.22002 27.98716 -126.793
v -44.22504 28.12298 -126.8604
v -44.08852 28.09735 -126.943
v -44.08852 27.98584 -126.943
v -44.22504 28.12298 -126.8604
v -44.25658 28.09831 -126.9672
v -44.17009 28.06817 -127.0737
v -44.08852 28.09735 -126.943
v -44.25658 28.09831 -126.9672
v -44.3236 27.98862 -126.9652
v -44.20245 27.98716 -127.1105
v -44.17009 28.06817 -127.0737
v -44.08852 27.98584 -126.943
v -44.08852 28.09735 -126.943
v -44.17009 28.06817 -127.0737
v -44.20245 27.98716 -127.1105
v -44.3236 27.98862 -126.9652
v -44.25658 28.09831 -126.9672
v -44.22504 28.12298 -126.8604
v -44.22002 27.98716 -126.793
v -43.84208 27.98716 -127.2101
v -43.88859 28.13419 -127.2144
v -43.96157 28.09808 -127.3117
v -43.96138 27.98584 -127.3547
v -43.88859 28.13419 -127.2144
v -43.95705 28.09942 -127.1289
v -44.02136 28.05696 -127.1964
v -43.96157 28.09808 -127.3117
v -43.95705 28.09942 -127.1289
v -43.96667 27.98862 -127.0887
v -44.07575 27.98716 -127.2015
v -44.02136 28.05696 -127.1964
v -43.96138 27.98584 -127.3547
v -43.96157 28.09808 -127.3117
v -44.02136 28.05696 -127.1964
v -44.07575 27.98716 -127.2015
v -43.96667 27.98862 -127.0887
v -43.95705 28.09942 -127.1289
v -43.88859 28.13419 -127.2144
v -43.84208 27.98716 -127.2101
v -43.95098 27.98716 -127.0268
v -43.95857 28.12298 -127.0691
v -43.97649 28.09735 -127.3192
v -43.96388 27.98584 -127.3401
v -43.95857 28.12298 -127.0691
v -44.02707 28.09831 -127.0867
v -44.08202 28.06817 -127.3141
v -43.97649 28.09735 -127.3192
v -44.02707 28.09831 -127.0867
v -44.07119 27.98862 -127.0395
v -44.09012 27.98716 -127.3379
v -44.08202 28.06817 -127.3141
v -43.96388 27.98584 -127.3401
v -43.97649 28.09735 -127.3192
v -44.08202 28.06817 -127.3141
v -44.09012 27.98716 -127.3379
v -44.07119 27.98862 -127.0395
v -44.02707 28.09831 -127.0867
v -43.95857 28.12298 -127.0691
v -43.95098 27.98716 -127.0268
v -44.43424 27.98716 -127.0567
v -44.37276 28.12298 -127.0848
v -44.24783 28.09735 -126.9855
v -44.24783 27.98584 -126.9855
v -44.37276 28.12298 -127.0848
v -44.28357 28.09831 -127.1514
v -44.1536 28.06817 -127.1073
v -44.24783 28.09735 -126.9855
v -44.28357 28.09831 -127.1514
v -44.30871 27.98862 -127.2136
v -44.13037 27.98716 -127.1504
v -44.1536 28.06817 -127.1073
v -44.24783 27.98584 -126.9855
v -44.24783 28.09735 -126.9855
v -44.1536 28.06817 -127.1073
v -44.13037 27.98716 -127.1504
v -44.30871 27.98862 -127.2136
v -44.28357 28.09831 -127.1514
v -44.37276 28.12298 -127.0848
v -44.43424 27.98716 -127.0567
v -44.36849 27.9887 -127.3865
v -44.32705 28.07691 -127.3719
v -44.29293 28.06026 -127.2818
v -44.29518 27.98784 -127.2662
v -44.32705 28.07691 -127.3719
v -44.26494 28.06088 -127.3922
v -44.25058 28.04131 -127.2899
v -44.29293 28.06026 -127.2818
v -44.26494 28.06088 -127.3922
v -44.24873 27.98965 -127.4326
v -44.2203 27.9887 -127.2996
v -44.25058 28.04131 -127.2899
v -44.29518 27.98784 -127.2662
v -44.29293 28.06026 -127.2818
v -44.25058 28.04131 -127.2899
v -44.2203 27.9887 -127.2996
v -44.24873 27.98965 -127.4326
v -44.26494 28.06088 -127.3922
v -44.32705 28.07691 -127.3719
v -44.36849 27.9887 -127.3865
v -43.87123 27.9887 -126.7644
v -43.87901 28.07691 -126.7212
v -43.97826 28.06026 -126.6913
v -43.97826 27.98784 -126.6913
v -43.87901 28.07691 -126.7212
v -43.87648 28.06088 -126.6489
v -43.94815 28.04131 -126.5959
v -43.97826 28.06026 -126.6913
v -43.87648 28.06088 -126.6489
v -43.83401 27.98965 -126.6393
v -43.93375 27.9887 -126.5676
v -43.94815 28.04131 -126.5959
v -43.97826 27.98784 -126.6913
v -43.97826 28.06026 -126.6913
v -43.94815 28.04131 -126.5959
v -43.93375 27.9887 -126.5676
v -43.83401 27.98965 -126.6393
v -43.87648 28.06088 -126.6489
v -43.87901 28.07691 -126.7212
v -43.87123 27.9887 -126.7644
v -43.76759 27.9887 -126.9436
v -43.73904 28.08419 -126.9334
v -43.70892 28.06073 -126.8603
v -43.71601 27.98784 -126.8333
v -43.73904 28.08419 -126.9334
v -43.68213 28.06161 -126.976
v -43.65262 28.03403 -126.9232
v -43.70892 28.06073 -126.8603
v -43.68213 28.06161 -126.976
v -43.66956 27.98965 -126.9998
v -43.61924 27.9887 -126.9112
v -43.65262 28.03403 -126.9232
v -43.71601 27.98784 -126.8333
v -43.70892 28.06073 -126.8603
v -43.65262 28.03403 -126.9232
v -43.61924 27.9887 -126.9112
v -43.66956 27.98965 -126.9998
v -43.68213 28.06161 -126.976
v -43.73904 28.08419 -126.9334
v -43.76759 27.9887 -126.9436
v -44.09018 27.9887 -126.7239
v -44.09227 28.07691 -126.6961
v -44.12154 28.06026 -126.5359
v -44.13284 27.98784 -126.5249
v -44.09227 28.07691 -126.6961
v -44.05204 28.06088 -126.6739
v -44.05434 28.04131 -126.522
v -44.12154 28.06026 -126.5359
v -44.05204 28.06088 -126.6739
v -44.01664 27.98965 -126.6965
v -44.05309 27.9887 -126.5058
v -44.05434 28.04131 -126.522
v -44.13284 27.98784 -126.5249
v -44.12154 28.06026 -126.5359
v -44.05434 28.04131 -126.522
v -44.05309 27.9887 -126.5058
v -44.01664 27.98965 -126.6965
v -44.05204 28.06088 -126.6739
v -44.09227 28.07691 -126.6961
v -44.09018 27.9887 -126.7239
v -44.397 27.99586 -127.0637
v -44.41217 28.08068 -127.1115
v -44.36722 28.05652 -127.1949
v -44.35501 27.98346 -127.1976
v -44.41217 28.08068 -127.1115
v -44.46862 28.06279 -127.1435
v -44.40149 28.03596 -127.2198
v -44.36722 28.05652 -127.1949
v -44.46862 28.06279 -127.1435
v -44.51069 27.99357 -127.1233
v -44.42952 27.98258 -127.2319
v -44.40149 28.03596 -127.2198
v -44.35501 27.98346 -127.1976
v -44.36722 28.05652 -127.1949
v -44.40149 28.03596 -127.2198
v -44.42952 27.98258 -127.2319
v -44.51069 27.99357 -127.1233
v -44.46862 28.06279 -127.1435
v -44.41217 28.08068 -127.1115
v -44.397 27.99586 -127.0637
v -44.31974 27.9887 -126.6552
v -44.28236 28.07691 -126.6783
v -44.19391 28.06026 -126.6242
v -44.19391 27.98784 -126.6242
v -44.28236 28.07691 -126.6783
v -44.23019 28.06088 -126.7283
v -44.14291 28.04131 -126.7103
v -44.19391 28.06026 -126.6242
v -44.23019 28.06088 -126.7283
v -44.25136 27.98965 -126.7664
v -44.13138 27.9887 -126.7399
v -44.14291 28.04131 -126.7103
v -44.19391 27.98784 -126.6242
v -44.19391 28.06026 -126.6242
v -44.14291 28.04131 -126.7103
v -44.13138 27.9887 -126.7399
v -44.25136 27.98965 -126.7664
v -44.23019 28.06088 -126.7283
v -44.28236 28.07691 -126.6783
v -44.31974 27.9887 -126.6552
v -43.72719 27.9887 -127.1266
v -43.7386 28.08419 -127.1547
v -43.70428 28.06073 -127.2258
v -43.67943 27.98784 -127.2386
v -43.7386 28.08419 -127.1547
v -43.80835 28.06161 -127.1686
v -43.78868 28.03403 -127.2259
v -43.70428 28.06073 -127.2258
v -43.80835 28.06161 -127.1686
v -43.83443 27.98965 -127.1622
v -43.80196 27.9887 -127.2588
v -43.78868 28.03403 -127.2259
v -43.67943 27.98784 -127.2386
v -43.70428 28.06073 -127.2258
v -43.78868 28.03403 -127.2259
v -43.80196 27.9887 -127.2588
v -43.83443 27.98965 -127.1622
v -43.80835 28.06161 -127.1686
v -43.7386 28.08419 -127.1547
v -43.72719 27.9887 -127.1266
v -44.16005 27.9887 -127.3304
v -44.13793 28.07691 -127.3474
v -43.99904 28.06026 -127.4325
v -43.98327 27.98784 -127.4314
v -44.13793 28.07691 -127.3474
v -44.14824 28.06088 -127.3922
v -44.03354 28.04131 -127.4918
v -43.99904 28.06026 -127.4325
v -44.14824 28.06088 -127.3922
v -44.18865 27.98965 -127.4035
v -44.02225 27.9887 -127.5036
v -44.03354 28.04131 -127.4918
v -43.98327 27.98784 -127.4314
v -43.99904 28.06026 -127.4325
v -44.03354 28.04131 -127.4918
v -44.02225 27.9887 -127.5036
v -44.18865 27.98965 -127.4035
v -44.14824 28.06088 -127.3922
v -44.13793 28.07691 -127.3474
v -44.16005 27.9887 -127.3304
v -44.48256 27.9887 -126.9972
v -44.44798 28.07691 -126.9702
v -44.46795 28.06026 -126.8685
v -44.46795 27.98784 -126.8685
v -44.44798 28.07691 -126.9702
v -44.3829 28.06088 -126.9387
v -44.36953 28.04131 -126.8505
v -44.46795 28.06026 -126.8685
v -44.3829 28.06088 -126.9387
v -44.35457 27.98965 -126.9717
v -44.33773 27.9887 -126.85
v -44.36953 28.04131 -126.8505
v -44.46795 27.98784 -126.8685
v -44.46795 28.06026 -126.8685
v -44.36953 28.04131 -126.8505
v -44.33773 27.9887 -126.85
v -44.35457 27.98965 -126.9717
v -44.3829 28.06088 -126.9387
v -44.44798 28.07691 -126.9702
v -44.48256 27.9887 -126.9972
v -44.3935 27.98479 -126.0972
v -44.34459 28.0836 -126.1202
v -44.08746 27.98479 -125.909
v -44.12321 28.12532 -125.9545
v -43.87737 27.98479 -126.0997
v -44.08746 27.98479 -125.909
v -43.95733 28.0969 -126.1202
v -44.12321 28.12532 -125.9545
v -43.93747 27.98479 -126.377
v -43.87737 27.98479 -126.0997
v -43.99304 28.05583 -126.3138
v -43.95733 28.0969 -126.1202
v -44.30819 27.98479 -126.4325
v -44.28363 28.0381 -126.3514
v -44.41775 27.98479 -126.2729
v -44.33553 28.10287 -126.2508
v -44.3935 27.98479 -126.0972
v -44.41775 27.98479 -126.2729
v -44.34459 28.0836 -126.1202
v -44.33553 28.10287 -126.2508
v -44.30593 27.96426 -126.4302
v -44.38073 27.96426 -126.131
v -44.4005 28.14013 -126.4229
v -44.48257 28.17398 -126.1527
v -44.61731 27.96426 -126.0699
v -44.6369 28.18438 -126.1462
v -44.78001 27.96426 -126.1713
v -44.73198 28.20005 -126.2599
v -44.76744 28.10847 -126.4504
v -44.79667 27.96426 -126.4563
v -44.54376 27.96426 -126.5849
v -44.52582 28.06789 -126.557
v -44.30593 27.96426 -126.4302
v -44.30593 27.96426 -126.4302
v -45.09304 27.96426 -127.2565
v -45.06293 27.96426 -127.5386
v -45.02041 28.15744 -127.2991
v -44.99348 28.19851 -127.494
v -45.09304 27.96426 -127.2565
v -45.02041 28.15744 -127.2991
v -44.75857 27.96426 -127.0873
v -44.75638 28.13971 -127.172
v -44.75857 27.96426 -127.0873
v -44.75638 28.13971 -127.172
v -44.60439 27.96426 -127.2043
v -44.6755 28.20448 -127.2512
v -44.57218 27.96426 -127.3788
v -44.60439 27.96426 -127.2043
v -44.62584 28.1852 -127.3723
v -44.6755 28.20448 -127.2512
v -44.7839 28.22693 -127.5992
v -44.62584 28.1852 -127.3723
v -44.99348 28.19851 -127.494
v -45.02041 28.15744 -127.2991
v -44.6755 28.20448 -127.2512
v -44.75638 28.13971 -127.172
v -45.05523 27.99099 -127.1158
v -45.02486 28.10943 -127.091
v -45.04538 27.99099 -126.8963
v -45.00831 28.11283 -126.9111
v -45.04538 27.99099 -126.8963
v -45.00831 28.11283 -126.9111
v -44.9212 27.99099 -126.8165
v -44.92517 28.1361 -126.86
v -44.73846 27.99099 -126.8611
v -44.9212 27.99099 -126.8165
v -44.77878 28.14039 -126.8788
v -44.92517 28.1361 -126.86
v -44.73846 27.99099 -126.8611
v -44.77878 28.14039 -126.8788
v -44.67776 27.99099 -127.0906
v -44.74743 28.16981 -127.1224
v -45.05523 27.99099 -127.1158
v -44.85921 27.99099 -127.2122
v -45.02486 28.10943 -127.091
v -44.86305 28.12283 -127.1696
v -44.74743 28.16981 -127.1224
v -44.77878 28.14039 -126.8788
v -44.86305 28.12283 -127.1696
v -45.02486 28.10943 -127.091
v -44.92517 28.1361 -126.86
v -45.00831 28.11283 -126.9111
v -44.37336 27.97899 -127.4986
v -44.63393 27.97899 -127.4064
v -44.43785 28.23326 -127.5351
v -44.67577 28.16856 -127.4597
v -44.79667 27.97899 -127.5528
v -44.76294 28.16856 -127.5689
v -44.80148 27.97899 -127.7246
v -44.737 28.23326 -127.6881
v -44.60252 28.15757 -127.8329
v -44.59682 27.97899 -127.8781
v -44.37554 27.97899 -127.7529
v -44.39367 28.15757 -127.7146
v -44.37336 27.97899 -127.4986
v -44.37336 27.97899 -127.4986
v -43.55418 27.99059 -127.3285
v -43.68382 27.99059 -127.4354
v -43.55151 28.10502 -127.3783
v -43.63909 28.12935 -127.4552
v -43.55418 27.99059 -127.3285
v -43.55151 28.10502 -127.3783
v -43.36135 27.99059 -127.4385
v -43.40253 28.09451 -127.4673
v -43.36135 27.99059 -127.4385
v -43.40253 28.09451 -127.4673
v -43.3689 27.99059 -127.553
v -43.41525 28.13288 -127.5331
v -43.4446 27.99059 -127.6258
v -43.3689 27.99059 -127.553
v -43.45891 28.12146 -127.5972
v -43.41525 28.13288 -127.5331
v -43.62268 28.14618 -127.5931
v -43.45891 28.12146 -127.5972
v -43.63909 28.12935 -127.4552
v -43.55151 28.10502 -127.3783
v -43.41525 28.13288 -127.5331
v -43.40253 28.09451 -127.4673
v -43.88324 27.98961 -127.9979
v -43.92712 28.05584 -127.972
v -44.15541 27.98961 -128.0842
v -44.1539 28.06026 -128.0323
v -44.15541 27.98961 -128.0842
v -44.1539 28.06026 -128.0323
v -44.30823 27.98961 -127.9684
v -44.25346 28.09048 -127.9538
v -44.33569 27.98961 -127.7256
v -44.30823 27.98961 -127.9684
v -44.29598 28.09606 -127.7668
v -44.25346 28.09048 -127.9538
v -44.33569 27.98961 -127.7256
v -44.29598 28.09606 -127.7668
v -44.0829 27.98961 -127.5489
v -44.01292 28.13428 -127.6196
v -43.88324 27.98961 -127.9979
v -43.85344 27.98961 -127.7158
v -43.92712 28.05584 -127.972
v -43.9037 28.07325 -127.7395
v -44.01292 28.13428 -127.6196
v -44.29598 28.09606 -127.7668
v -43.9037 28.07325 -127.7395
v -43.92712 28.05584 -127.972
v -44.25346 28.09048 -127.9538
v -44.1539 28.06026 -128.0323
v -43.08289 27.97509 -127.1309
v -43.12468 28.15915 -127.1525
v -43.15881 27.97509 -127.3834
v -43.21701 28.23715 -127.334
v -43.32668 27.97509 -127.4398
v -43.15881 27.97509 -127.3834
v -43.32311 28.17047 -127.4014
v -43.21701 28.23715 -127.334
v -43.5262 27.97509 -127.3343
v -43.32668 27.97509 -127.4398
v -43.45969 28.17047 -127.3558
v -43.32311 28.17047 -127.4014
v -43.52942 27.97509 -127.0494
v -43.5262 27.97509 -127.3343
v -43.47121 28.23715 -127.0989
v -43.45969 28.17047 -127.3558
v -43.08289 27.97509 -127.1309
v -43.28263 27.97509 -126.9613
v -43.12468 28.15915 -127.1525
v -43.31321 28.15915 -126.9924
v -43.31321 28.15915 -126.9924
v -43.47121 28.23715 -127.0989
v -43.12468 28.15915 -127.1525
v -43.21701 28.23715 -127.334
v -43.32311 28.17047 -127.4014
v -43.45969 28.17047 -127.3558
v -43.57237 27.97467 -126.8191
v -43.51343 28.18613 -126.7504
v -43.43808 27.97467 -126.5985
v -43.39316 27.97467 -127.0353
v -43.35872 28.15134 -126.9962
v -43.51343 28.18613 -126.7504
v -43.41279 28.13058 -126.6423
v -43.51343 28.18613 -126.7504
v -43.17493 27.97467 -126.9923
v -43.20011 28.11473 -126.6462
v -43.17987 27.97467 -126.6045
v -43.08132 27.97467 -126.845
v -43.12848 28.11875 -126.8475
v -43.19227 28.14626 -126.9437
v -43.42194 27.98992 -126.403
v -43.46887 28.08102 -126.4414
v -43.35735 27.99663 -126.5403
v -43.45348 28.11952 -126.56
v -43.40125 27.96717 -126.6276
v -43.35735 27.99663 -126.5403
v -43.45533 28.06829 -126.624
v -43.45348 28.11952 -126.56
v -43.51753 27.91695 -126.657
v -43.40125 27.96717 -126.6276
v -43.52503 28.03626 -126.6556
v -43.45533 28.06829 -126.624
v -43.62471 27.89116 -126.5353
v -43.51753 27.91695 -126.657
v -43.63911 28.04666 -126.554
v -43.52503 28.03626 -126.6556
v -43.42194 27.98992 -126.403
v -43.56218 27.934 -126.4048
v -43.46887 28.08102 -126.4414
v -43.60122 28.02823 -126.4431
v -43.60122 28.02823 -126.4431
v -43.63911 28.04666 -126.554
v -43.46887 28.08102 -126.4414
v -43.45348 28.11952 -126.56
v -43.45533 28.06829 -126.624
v -43.52503 28.03626 -126.6556
v -43.69452 28.00021 -126.0614
v -43.70056 28.10644 -126.096
v -43.57248 28.00021 -126.2162
v -43.60634 28.10949 -126.2278
v -43.57248 28.00021 -126.2162
v -43.60634 28.10949 -126.2278
v -43.61 28.00021 -126.3431
v -43.63278 28.13035 -126.3113
v -43.76015 28.00021 -126.42
v -43.61 28.00021 -126.3431
v -43.7432 28.1342 -126.3843
v -43.63278 28.13035 -126.3113
v -43.76015 28.00021 -126.42
v -43.7432 28.1342 -126.3843
v -43.93594 28.00021 -126.2998
v -43.9073 28.16059 -126.2374
v -43.69452 28.00021 -126.0614
v -43.88405 28.00021 -126.1109
v -43.70056 28.10644 -126.096
v -43.85646 28.11846 -126.1376
v -43.9073 28.16059 -126.2374
v -43.7432 28.1342 -126.3843
v -43.85646 28.11846 -126.1376
v -43.70056 28.10644 -126.096
v -43.63278 28.13035 -126.3113
v -43.60634 28.10949 -126.2278

vn -0.03363301 0.9789043 -0.2015317
vn 0.037722 0.9965113 -0.07444683
vn -0.03363301 0.9789043 -0.2015322
vn -0.03363301 0.9789043 -0.2015322
vn -0.004617839 0.9800703 -0.198597
vn 0.1262417 0.9905577 -0.05346498
vn 0.02082422 0.8326763 -0.5533683
vn 0.09638693 0.7204535 -0.6867723
vn 0.04710681 0.797188 -0.6018906
vn 0.1049244 0.7057586 -0.7006394
vn 0.7494838 0.2005473 -0.6309159
vn 0.7809195 0.1454106 -0.6074705
vn 0.7931698 0.1218309 -0.5966898
vn 0.7809195 0.1454106 -0.6074705
vn 0.8240628 0.05511853 -0.5638105
vn -0.3887881 0.2822941 -0.877014
vn -0.4230555 0.2503057 -0.870845
vn -0.4228525 0.2504995 -0.8708879
vn -0.4612394 0.2128817 -0.8613592
vn -0.4228525 0.2504995 -0.8708879
vn 0.5552987 0.06888157 -0.8287933
vn 0.5039626 0.1146696 -0.8560798
vn 0.4978922 0.1198862 -0.8589124
vn 0.5039626 0.1146696 -0.8560798
vn 0.2509763 0.3043518 -0.9189018
vn -0.1134705 0.2005443 -0.9730911
vn -0.07658362 0.1454076 -0.9864033
vn -0.06083732 0.121828 -0.9906849
vn -0.07658362 0.1454076 -0.9864033
vn -0.01637724 0.05511554 -0.9983457
vn -0.9460838 0.2822925 -0.1588594
vn -0.9598192 0.2503048 -0.1268643
vn -0.9597432 0.2504986 -0.1270573
vn -0.9729452 0.2128816 -0.089773
vn -0.9597432 0.2504986 -0.1270573
vn 0.5846086 0.1101948 0.8037972
vn 0.6080109 0.1523626 0.7791715
vn 0.6555002 0.2486399 0.7130902
vn 0.6080109 0.1523626 0.7791715
vn 0.736509 0.5531232 0.3893701
vn -0.3346328 0.1028046 0.9367242
vn -0.3983333 0.1898279 0.8973826
vn -0.3971163 0.1881197 0.8982814
vn -0.3983333 0.1898279 0.8973826
vn -0.4476373 0.2607744 0.8553464
vn -0.8665706 -0.1677381 0.4700203
vn -0.9157315 -0.104161 0.3880543
vn -0.9148706 -0.1054402 0.3897361
vn -0.9157315 -0.104161 0.3880543
vn -0.9476182 -0.04986922 0.315488
vn -0.9620018 0.06888443 0.2642108
vn -0.9409888 0.1146725 0.3184182
vn -0.9382466 0.1198891 0.3245302
vn -0.9409888 0.1146725 0.3184182
vn -0.7906013 0.3043548 0.5313357
vn -0.6590583 -0.4857736 0.5741656
vn -0.6751588 -0.4620692 0.5750238
vn 0.1553766 -0.9530665 0.2598507
vn 0.1472582 -0.9530231 0.2646922
vn 0.8249789 -0.4647696 -0.3215569
vn 0.8135821 -0.4961978 -0.3031034
vn 0.6590582 0.4857742 -0.5741652
vn 0.6751589 0.4620696 -0.5750235
vn -0.1472585 0.9530231 -0.2646918
vn -0.1553775 0.9530665 -0.2598501
vn -0.8135816 0.4961985 0.3031039
vn -0.8249784 0.4647702 0.3215576
vn -0.6751588 -0.4620692 0.5750238
vn -0.6590583 -0.4857736 0.5741656
vn -0.484821 -0.2445315 -0.8397338
vn -0.484821 -0.2445314 -0.8397338
vn -0.4848209 -0.2445315 -0.8397338
vn -0.4848209 -0.2445315 -0.8397339
vn -0.484821 -0.2445315 -0.8397338
vn -0.484821 -0.2445314 -0.8397338
vn 0.4848216 0.2445314 0.8397334
vn 0.4848216 0.2445314 0.8397334
vn 0.4848216 0.2445313 0.8397334
vn 0.4848216 0.2445314 0.8397334
vn 0.4848216 0.2445314 0.8397334
vn 0.4848216 0.2445314 0.8397334
vn 0.3310534 -0.8132589 -0.4785535
vn 0.3310532 -0.8132588 -0.4785538
vn -0.1929673 -0.1203394 -0.9737977
vn -0.1929677 -0.1203388 -0.9737977
vn -0.5240204 0.6929185 -0.4952439
vn -0.5240204 0.6929189 -0.4952433
vn -0.3310528 0.8132579 0.4785556
vn -0.3310531 0.8132581 0.4785551
vn 0.1929682 0.1203387 0.9737976
vn 0.192968 0.1203391 0.9737976
vn 0.5240207 -0.6929188 0.4952431
vn 0.5240207 -0.6929188 0.4952432
vn 0.3310532 -0.8132588 -0.4785538
vn 0.3310534 -0.8132589 -0.4785535
vn -0.8479658 -0.4788829 0.2272117
vn -0.8479657 -0.4788829 0.2272117
vn -0.8479657 -0.478883 0.2272117
vn -0.8479657 -0.4788829 0.2272117
vn -0.8479658 -0.4788829 0.2272117
vn -0.8479657 -0.4788829 0.2272117
vn 0.8479658 0.4788832 -0.2272107
vn 0.8479658 0.4788832 -0.2272107
vn 0.8479658 0.4788832 -0.2272107
vn 0.8479658 0.4788832 -0.2272106
vn 0.8479658 0.4788831 -0.2272106
vn 0.8479658 0.4788832 -0.2272106
vn 0.04387446 0.7924298 -0.6083831
vn 0.04387441 0.7924297 -0.6083832
vn -0.2791262 -0.08772158 -0.9562393
vn -0.2791263 -0.08772246 -0.956239
vn -0.3230007 -0.8801518 -0.3478553
vn -0.3230007 -0.8801516 -0.3478556
vn -0.04387429 -0.792429 0.6083841
vn -0.04387452 -0.7924293 0.6083836
vn 0.2791261 0.08772287 0.9562391
vn 0.2791261 0.08772328 0.956239
vn 0.3230004 0.8801519 0.3478553
vn 0.3230005 0.8801517 0.3478557
vn 0.04387441 0.7924297 -0.6083832
vn 0.04387446 0.7924298 -0.6083831
vn 0.9366018 -0.2445316 -0.2509611
vn 0.9366018 -0.2445316 -0.2509611
vn 0.9366018 -0.2445316 -0.2509609
vn 0.9366018 -0.2445316 -0.2509609
vn 0.9366018 -0.2445316 -0.2509609
vn 0.9366018 -0.2445316 -0.2509611
vn -0.9366019 0.2445296 0.2509622
vn -0.9366019 0.2445296 0.2509622
vn -0.9366019 0.2445296 0.2509621
vn -0.9366019 0.2445295 0.2509621
vn -0.9366019 0.2445296 0.2509621
vn -0.9366019 0.2445295 0.2509621
vn 0.9077308 -0.4020024 -0.1200774
vn 0.9179908 -0.3800111 -0.1135086
vn 0.1047506 -0.9528974 -0.2846294
vn 0.1019214 -0.953179 -0.2847136
vn -0.8158336 -0.5540961 -0.1655082
vn -0.8027442 -0.5713784 -0.1706704
vn -0.9077308 0.4020023 0.120078
vn -0.9179908 0.3800109 0.1135091
vn -0.1019208 0.9531791 0.2847136
vn -0.10475 0.9528974 0.2846294
vn 0.8027443 0.5713785 0.1706698
vn 0.8158337 0.5540962 0.1655076
vn 0.9179908 -0.3800111 -0.1135086
vn 0.9077308 -0.4020024 -0.1200774
vn -1.192093E-07 -0.2445306 0.9696416
vn -1.192093E-07 -0.2445306 0.9696416
vn -1.192093E-07 -0.2445306 0.9696416
vn -1.192093E-07 -0.2445306 0.9696416
vn -1.192093E-07 -0.2445306 0.9696416
vn -1.192093E-07 -0.2445306 0.9696416
vn 1.192093E-07 0.2445302 -0.9696416
vn 1.192093E-07 0.2445302 -0.9696416
vn 1.192093E-07 0.2445302 -0.9696416
vn 1.192093E-07 0.2445302 -0.9696416
vn 1.192093E-07 0.2445302 -0.9696416
vn 1.192093E-07 0.2445302 -0.9696416
vn 0.248913 -0.8132587 0.5259777
vn 0.2489135 -0.8132585 0.5259778
vn 0.939817 -0.12034 0.3197848
vn 0.939817 -0.1203398 0.3197846
vn 0.6909039 0.6929185 -0.206193
vn 0.6909038 0.6929186 -0.206193
vn -0.2489133 0.8132588 -0.5259774
vn -0.2489134 0.8132588 -0.5259774
vn -0.9398172 0.1203402 -0.3197838
vn -0.9398172 0.1203403 -0.3197838
vn -0.6909043 -0.6929181 0.2061934
vn -0.6909047 -0.6929178 0.206193
vn 0.2489135 -0.8132585 0.5259778
vn 0.248913 -0.8132587 0.5259777
vn 0.2272116 -0.478882 -0.8479663
vn 0.2272116 -0.478882 -0.8479663
vn 0.2272116 -0.478882 -0.8479663
vn 0.2272115 -0.478882 -0.8479663
vn 0.2272116 -0.478882 -0.8479663
vn 0.2272116 -0.478882 -0.8479663
vn -0.2272121 0.4788817 0.8479663
vn -0.2272121 0.4788816 0.8479663
vn -0.2272121 0.4788816 0.8479663
vn -0.2272121 0.4788816 0.8479663
vn -0.2272121 0.4788816 0.8479663
vn -0.2272121 0.4788817 0.8479663
vn 0.5093697 0.6836511 -0.5226506
vn 0.50937 0.6836507 -0.5226508
vn 0.6823822 -0.2900328 -0.6709958
vn 0.6823825 -0.2900315 -0.670996
vn 0.1730141 -0.9736833 -0.1483469
vn 0.173014 -0.9736833 -0.1483469
vn -0.5093693 -0.6836519 0.5226499
vn -0.5093693 -0.6836518 0.52265
vn -0.6823825 0.2900321 0.6709959
vn -0.6823822 0.2900328 0.6709957
vn -0.1730136 0.9736835 0.1483461
vn -0.1730133 0.9736837 0.1483457
vn 0.50937 0.6836507 -0.5226508
vn 0.5093697 0.6836511 -0.5226506
vn 0.7047284 0.0171609 0.7092695
vn 0.7047284 0.0171609 0.7092695
vn 0.7047284 0.0171609 0.7092695
vn 0.7047284 0.0171609 0.7092695
vn 0.7047284 0.0171609 0.7092695
vn 0.7047284 0.0171609 0.7092695
vn -0.7047293 -0.01715989 -0.7092687
vn -0.7047293 -0.01715989 -0.7092687
vn -0.7047293 -0.01715989 -0.7092687
vn -0.7047293 -0.01715988 -0.7092687
vn -0.7047293 -0.01715989 -0.7092687
vn -0.7047293 -0.01715988 -0.7092687
vn 0.01189884 0.2363286 0.9716003
vn 0.01189884 0.2363286 0.9716003
vn 0.01189884 0.2363286 0.9716003
vn 0.01189884 0.2363286 0.9716003
vn 0.2364192 0.9366271 -0.2585257
vn 0.2364192 0.9366271 -0.2585257
vn 0.2364192 0.936627 -0.2585257
vn 0.2364192 0.9366271 -0.2585257
vn 0.3019928 0.3944887 -0.8678587
vn 0.3019928 0.3944888 -0.8678587
vn 0.3019928 0.3944888 -0.8678587
vn 0.3019928 0.3944888 -0.8678588
vn 0.9854038 0.1221098 0.1186106
vn 0.9854038 0.1221099 0.1186106
vn 0.9854038 0.1221099 0.1186106
vn 0.9854038 0.1221098 0.1186106
vn -0.924261 0.3526283 -0.1462703
vn -0.924261 0.3526283 -0.1462703
vn -0.924261 0.3526282 -0.1462703
vn -0.924261 0.3526282 -0.1462703
vn -0.9773739 0.2115143 0.001354992
vn -0.9773739 0.2115143 0.001354992
vn -0.9773739 0.2115143 0.001354992
vn -0.9773739 0.2115143 0.001354992
vn 0.1515252 0.9702021 0.1890714
vn 0.1515252 0.9702021 0.1890714
vn 0.1515252 0.9702021 0.1890714
vn 0.1515253 0.9702021 0.1890714
vn 0.8869116 0.4529289 -0.09079194
vn 0.8869116 0.452929 -0.09079194
vn 0.8869116 0.452929 -0.09079194
vn 0.8869116 0.452929 -0.09079194
vn -0.1518174 -0.03654664 0.9877326
vn -0.1518174 -0.03654664 0.9877325
vn -0.1518174 -0.03654664 0.9877325
vn -0.1518174 -0.03654664 0.9877326
vn 0.2837586 0.3275416 -0.90122
vn 0.2837587 0.3275416 -0.90122
vn 0.2837587 0.3275416 -0.90122
vn 0.2837587 0.3275416 -0.90122
vn -0.02939451 0.2277667 0.973272
vn -0.02939451 0.2277667 0.973272
vn -0.02939451 0.2277667 0.973272
vn -0.02939452 0.2277667 0.973272
vn 0.3304343 0.8647232 -0.3782418
vn 0.3304342 0.8647232 -0.3782418
vn 0.3304343 0.8647232 -0.3782418
vn 0.3304342 0.8647233 -0.3782418
vn 0.03137277 0.3686887 -0.9290233
vn 0.03137277 0.3686887 -0.9290233
vn 0.03137277 0.3686887 -0.9290233
vn 0.03137277 0.3686887 -0.9290233
vn 0.8860098 0.3635433 -0.2877896
vn 0.8860098 0.3635433 -0.2877896
vn 0.8860098 0.3635433 -0.2877896
vn 0.8860098 0.3635433 -0.2877896
vn -0.974018 0.2177619 0.06219614
vn -0.974018 0.2177619 0.06219614
vn -0.974018 0.2177619 0.06219614
vn -0.974018 0.217762 0.06219614
vn -0.6205845 0.07625932 0.7804224
vn -0.6205844 0.07625932 0.7804225
vn -0.6205844 0.07625932 0.7804225
vn -0.6205844 0.07625932 0.7804225
vn 0.2438309 0.9544907 -0.1717381
vn 0.2438309 0.9544907 -0.1717381
vn 0.2438309 0.9544907 -0.1717381
vn 0.2438309 0.9544907 -0.1717381
vn 0.5487497 0.2757356 -0.7892044
vn 0.5487497 0.2757356 -0.7892044
vn 0.5487497 0.2757356 -0.7892044
vn 0.5487497 0.2757356 -0.7892044
vn 0.7635241 0.2239522 0.6057031
vn 0.7635242 0.2239523 0.6057031
vn 0.7635241 0.2239522 0.6057031
vn 0.7635242 0.2239523 0.6057031
vn -0.5528957 0.3612035 -0.7508917
vn -0.5528957 0.3612034 -0.7508916
vn -0.5528957 0.3612034 -0.7508917
vn -0.5528957 0.3612034 -0.7508917
vn 0.7065136 0.2505244 -0.6618731
vn 0.7065136 0.2505244 -0.6618731
vn 0.7065136 0.2505244 -0.6618731
vn 0.7065136 0.2505244 -0.6618731
vn -0.4110998 0.9100158 -0.05355537
vn -0.4110997 0.9100158 -0.05355534
vn -0.4110998 0.9100158 -0.05355534
vn -0.4110998 0.9100158 -0.05355534
vn -0.8762379 0.3544025 0.3265055
vn -0.8762379 0.3544025 0.3265057
vn -0.8762379 0.3544025 0.3265056
vn -0.8762379 0.3544025 0.3265057
vn -0.5661175 0.0437986 -0.82316
vn -0.5661175 0.0437986 -0.82316
vn -0.5661175 0.0437986 -0.82316
vn -0.5661175 0.0437986 -0.8231601
vn 0.4739583 0.4239081 0.7717935
vn 0.4739583 0.4239081 0.7717935
vn 0.4739583 0.4239082 0.7717935
vn 0.4739583 0.4239081 0.7717935
vn 0.6528599 0.2115125 0.7273486
vn 0.6528599 0.2115125 0.7273487
vn 0.65286 0.2115125 0.7273487
vn 0.6528599 0.2115125 0.7273487
vn 0.03981987 0.9702018 -0.2390039
vn 0.03981987 0.9702018 -0.2390039
vn 0.03981987 0.9702018 -0.2390039
vn 0.03981987 0.9702018 -0.2390039
vn -0.6591731 0.4529318 -0.6002861
vn -0.6591731 0.4529318 -0.600286
vn -0.6591731 0.4529318 -0.6002861
vn -0.6591731 0.4529318 -0.6002861
vn 0.8372191 -0.03654656 -0.5456449
vn 0.8372191 -0.03654656 -0.5456449
vn 0.8372191 -0.03654656 -0.5456449
vn 0.8372191 -0.03654656 -0.5456448
vn -0.8607557 0.3275468 0.3896314
vn -0.8607557 0.3275468 0.3896314
vn -0.8607557 0.3275468 0.3896314
vn -0.8607557 0.3275468 0.3896314
vn 0.7447979 0.2277683 -0.6272142
vn 0.7447979 0.2277683 -0.6272142
vn 0.7447979 0.2277683 -0.6272142
vn 0.7447979 0.2277683 -0.6272142
vn -0.5022108 0.8647239 0.006060958
vn -0.5022108 0.8647239 0.006060958
vn -0.5022108 0.8647239 0.006060958
vn -0.5022108 0.8647239 0.006060958
vn -0.7131434 0.3686895 0.5962335
vn -0.7131433 0.3686895 0.5962335
vn -0.7131434 0.3686895 0.5962336
vn -0.7131433 0.3686896 0.5962335
vn -0.8053548 0.3635384 -0.4682342
vn -0.8053548 0.3635384 -0.4682342
vn -0.8053548 0.3635384 -0.4682342
vn -0.8053548 0.3635384 -0.4682342
vn 0.6959624 0.217764 0.6842623
vn 0.6959624 0.217764 0.6842623
vn 0.6959624 0.217764 0.6842623
vn 0.6959624 0.217764 0.6842624
vn 0.9953942 0.07625989 -0.05809379
vn 0.9953942 0.07625988 -0.05809379
vn 0.9953942 0.07625989 -0.05809379
vn 0.9953942 0.07625988 -0.05809379
vn -0.2905849 0.9544907 -0.06714046
vn -0.2905849 0.9544907 -0.06714046
vn -0.2905849 0.9544907 -0.06714046
vn -0.2905849 0.9544908 -0.06714046
vn -0.9540277 0.2757339 0.1174812
vn -0.9540277 0.2757339 0.1174812
vn -0.9540277 0.275734 0.1174812
vn -0.9540277 0.275734 0.1174812
vn -0.05791217 0.2239523 -0.9728779
vn -0.05791217 0.2239524 -0.9728779
vn -0.05791217 0.2239524 -0.9728779
vn -0.05791217 0.2239524 -0.9728779
vn -0.1907412 0.3612083 0.9127685
vn -0.1907412 0.3612084 0.9127685
vn -0.1907412 0.3612083 0.9127684
vn -0.1907412 0.3612084 0.9127685
vn -0.4553634 0.2115149 0.8648154
vn -0.4553634 0.2115149 0.8648154
vn -0.4553634 0.2115149 0.8648154
vn -0.4553634 0.2115149 0.8648154
vn 0.2379581 0.9702018 -0.04565531
vn 0.2379581 0.9702018 -0.04565533
vn 0.2379581 0.9702018 -0.04565531
vn 0.2379581 0.9702018 -0.04565531
vn 0.3340231 0.452932 -0.8266082
vn 0.3340231 0.4529321 -0.8266081
vn 0.3340232 0.4529321 -0.8266082
vn 0.3340231 0.4529321 -0.8266081
vn 0.8024231 -0.03654637 0.5956353
vn 0.8024231 -0.03654638 0.5956353
vn 0.8024231 -0.03654638 0.5956353
vn 0.8024231 -0.03654638 0.5956353
vn -0.6642933 0.3275438 -0.6718848
vn -0.6642933 0.3275438 -0.6718847
vn -0.6642933 0.3275438 -0.6718848
vn -0.6642933 0.3275438 -0.6718848
vn -0.8572949 0.2363245 0.4573795
vn -0.8572949 0.2363245 0.4573795
vn -0.8572949 0.2363245 0.4573796
vn -0.8572949 0.2363245 0.4573795
vn 0.3382885 0.9366274 0.09104839
vn 0.3382885 0.9366274 0.09104839
vn 0.3382885 0.9366274 0.09104839
vn 0.3382885 0.9366274 0.09104839
vn 0.9095235 0.3944902 -0.1309357
vn 0.9095237 0.3944902 -0.1309357
vn 0.9095235 0.3944902 -0.1309357
vn 0.9095237 0.3944902 -0.1309357
vn 0.3478306 0.1221112 0.9295713
vn 0.3478306 0.1221112 0.9295713
vn 0.3478307 0.1221112 0.9295712
vn 0.3478306 0.1221112 0.9295713
vn -0.2951526 0.3526279 -0.8879968
vn -0.2951526 0.3526279 -0.8879968
vn -0.2951526 0.3526279 -0.8879968
vn -0.2951526 0.3526279 -0.8879968
vn -0.4506672 0.2115149 -0.8672718
vn -0.4506673 0.2115149 -0.8672718
vn -0.4506673 0.2115149 -0.8672718
vn -0.4506673 0.2115149 -0.8672718
vn -0.09821104 0.970202 0.2215006
vn -0.09821104 0.970202 0.2215006
vn -0.09821104 0.970202 0.2215007
vn -0.09821103 0.970202 0.2215006
vn 0.4884881 0.452933 0.745809
vn 0.4884881 0.452933 0.745809
vn 0.488488 0.452933 0.745809
vn 0.4884881 0.452933 0.745809
vn -0.9469075 -0.03654774 0.3194214
vn -0.9469075 -0.03654774 0.3194214
vn -0.9469075 -0.03654774 0.3194214
vn -0.9469075 -0.03654774 0.3194215
vn 0.9307619 0.3275421 -0.162475
vn 0.9307621 0.3275421 -0.162475
vn 0.9307619 0.3275421 -0.162475
vn 0.9307619 0.3275421 -0.162475
vn -0.8777709 0.2277659 0.4214746
vn -0.8777709 0.2277659 0.4214746
vn -0.8777709 0.2277659 0.4214746
vn -0.8777709 0.2277659 0.4214746
vn 0.4878308 0.8647227 0.1194805
vn 0.4878308 0.8647228 0.1194805
vn 0.4878308 0.8647227 0.1194805
vn 0.4878308 0.8647227 0.1194805
vn 0.8393877 0.3686942 -0.3993654
vn 0.8393877 0.3686942 -0.3993654
vn 0.8393877 0.3686942 -0.3993654
vn 0.8393877 0.3686942 -0.3993655
vn 0.6630014 0.3635455 0.6544186
vn 0.6630013 0.3635455 0.6544186
vn 0.6630014 0.3635455 0.6544186
vn 0.6630013 0.3635455 0.6544187
vn -0.5031499 0.2177635 -0.8363127
vn -0.5031499 0.2177634 -0.8363127
vn -0.5031499 0.2177635 -0.8363127
vn -0.5031499 0.2177634 -0.8363127
vn -0.9783926 0.07626106 -0.1921769
vn -0.9783926 0.07626105 -0.1921769
vn -0.9783926 0.07626106 -0.1921769
vn -0.9783926 0.07626106 -0.1921769
vn 0.2646328 0.9544902 0.1375422
vn 0.2646328 0.9544902 0.1375422
vn 0.2646328 0.9544902 0.1375422
vn 0.2646328 0.9544902 0.1375422
vn 0.953156 0.2757367 0.1243497
vn 0.953156 0.2757367 0.1243497
vn 0.953156 0.2757367 0.1243497
vn 0.953156 0.2757367 0.1243497
vn -0.1867373 0.2239562 0.9565421
vn -0.1867373 0.2239562 0.9565421
vn -0.1867372 0.2239561 0.9565421
vn -0.1867373 0.2239562 0.9565421
vn 0.4125158 0.361205 -0.8362784
vn 0.4125158 0.361205 -0.8362783
vn 0.4125158 0.361205 -0.8362784
vn 0.4125158 0.361205 -0.8362784
vn 0.9126397 0.2505243 0.3229955
vn 0.9126397 0.2505243 0.3229955
vn 0.9126397 0.2505243 0.3229955
vn 0.9126397 0.2505243 0.3229955
vn -0.1414967 0.9100164 -0.389678
vn -0.1414966 0.9100164 -0.3896779
vn -0.1414966 0.9100164 -0.389678
vn -0.1414967 0.9100164 -0.3896781
vn -0.6928857 0.3544076 -0.6279367
vn -0.6928858 0.3544076 -0.6279367
vn -0.6928858 0.3544076 -0.6279367
vn -0.6928858 0.3544076 -0.6279367
vn 0.4706127 0.04379911 -0.8812522
vn 0.4706128 0.04379911 -0.8812519
vn 0.4706128 0.0437991 -0.8812519
vn 0.4706128 0.0437991 -0.8812519
vn -0.4673871 0.4239079 0.7757908
vn -0.4673871 0.4239078 0.7757908
vn -0.4673871 0.4239079 0.7757908
vn -0.4673871 0.4239079 0.7757908
vn -0.3456409 0.2115134 0.9142178
vn -0.3456408 0.2115134 0.9142178
vn -0.3456408 0.2115134 0.9142178
vn -0.3456409 0.2115134 0.9142178
vn 0.2305442 0.9702018 -0.0745524
vn 0.2305442 0.9702018 -0.0745524
vn 0.2305442 0.9702017 -0.07455239
vn 0.2305441 0.9702018 -0.07455237
vn 0.2299138 0.4529358 -0.8613877
vn 0.2299138 0.4529358 -0.8613877
vn 0.2299138 0.4529358 -0.8613877
vn 0.2299138 0.4529358 -0.8613877
vn 0.8695418 -0.03654201 0.4925056
vn 0.8695418 -0.036542 0.4925056
vn 0.8695418 -0.03654201 0.4925056
vn 0.8695418 -0.03654201 0.4925056
vn -0.7418205 0.3275394 -0.5851666
vn -0.7418205 0.3275394 -0.5851667
vn -0.7418206 0.3275394 -0.5851667
vn -0.7418205 0.3275394 -0.5851666
vn 0.8994684 0.2277631 0.3729348
vn 0.8994684 0.2277631 0.3729348
vn 0.8994684 0.2277631 0.3729348
vn 0.8994684 0.2277631 0.3729348
vn -0.2363295 0.864722 -0.4431753
vn -0.2363295 0.864722 -0.4431753
vn -0.2363296 0.864722 -0.4431753
vn -0.2363296 0.864722 -0.4431753
vn -0.8574015 0.3686885 -0.3590701
vn -0.8574015 0.3686885 -0.3590701
vn -0.8574015 0.3686886 -0.3590701
vn -0.8574015 0.3686885 -0.3590701
vn 0.04542626 0.3635389 -0.9304708
vn 0.04542626 0.3635389 -0.9304707
vn 0.04542626 0.3635389 -0.9304707
vn 0.04542626 0.3635389 -0.9304707
vn -0.2875681 0.2177639 0.9326754
vn -0.2875681 0.2177639 0.9326754
vn -0.2875682 0.2177639 0.9326754
vn -0.2875682 0.2177639 0.9326754
vn 0.509339 0.07626043 0.8571802
vn 0.509339 0.07626043 0.8571802
vn 0.509339 0.07626042 0.8571802
vn 0.509339 0.07626043 0.8571802
vn -0.07401114 0.9544912 -0.2889096
vn -0.07401114 0.9544912 -0.2889096
vn -0.07401115 0.9544912 -0.2889097
vn -0.07401114 0.9544912 -0.2889096
vn -0.5430495 0.2757345 -0.7931378
vn -0.5430495 0.2757344 -0.7931378
vn -0.5430495 0.2757345 -0.7931378
vn -0.5430495 0.2757345 -0.7931378
vn 0.8372656 0.2239564 -0.4988285
vn 0.8372656 0.2239564 -0.4988285
vn 0.8372656 0.2239564 -0.4988285
vn 0.8372656 0.2239564 -0.4988285
vn -0.8982391 0.3612104 0.2503867
vn -0.8982391 0.3612104 0.2503867
vn -0.898239 0.3612104 0.2503867
vn -0.898239 0.3612104 0.2503867
vn -0.9773515 0.2115174 -0.006650031
vn -0.9773515 0.2115174 -0.006650031
vn -0.9773515 0.2115174 -0.006650031
vn -0.9773515 0.2115174 -0.006650031
vn 0.1499719 0.9702018 0.1903076
vn 0.1499719 0.9702018 0.1903076
vn 0.1499719 0.9702018 0.1903076
vn 0.1499719 0.9702018 0.1903076
vn 0.8876225 0.4529349 -0.08352339
vn 0.8876225 0.452935 -0.08352339
vn 0.8876225 0.4529349 -0.08352339
vn 0.8876225 0.4529349 -0.08352339
vn -0.1599028 -0.03654766 0.9864559
vn -0.1599028 -0.03654766 0.9864559
vn -0.1599028 -0.03654766 0.9864559
vn -0.1599028 -0.03654766 0.9864559
vn 0.2911305 0.3275407 -0.8988659
vn 0.2911304 0.3275407 -0.898866
vn 0.2911304 0.3275407 -0.898866
vn 0.2911304 0.3275407 -0.898866
vn -0.476274 0.416226 0.7745444
vn -0.5128128 0.3454618 0.7859257
vn -0.5818184 0.1808848 0.7929489
vn -0.6083302 0.09995063 0.7873653
vn 0.5725391 0.523764 0.6307695
vn 0.6508449 0.4270817 0.6276959
vn 0.6075467 0.4828866 0.6306404
vn 0.686395 0.3759992 0.6224841
vn 0.7074602 0.6899184 -0.1533377
vn 0.7813672 0.5802753 -0.2296644
vn 0.7370574 0.6507722 -0.1823234
vn 0.8078411 0.5283632 -0.2611991
vn -0.5172497 0.7787135 -0.3550467
vn -0.551366 0.6839241 -0.477748
vn -0.564226 0.6243949 -0.5401666
vn -0.575869 0.5190895 -0.6316018
vn -0.8780878 0.4628965 0.1211966
vn -0.8503744 0.5215023 0.06998974
vn -0.8570315 0.5087929 0.08140463
vn -0.8226908 0.5678605 0.02672327
vn 0.8799455 0.4583727 -0.124861
vn 0.7226054 0.4120453 0.5550315
vn 0.5730714 0.7832409 -0.2410868
vn 0.5041161 0.7144421 0.4852209
vn -0.1310568 0.2645095 0.9554363
vn -0.1636644 0.8213252 0.5464786
vn -0.8382124 0.2756437 0.4705534
vn -0.4702969 0.8822178 -0.02263805
vn -0.5876362 0.6616833 -0.465681
vn -0.8632803 0.1940451 -0.465933
vn 0.003843439 0.2136966 -0.9768924
vn 0.11674 0.6192657 -0.7764546
vn 0.8799455 0.4583727 -0.124861
vn 0.8799455 0.4583727 -0.124861
vn -0.9383907 0.3307446 -0.1001534
vn -0.9452235 0.3148562 -0.08612818
vn -0.9447153 0.316082 -0.08720684
vn -0.9527609 0.2956994 -0.0693422
vn -0.4239304 0.3439741 0.8378333
vn -0.4126014 0.3587403 0.8372964
vn -0.3983091 0.3769352 0.8362234
vn -0.3736709 0.4072228 0.8333904
vn 0.5658625 0.3528736 0.7451711
vn 0.5437214 0.3287085 0.772216
vn 0.553377 0.3391882 0.7607399
vn 0.5263683 0.3100852 0.7916965
vn 0.9576063 0.2274133 0.1768422
vn 0.9410249 0.25787 0.219032
vn 0.9230522 0.2855518 0.2577489
vn 0.8920051 0.3252347 0.3139258
vn -0.03142285 0.9789044 0.2018878
vn -0.05921226 0.9965113 0.0588151
vn -0.0314231 0.9789043 0.201888
vn -0.058045 0.9800704 0.1899805
vn -0.1366495 0.9905576 0.01107366
vn -0.1849799 0.8446839 0.5022861
vn -0.9699086 0.2395513 0.04350215
vn -0.9647671 0.2573228 0.05485624
vn -0.9593431 0.2744529 0.06584978
vn -0.9506573 0.2992505 0.08185208
vn -0.5220753 0.2579068 0.8129706
vn -0.5377311 0.2424642 0.8075001
vn -0.5349643 0.2452223 0.8085042
vn -0.5553917 0.2245534 0.800697
vn 0.2330151 0.1766421 0.9562957
vn 0.1823793 0.22524 0.9570813
vn 0.1889752 0.2190206 0.9572451
vn 0.1140008 0.2878346 0.9508706
vn 0.9281853 0.2797182 0.2454172
vn 0.9210321 0.3303874 0.2062621
vn 0.9167327 0.3519751 0.1889829
vn 0.9090961 0.3832573 0.1632732
vn -0.4223998 0.2885055 -0.8592688
vn -0.4321909 0.2745192 -0.858982
vn -0.4279191 0.2806533 -0.8591384
vn -0.4388949 0.2647902 -0.8586369
vn -0.3965225 0.9160875 0.05961132
vn -0.1337982 0.9901732 -0.04068235
vn -0.1844175 0.9828303 -0.005896941
vn -0.0971763 0.9943739 -0.04215793
vn -0.06961478 0.9939721 -0.08469499
vn -0.2734946 0.9618482 0.006991625
vn 0.6995111 0.2412023 0.6726853
vn -0.03789992 0.2146199 0.975962
vn 0.507697 0.7453372 0.4321067
vn -0.2435176 0.5562524 0.7945329
vn -0.9005579 0.1480615 0.4087456
vn -0.7192489 0.6161371 0.3210232
vn -0.829024 0.2411776 -0.5045319
vn -0.4176762 0.859489 -0.2946615
vn -0.04421138 0.6192039 -0.7839845
vn -0.04695337 0.2441353 -0.9686038
vn 0.8271719 0.1967194 -0.5263914
vn 0.7398182 0.5497921 -0.3878112
vn 0.6995111 0.2412023 0.6726853
vn 0.6995111 0.2412023 0.6726853
vn -0.6006808 0.3307448 0.727867
vn -0.5927428 0.314856 0.7412971
vn -0.593363 0.316082 0.7402787
vn -0.5828897 0.2956989 0.7568366
vn 0.465535 0.3439764 0.815449
vn 0.4713292 0.358742 0.8057002
vn 0.478309 0.3769361 0.7931832
vn 0.4895206 0.4072226 0.7710636
vn 0.9336448 0.3528707 -0.06155849
vn 0.9440116 0.3287063 -0.02818334
vn 0.939756 0.3391855 -0.04256266
vn 0.9507047 0.3100835 -0.002970934
vn 0.6752658 0.2274117 -0.7016408
vn 0.7013336 0.2578684 -0.6645561
vn 0.7237365 0.28555 -0.6282249
vn 0.7535042 0.3252325 -0.5713625
vn 0.1511531 0.9789041 0.1374751
vn 0.01644965 0.9965113 0.08182154
vn 0.1511531 0.9789042 0.1374742
vn 0.1265462 0.9800704 0.153127
vn -0.06606182 0.9905576 0.1201311
vn 0.3172028 0.8446863 0.4311466
vn 0.2620494 0.4972724 -0.8270733
vn 0.2557742 0.5095469 -0.8215481
vn 0.2303345 0.5571135 -0.7978538
vn 0.2208275 0.5740328 -0.7884932
vn -0.5182153 0.5132495 -0.6841255
vn -0.5132254 0.4739479 -0.7155229
vn -0.5070264 0.4340408 -0.7446695
vn -0.4975345 0.3827705 -0.7784254
vn -0.9443958 0.3109676 -0.1068429
vn -0.8902301 0.4229004 -0.1692497
vn -0.9262365 0.3536386 -0.1304823
vn -0.8468823 0.4897564 -0.2071927
vn -0.5060301 0.4691119 0.7237869
vn -0.4814155 0.5042788 0.7168975
vn -0.4524947 0.5428844 0.7074779
vn -0.4411419 0.5573066 0.7034225
vn 0.8147084 0.5734509 -0.08604789
vn 0.8547017 0.5062397 -0.1149184
vn 0.8252828 0.55695 -0.09335309
vn 0.865689 0.4850976 -0.123542
vn 0.08062296 0.9160882 -0.392788
vn 0.08428067 0.9901732 -0.111596
vn 0.06906018 0.9828305 -0.1710992
vn 0.07305086 0.9943739 -0.07670724
vn 0.1034913 0.9939721 -0.03618004
vn 0.08764245 0.9618472 -0.2591694
vn 0.9418983 0.1806802 -0.2831641
vn 0.9210982 0.2265384 -0.3166358
vn 0.9198252 0.2290994 -0.3184885
vn 0.9006984 0.2649946 -0.3442675
vn 0.3129861 0.1773626 -0.9330499
vn 0.346837 0.2075191 -0.9146802
vn 0.3703066 0.2285741 -0.9003481
vn 0.3993789 0.2548336 -0.8806566
vn -0.4663907 0.06151044 -0.8824375
vn -0.4206148 0.1009098 -0.9016099
vn -0.4109846 0.1089679 -0.9051064
vn -0.3108821 0.1884854 -0.9315715
vn -0.9765892 0.2148296 -0.01102203
vn -0.9655879 0.2537689 -0.05693179
vn -0.9681239 0.245909 -0.04759115
vn -0.9435867 0.3077644 -0.1221683
vn 0.629974 0.230067 0.7417558
vn 0.6299756 0.2300642 0.7417554
vn 0.6299751 0.2300651 0.7417555
vn 0.6299769 0.2300622 0.741755
vn 0.2533248 0.9202505 0.2982706
vn 0.1185629 0.9863114 0.1145979
vn 0.2517256 0.9269537 0.2781924
vn 0.02081203 0.9995302 0.02249924
vn -0.2549119 0.9105451 -0.3254651
vn -0.08470576 0.963533 -0.2538287
vn -0.9443282 0.2872671 -0.1603798
vn -0.6327978 0.7741109 0.0178678
vn -0.488151 0.2149614 0.8458725
vn -0.4162791 0.2731229 -0.8672459
vn -0.2595543 0.7814676 -0.5673976
vn -0.6327978 0.7741109 0.0178678
vn -0.01274493 0.8619362 0.5068566
vn -0.6327978 0.7741109 0.0178678
vn 0.4922186 0.249102 -0.8340677
vn 0.3577245 0.7905843 0.4970005
vn 0.5252662 0.3118746 0.7917256
vn 0.9550502 0.2958677 -0.01847243
vn 0.8101229 0.5861242 -0.01261735
vn 0.3131997 0.8817254 -0.3527975
vn 0.7480784 0.5451689 0.3783773
vn 0.7389547 0.5851673 0.3339537
vn 0.7383598 0.5873589 0.3314126
vn 0.729039 0.6175895 0.2951023
vn 0.7471358 0.4177516 -0.5169833
vn 0.746936 0.4547879 -0.4850302
vn 0.7457138 0.480357 -0.4617013
vn 0.7428837 0.5118976 -0.4313753
vn 0.2343817 0.02579137 -0.9718024
vn 0.2630262 0.081343 -0.9613534
vn 0.2687902 0.09273481 -0.9587241
vn 0.3238802 0.2057242 -0.9234603
vn -0.7262206 -0.1478661 -0.6713711
vn -0.7034646 -0.101025 -0.7035135
vn -0.7083169 -0.1106034 -0.6971757
vn -0.6663704 -0.03343013 -0.744871
vn -0.1406349 0.3227686 0.9359713
vn -0.1406334 0.3227679 0.9359717
vn -0.1406339 0.3227681 0.9359715
vn -0.1406323 0.3227672 0.9359721
vn -0.3595186 0.8928712 0.2711591
vn -0.3554905 0.9339241 0.03758058
vn -0.3500833 0.9015564 0.2542396
vn -0.3664157 0.9254167 -0.09666124
vn -0.2940997 0.7985119 -0.5252466
vn -0.2456266 0.8969784 -0.3675557
vn 0.7624355 0.2395467 0.6010901
vn 0.7659652 0.2573184 0.5891387
vn 0.7690455 0.2744489 0.5772752
vn 0.772931 0.2992471 0.5594898
vn 0.9265171 0.2579052 -0.2739544
vn 0.9347892 0.2424607 -0.2595802
vn 0.9333518 0.2452192 -0.2621487
vn 0.9437076 0.2245479 -0.2428871
vn 0.4487793 0.1766412 -0.8760107
vn 0.4876111 0.2252378 -0.8435066
vn 0.4827269 0.2190186 -0.847942
vn 0.5352967 0.2878312 -0.7941099
vn -0.5419943 0.2797179 -0.7924644
vn -0.5621756 0.3303891 -0.7581565
vn -0.5702172 0.3519778 -0.7422695
vn -0.5812436 0.3832611 -0.7178208
vn -0.2420362 0.288509 0.9263806
vn -0.2344385 0.27452 0.9325649
vn -0.2377737 0.2806553 0.9298904
vn -0.229139 0.2647894 0.9366866
vn 0.3390419 0.9160876 0.2140891
vn 0.07466011 0.9901732 0.118249
vn 0.1357063 0.9828304 0.1250129
vn 0.04598162 0.9943739 0.09542584
vn -0.00268189 0.993972 0.1096014
vn 0.2115452 0.9618475 0.1734875

vt 0.9460291 0.6712319
vt 0.9160298 0.6464792
vt 0.9417452 0.7000623
vt 0.9417452 0.7000623
vt 0.912017 0.7135313
vt 0.8980963 0.6615314
vt 0.8808346 0.6719398
vt 0.912017 0.7135313
vt 0.8491292 0.6746233
vt 0.9003594 0.7444479
vt 0.9122097 0.6143934
vt 0.9160298 0.6464792
vt 0.9852921 0.660603
vt 0.9160298 0.6464792
vt 0.9460291 0.6712319
vt 0.9679441 0.7295607
vt 0.9852921 0.660603
vt 0.9417452 0.7000623
vt 0.9460291 0.6712319
vt 0.9417452 0.7000623
vt 0.9796757 0.6479717
vt 0.9502469 0.672142
vt 0.9703631 0.7187689
vt 0.9502469 0.672142
vt 0.9444345 0.698297
vt 0.9122097 0.6143934
vt 0.9160298 0.6464792
vt 0.9852921 0.660603
vt 0.9160298 0.6464792
vt 0.9460291 0.6712319
vt 0.9679441 0.7295607
vt 0.9852921 0.660603
vt 0.9417452 0.7000623
vt 0.9460291 0.6712319
vt 0.9417452 0.7000623
vt 0.9796757 0.6479717
vt 0.9502469 0.672142
vt 0.9703631 0.7187689
vt 0.9502469 0.672142
vt 0.9444345 0.698297
vt 0.9852532 0.6789728
vt 0.9441022 0.6255097
vt 0.9550439 0.6768124
vt 0.9441022 0.6255097
vt 0.9303713 0.6616374
vt 0.9852532 0.6789728
vt 0.9441022 0.6255097
vt 0.9550439 0.6768124
vt 0.9441022 0.6255097
vt 0.9303713 0.6616374
vt 0.9796757 0.6479717
vt 0.9502469 0.672142
vt 0.9703631 0.7187689
vt 0.9502469 0.672142
vt 0.9444345 0.698297
vt 0.5605278 0.4726478
vt 0.5605278 0.628293
vt 0.5797143 0.628293
vt 0.5797143 0.4726478
vt 0.5989007 0.628293
vt 0.5989007 0.4726478
vt 0.6180872 0.628293
vt 0.6180872 0.4726478
vt 0.6372737 0.628293
vt 0.6372737 0.4726478
vt 0.6564602 0.628293
vt 0.6564602 0.4726478
vt 0.6756467 0.628293
vt 0.6756467 0.4726478
vt 0.7398293 0.7353854
vt 0.7205797 0.7353854
vt 0.710955 0.752056
vt 0.7205797 0.7687266
vt 0.7494541 0.752056
vt 0.7398293 0.7687266
vt 0.6217598 0.6593455
vt 0.6311863 0.6756728
vt 0.6500394 0.6756728
vt 0.6311863 0.6430182
vt 0.6594659 0.6593455
vt 0.6500394 0.6430182
vt 0.5605278 0.4726478
vt 0.5605278 0.628293
vt 0.5797143 0.628293
vt 0.5797143 0.4726478
vt 0.5989007 0.628293
vt 0.5989007 0.4726478
vt 0.6180872 0.628293
vt 0.6180872 0.4726478
vt 0.6372737 0.628293
vt 0.6372737 0.4726478
vt 0.6564602 0.628293
vt 0.6564602 0.4726478
vt 0.6756467 0.628293
vt 0.6756467 0.4726478
vt 0.7205797 0.7687266
vt 0.7398293 0.7687266
vt 0.7494541 0.752056
vt 0.7398293 0.7353854
vt 0.710955 0.752056
vt 0.7205797 0.7353854
vt 0.6594659 0.6593455
vt 0.6500394 0.6430182
vt 0.6311863 0.6430182
vt 0.6500394 0.6756728
vt 0.6217598 0.6593455
vt 0.6311863 0.6756728
vt 0.5605278 0.4726478
vt 0.5605278 0.628293
vt 0.5797143 0.628293
vt 0.5797143 0.4726478
vt 0.5989007 0.628293
vt 0.5989007 0.4726478
vt 0.6180872 0.628293
vt 0.6180872 0.4726478
vt 0.6372737 0.628293
vt 0.6372737 0.4726478
vt 0.6564602 0.628293
vt 0.6564602 0.4726478
vt 0.6756467 0.628293
vt 0.6756467 0.4726478
vt 0.7205797 0.7687266
vt 0.7398293 0.7687266
vt 0.7494541 0.752056
vt 0.710955 0.752056
vt 0.7398293 0.7353854
vt 0.7205797 0.7353854
vt 0.6594659 0.6593455
vt 0.6500394 0.6430182
vt 0.6311863 0.6430182
vt 0.6217598 0.6593455
vt 0.6500394 0.6756728
vt 0.6311863 0.6756728
vt 0.5605278 0.4726478
vt 0.5605278 0.628293
vt 0.5797143 0.628293
vt 0.5797143 0.4726478
vt 0.5989007 0.628293
vt 0.5989007 0.4726478
vt 0.6180872 0.628293
vt 0.6180872 0.4726478
vt 0.6372737 0.628293
vt 0.6372737 0.4726478
vt 0.6564602 0.628293
vt 0.6564602 0.4726478
vt 0.6756467 0.628293
vt 0.6756467 0.4726478
vt 0.7398293 0.7353854
vt 0.7205797 0.7353854
vt 0.710955 0.752056
vt 0.7205797 0.7687266
vt 0.7494541 0.752056
vt 0.7398293 0.7687266
vt 0.6217598 0.6593455
vt 0.6311863 0.6756728
vt 0.6500394 0.6756728
vt 0.6311863 0.6430182
vt 0.6594659 0.6593455
vt 0.6500394 0.6430182
vt 0.5605278 0.5276033
vt 0.5605278 0.628293
vt 0.5797143 0.628293
vt 0.5797143 0.5276033
vt 0.5989007 0.628293
vt 0.5989007 0.5276033
vt 0.6180872 0.628293
vt 0.6180872 0.5276033
vt 0.6372737 0.628293
vt 0.6372737 0.5276033
vt 0.6564602 0.628293
vt 0.6564602 0.5276033
vt 0.6756467 0.628293
vt 0.6756467 0.5276033
vt 0.7494541 0.752056
vt 0.7398293 0.7353854
vt 0.7205797 0.7353854
vt 0.7398293 0.7687266
vt 0.710955 0.752056
vt 0.7205797 0.7687266
vt 0.6311863 0.6756728
vt 0.6500394 0.6756728
vt 0.6594659 0.6593455
vt 0.6500394 0.6430182
vt 0.6217598 0.6593455
vt 0.6311863 0.6430182
vt 0.5605278 0.4726478
vt 0.5605278 0.628293
vt 0.5797143 0.628293
vt 0.5797143 0.4726478
vt 0.5989007 0.628293
vt 0.5989007 0.4726478
vt 0.6180872 0.628293
vt 0.6180872 0.4726478
vt 0.6372737 0.628293
vt 0.6372737 0.4726478
vt 0.6564602 0.628293
vt 0.6564602 0.4726478
vt 0.6756467 0.628293
vt 0.6756467 0.4726478
vt 0.7205797 0.7353854
vt 0.710955 0.752056
vt 0.7205797 0.7687266
vt 0.7398293 0.7687266
vt 0.7398293 0.7353854
vt 0.7494541 0.752056
vt 0.6311863 0.6430182
vt 0.6217598 0.6593455
vt 0.6311863 0.6756728
vt 0.6500394 0.6430182
vt 0.6500394 0.6756728
vt 0.6594659 0.6593455
vt 0.7423487 0.513167
vt 0.7254042 0.5155995
vt 0.7253931 0.5325911
vt 0.7374527 0.537138
vt 0.7254042 0.5155995
vt 0.713752 0.5165744
vt 0.7174293 0.5344759
vt 0.7253931 0.5325911
vt 0.713752 0.5165744
vt 0.6993207 0.5151105
vt 0.7071511 0.5374021
vt 0.7174293 0.5344759
vt 0.724085 0.5454053
vt 0.7253931 0.5325911
vt 0.7174293 0.5344759
vt 0.7101743 0.5423096
vt 0.7049263 0.5050653
vt 0.713752 0.5165744
vt 0.7254042 0.5155995
vt 0.7262419 0.4984907
vt 0.7202713 0.5012673
vt 0.7227437 0.5185888
vt 0.7413834 0.5177584
vt 0.7429547 0.5049752
vt 0.7227437 0.5185888
vt 0.7269614 0.5310651
vt 0.7424833 0.5358466
vt 0.7413834 0.5177584
vt 0.7269614 0.5310651
vt 0.7204573 0.5444232
vt 0.7421903 0.5467858
vt 0.7424833 0.5358466
vt 0.7541713 0.5193792
vt 0.7413834 0.5177584
vt 0.7424833 0.5358466
vt 0.7511044 0.5425843
vt 0.7151706 0.5401008
vt 0.7269614 0.5310651
vt 0.7227437 0.5185888
vt 0.7052926 0.5191669
vt 0.7593399 0.516126
vt 0.7393195 0.5175179
vt 0.7417221 0.533871
vt 0.7559875 0.5402871
vt 0.7393195 0.5175179
vt 0.7243605 0.517592
vt 0.7242919 0.5309067
vt 0.7417221 0.533871
vt 0.7243605 0.517592
vt 0.7093091 0.5207736
vt 0.7168704 0.5397164
vt 0.7242919 0.5309067
vt 0.7397172 0.5493868
vt 0.7417221 0.533871
vt 0.7242919 0.5309067
vt 0.7169341 0.5397483
vt 0.715282 0.5051597
vt 0.7243605 0.517592
vt 0.7393195 0.5175179
vt 0.7366261 0.4976216
vt 0.7150139 0.5017314
vt 0.719026 0.5207811
vt 0.7534765 0.5206441
vt 0.7576742 0.505622
vt 0.719026 0.5207811
vt 0.7224564 0.5304193
vt 0.7542562 0.5356
vt 0.7534765 0.5206441
vt 0.7224564 0.5304193
vt 0.7166226 0.5468023
vt 0.757361 0.5467796
vt 0.7542562 0.5356
vt 0.7690043 0.5220696
vt 0.7534765 0.5206441
vt 0.7542562 0.5356
vt 0.7653563 0.5389305
vt 0.7117628 0.5440931
vt 0.7224564 0.5304193
vt 0.719026 0.5207811
vt 0.7022532 0.5305972
vt 0.7423487 0.513167
vt 0.7254042 0.5155995
vt 0.7253931 0.5325911
vt 0.7374527 0.537138
vt 0.7254042 0.5155995
vt 0.713752 0.5165744
vt 0.7174293 0.5344759
vt 0.7253931 0.5325911
vt 0.713752 0.5165744
vt 0.6993207 0.5151105
vt 0.7071511 0.5374021
vt 0.7174293 0.5344759
vt 0.724085 0.5454053
vt 0.7253931 0.5325911
vt 0.7174293 0.5344759
vt 0.7101743 0.5423096
vt 0.7049263 0.5050653
vt 0.713752 0.5165744
vt 0.7254042 0.5155995
vt 0.7262419 0.4984907
vt 0.7202713 0.5012673
vt 0.7227437 0.5185888
vt 0.7413834 0.5177584
vt 0.7429547 0.5049752
vt 0.7227437 0.5185888
vt 0.7269614 0.5310651
vt 0.7424833 0.5358466
vt 0.7413834 0.5177584
vt 0.7269614 0.5310651
vt 0.7204573 0.5444232
vt 0.7421903 0.5467858
vt 0.7424833 0.5358466
vt 0.7541713 0.5193792
vt 0.7413834 0.5177584
vt 0.7424833 0.5358466
vt 0.7511044 0.5425843
vt 0.7151706 0.5401008
vt 0.7269614 0.5310651
vt 0.7227437 0.5185888
vt 0.7052926 0.5191669
vt 0.7593399 0.516126
vt 0.7393195 0.5175179
vt 0.7417221 0.533871
vt 0.7559875 0.5402871
vt 0.7393195 0.5175179
vt 0.7243605 0.517592
vt 0.7242919 0.5309067
vt 0.7417221 0.533871
vt 0.7243605 0.517592
vt 0.7093091 0.5207736
vt 0.7168704 0.5397164
vt 0.7242919 0.5309067
vt 0.7397172 0.5493868
vt 0.7417221 0.533871
vt 0.7242919 0.5309067
vt 0.7169341 0.5397483
vt 0.715282 0.5051597
vt 0.7243605 0.517592
vt 0.7393195 0.5175179
vt 0.7366261 0.4976216
vt 0.7150139 0.5017314
vt 0.719026 0.5207811
vt 0.7534765 0.5206441
vt 0.7576742 0.505622
vt 0.719026 0.5207811
vt 0.7224564 0.5304193
vt 0.7542562 0.5356
vt 0.7534765 0.5206441
vt 0.7224564 0.5304193
vt 0.7166226 0.5468023
vt 0.757361 0.5467796
vt 0.7542562 0.5356
vt 0.7690043 0.5220696
vt 0.7534765 0.5206441
vt 0.7542562 0.5356
vt 0.7653563 0.5389305
vt 0.7117628 0.5440931
vt 0.7224564 0.5304193
vt 0.719026 0.5207811
vt 0.7022532 0.5305972
vt 0.7202713 0.5012673
vt 0.7227437 0.5185888
vt 0.7413834 0.5177584
vt 0.7429547 0.5049752
vt 0.7227437 0.5185888
vt 0.7269614 0.5310651
vt 0.7424833 0.5358466
vt 0.7413834 0.5177584
vt 0.7269614 0.5310651
vt 0.7204573 0.5444232
vt 0.7421903 0.5467858
vt 0.7424833 0.5358466
vt 0.7541713 0.5193792
vt 0.7413834 0.5177584
vt 0.7424833 0.5358466
vt 0.7511044 0.5425843
vt 0.7151706 0.5401008
vt 0.7269614 0.5310651
vt 0.7227437 0.5185888
vt 0.7052926 0.5191669
vt 0.5969905 0.6012237
vt 0.5855162 0.6028709
vt 0.5855086 0.6143771
vt 0.5936751 0.6174561
vt 0.5855162 0.6028709
vt 0.5776257 0.6035311
vt 0.5801159 0.6156535
vt 0.5855086 0.6143771
vt 0.5776257 0.6035311
vt 0.5678533 0.6025398
vt 0.5731557 0.617635
vt 0.5801159 0.6156535
vt 0.5846229 0.6230544
vt 0.5855086 0.6143771
vt 0.5801159 0.6156535
vt 0.5752029 0.6209581
vt 0.5716491 0.5957375
vt 0.5776257 0.6035311
vt 0.5855162 0.6028709
vt 0.5860835 0.5912853
vt 0.5820404 0.5931656
vt 0.5837146 0.6048952
vt 0.5963368 0.6043328
vt 0.5974008 0.5956764
vt 0.5837146 0.6048952
vt 0.5865707 0.6133437
vt 0.5970817 0.6165816
vt 0.5963368 0.6043328
vt 0.5865707 0.6133437
vt 0.5821663 0.6223894
vt 0.5968832 0.6239893
vt 0.5970817 0.6165816
vt 0.6049964 0.6054304
vt 0.5963368 0.6043328
vt 0.5970817 0.6165816
vt 0.6029196 0.6211442
vt 0.5785863 0.6194624
vt 0.5865707 0.6133437
vt 0.5837146 0.6048952
vt 0.5718972 0.6052866
vt 0.6562577 0.6009531
vt 0.6427006 0.6018957
vt 0.6443275 0.6129695
vt 0.6539876 0.6173143
vt 0.6427006 0.6018957
vt 0.6325707 0.6019458
vt 0.6325243 0.6109621
vt 0.6443275 0.6129695
vt 0.6325707 0.6019458
vt 0.6223784 0.6041003
vt 0.6274987 0.6169277
vt 0.6325243 0.6109621
vt 0.6429698 0.6234763
vt 0.6443275 0.6129695
vt 0.6325243 0.6109621
vt 0.6275418 0.6169493
vt 0.6264231 0.5935271
vt 0.6325707 0.6019458
vt 0.6427006 0.6018957
vt 0.6408767 0.5884224
vt 0.5784802 0.5934798
vt 0.581197 0.6063797
vt 0.6045259 0.6062869
vt 0.6073685 0.5961144
vt 0.581197 0.6063797
vt 0.5835201 0.6129065
vt 0.6050539 0.6164147
vt 0.6045259 0.6062869
vt 0.5835201 0.6129065
vt 0.5795696 0.6240005
vt 0.6071564 0.6239851
vt 0.6050539 0.6164147
vt 0.6150408 0.6072522
vt 0.6045259 0.6062869
vt 0.6050539 0.6164147
vt 0.6125705 0.61867
vt 0.5762787 0.6221659
vt 0.5835201 0.6129065
vt 0.581197 0.6063797
vt 0.569839 0.6130269
vt 0.5969905 0.6012237
vt 0.5855162 0.6028709
vt 0.5855086 0.6143771
vt 0.5936751 0.6174561
vt 0.5855162 0.6028709
vt 0.5776257 0.6035311
vt 0.5801159 0.6156535
vt 0.5855086 0.6143771
vt 0.5776257 0.6035311
vt 0.5678533 0.6025398
vt 0.5731557 0.617635
vt 0.5801159 0.6156535
vt 0.5846229 0.6230544
vt 0.5855086 0.6143771
vt 0.5801159 0.6156535
vt 0.5752029 0.6209581
vt 0.5716491 0.5957375
vt 0.5776257 0.6035311
vt 0.5855162 0.6028709
vt 0.5860835 0.5912853
vt 0.5820404 0.5931656
vt 0.5837146 0.6048952
vt 0.5963368 0.6043328
vt 0.5974008 0.5956764
vt 0.5837146 0.6048952
vt 0.5865707 0.6133437
vt 0.5970817 0.6165816
vt 0.5963368 0.6043328
vt 0.5865707 0.6133437
vt 0.5821663 0.6223894
vt 0.5968832 0.6239893
vt 0.5970817 0.6165816
vt 0.6049964 0.6054304
vt 0.5963368 0.6043328
vt 0.5970817 0.6165816
vt 0.6029196 0.6211442
vt 0.5785863 0.6194624
vt 0.5865707 0.6133437
vt 0.5837146 0.6048952
vt 0.5718972 0.6052866
vt 0.6084964 0.6032274
vt 0.5949392 0.60417
vt 0.5965662 0.6152438
vt 0.6062263 0.6195886
vt 0.5949392 0.60417
vt 0.5848094 0.6042202
vt 0.584763 0.6132364
vt 0.5965662 0.6152438
vt 0.5848094 0.6042202
vt 0.5746171 0.6063746
vt 0.5797374 0.6192021
vt 0.584763 0.6132364
vt 0.5952085 0.6257507
vt 0.5965662 0.6152438
vt 0.584763 0.6132364
vt 0.5797805 0.6192237
vt 0.5786617 0.5958014
vt 0.5848094 0.6042202
vt 0.5949392 0.60417
vt 0.5931153 0.5906968
vt 0.5784802 0.5934798
vt 0.581197 0.6063797
vt 0.6045259 0.6062869
vt 0.6073685 0.5961144
vt 0.581197 0.6063797
vt 0.5835201 0.6129065
vt 0.6050539 0.6164147
vt 0.6045259 0.6062869
vt 0.5835201 0.6129065
vt 0.5795696 0.6240005
vt 0.6071564 0.6239851
vt 0.6050539 0.6164147
vt 0.6150408 0.6072522
vt 0.6045259 0.6062869
vt 0.6050539 0.6164147
vt 0.6125705 0.61867
vt 0.5762787 0.6221659
vt 0.5835201 0.6129065
vt 0.581197 0.6063797
vt 0.569839 0.6130269
vt 0.5820404 0.5931656
vt 0.5837146 0.6048952
vt 0.5963368 0.6043328
vt 0.5974008 0.5956764
vt 0.5837146 0.6048952
vt 0.5865707 0.6133437
vt 0.5970817 0.6165816
vt 0.5963368 0.6043328
vt 0.5865707 0.6133437
vt 0.5821663 0.6223894
vt 0.5968832 0.6239893
vt 0.5970817 0.6165816
vt 0.6049964 0.6054304
vt 0.5963368 0.6043328
vt 0.5970817 0.6165816
vt 0.6029196 0.6211442
vt 0.5785863 0.6194624
vt 0.5865707 0.6133437
vt 0.5837146 0.6048952
vt 0.5718972 0.6052866
vt 0.9122097 0.6143934
vt 0.9160298 0.6464792
vt 0.9852921 0.660603
vt 0.9460291 0.6712319
vt 0.9679441 0.7295607
vt 0.9852921 0.660603
vt 0.9417452 0.7000623
vt 0.9460291 0.6712319
vt 0.9003594 0.7444479
vt 0.9679441 0.7295607
vt 0.912017 0.7135313
vt 0.9417452 0.7000623
vt 0.8491292 0.6746233
vt 0.8808346 0.6719398
vt 0.8699522 0.6289539
vt 0.8980963 0.6615314
vt 0.9122097 0.6143934
vt 0.8699522 0.6289539
vt 0.9160298 0.6464792
vt 0.8980963 0.6615314
vt 0.9441022 0.6255097
vt 0.8756537 0.6430453
vt 0.9303713 0.6616374
vt 0.8923159 0.6702211
vt 0.8595393 0.7010095
vt 0.8901305 0.6956326
vt 0.8880795 0.738316
vt 0.9077575 0.7032663
vt 0.9374659 0.7143776
vt 0.9556013 0.7382681
vt 0.9852532 0.6789728
vt 0.9550439 0.6768124
vt 0.9441022 0.6255097
vt 0.9441022 0.6255097
vt 0.9003594 0.7444479
vt 0.9679441 0.7295607
vt 0.912017 0.7135313
vt 0.9417452 0.7000623
vt 0.9003594 0.7444479
vt 0.912017 0.7135313
vt 0.8491292 0.6746233
vt 0.8808346 0.6719398
vt 0.8491292 0.6746233
vt 0.8808346 0.6719398
vt 0.8699522 0.6289539
vt 0.8980963 0.6615314
vt 0.9122097 0.6143934
vt 0.8699522 0.6289539
vt 0.9160298 0.6464792
vt 0.8980963 0.6615314
vt 0.9460291 0.6712319
vt 0.9160298 0.6464792
vt 0.9417452 0.7000623
vt 0.912017 0.7135313
vt 0.8980963 0.6615314
vt 0.8808346 0.6719398
vt 0.903224 0.740262
vt 0.9085034 0.7136939
vt 0.8524982 0.691271
vt 0.880304 0.6823515
vt 0.8524982 0.691271
vt 0.880304 0.6823515
vt 0.859188 0.6424108
vt 0.8883024 0.6620756
vt 0.9134673 0.611048
vt 0.859188 0.6424108
vt 0.9120014 0.6432992
vt 0.8883024 0.6620756
vt 0.9134673 0.611048
vt 0.9120014 0.6432992
vt 0.9796757 0.6479717
vt 0.9502469 0.672142
vt 0.903224 0.740262
vt 0.9703631 0.7187689
vt 0.9085034 0.7136939
vt 0.9444345 0.698297
vt 0.9502469 0.672142
vt 0.9120014 0.6432992
vt 0.9444345 0.698297
vt 0.9085034 0.7136939
vt 0.8883024 0.6620756
vt 0.880304 0.6823515
vt 0.9441022 0.6255097
vt 0.8756537 0.6430453
vt 0.9303713 0.6616374
vt 0.8923159 0.6702211
vt 0.8595393 0.7010095
vt 0.8901305 0.6956326
vt 0.8880795 0.738316
vt 0.9077575 0.7032663
vt 0.9374659 0.7143776
vt 0.9556013 0.7382681
vt 0.9852532 0.6789728
vt 0.9550439 0.6768124
vt 0.9441022 0.6255097
vt 0.9441022 0.6255097
vt 0.9003594 0.7444479
vt 0.9679441 0.7295607
vt 0.912017 0.7135313
vt 0.9417452 0.7000623
vt 0.9003594 0.7444479
vt 0.912017 0.7135313
vt 0.8491292 0.6746233
vt 0.8808346 0.6719398
vt 0.8491292 0.6746233
vt 0.8808346 0.6719398
vt 0.8699522 0.6289539
vt 0.8980963 0.6615314
vt 0.9122097 0.6143934
vt 0.8699522 0.6289539
vt 0.9160298 0.6464792
vt 0.8980963 0.6615314
vt 0.9460291 0.6712319
vt 0.9160298 0.6464792
vt 0.9417452 0.7000623
vt 0.912017 0.7135313
vt 0.8980963 0.6615314
vt 0.8808346 0.6719398
vt 0.903224 0.740262
vt 0.9085034 0.7136939
vt 0.8524982 0.691271
vt 0.880304 0.6823515
vt 0.8524982 0.691271
vt 0.880304 0.6823515
vt 0.859188 0.6424108
vt 0.8883024 0.6620756
vt 0.9134673 0.611048
vt 0.859188 0.6424108
vt 0.9120014 0.6432992
vt 0.8883024 0.6620756
vt 0.9134673 0.611048
vt 0.9120014 0.6432992
vt 0.9796757 0.6479717
vt 0.9502469 0.672142
vt 0.903224 0.740262
vt 0.9703631 0.7187689
vt 0.9085034 0.7136939
vt 0.9444345 0.698297
vt 0.9502469 0.672142
vt 0.9120014 0.6432992
vt 0.9444345 0.698297
vt 0.9085034 0.7136939
vt 0.8883024 0.6620756
vt 0.880304 0.6823515
vt 0.9556013 0.7382681
vt 0.9374659 0.7143776
vt 0.8880795 0.738316
vt 0.9077575 0.7032663
vt 0.8595393 0.7010095
vt 0.8880795 0.738316
vt 0.8901305 0.6956326
vt 0.9077575 0.7032663
vt 0.8756537 0.6430453
vt 0.8595393 0.7010095
vt 0.8923159 0.6702211
vt 0.8901305 0.6956326
vt 0.9441022 0.6255097
vt 0.8756537 0.6430453
vt 0.9303713 0.6616374
vt 0.8923159 0.6702211
vt 0.9556013 0.7382681
vt 0.9852532 0.6789728
vt 0.9374659 0.7143776
vt 0.9550439 0.6768124
vt 0.9550439 0.6768124
vt 0.9303713 0.6616374
vt 0.9374659 0.7143776
vt 0.9077575 0.7032663
vt 0.8901305 0.6956326
vt 0.8923159 0.6702211
vt 0.9796757 0.6479717
vt 0.9502469 0.672142
vt 0.9703631 0.7187689
vt 0.9134673 0.611048
vt 0.9120014 0.6432992
vt 0.9502469 0.672142
vt 0.9444345 0.698297
vt 0.9502469 0.672142
vt 0.859188 0.6424108
vt 0.9085034 0.7136939
vt 0.903224 0.740262
vt 0.8524982 0.691271
vt 0.880304 0.6823515
vt 0.8883024 0.6620756
vt 0.9556013 0.7382681
vt 0.9374659 0.7143776
vt 0.8880795 0.738316
vt 0.9077575 0.7032663
vt 0.8595393 0.7010095
vt 0.8880795 0.738316
vt 0.8901305 0.6956326
vt 0.9077575 0.7032663
vt 0.8756537 0.6430453
vt 0.8595393 0.7010095
vt 0.8923159 0.6702211
vt 0.8901305 0.6956326
vt 0.9441022 0.6255097
vt 0.8756537 0.6430453
vt 0.9303713 0.6616374
vt 0.8923159 0.6702211
vt 0.9556013 0.7382681
vt 0.9852532 0.6789728
vt 0.9374659 0.7143776
vt 0.9550439 0.6768124
vt 0.9550439 0.6768124
vt 0.9303713 0.6616374
vt 0.9374659 0.7143776
vt 0.9077575 0.7032663
vt 0.8901305 0.6956326
vt 0.8923159 0.6702211
vt 0.903224 0.740262
vt 0.9085034 0.7136939
vt 0.8524982 0.691271
vt 0.880304 0.6823515
vt 0.8524982 0.691271
vt 0.880304 0.6823515
vt 0.859188 0.6424108
vt 0.8883024 0.6620756
vt 0.9134673 0.611048
vt 0.859188 0.6424108
vt 0.9120014 0.6432992
vt 0.8883024 0.6620756
vt 0.9134673 0.611048
vt 0.9120014 0.6432992
vt 0.9796757 0.6479717
vt 0.9502469 0.672142
vt 0.903224 0.740262
vt 0.9703631 0.7187689
vt 0.9085034 0.7136939
vt 0.9444345 0.698297
vt 0.9502469 0.672142
vt 0.9120014 0.6432992
vt 0.9444345 0.698297
vt 0.9085034 0.7136939
vt 0.8883024 0.6620756
vt 0.880304 0.6823515

usemtl tent_stump
usemap tent_stump
f 1274/1274/1274 1273/1273/1273 1275/1275/1275
f 1274/1274/1274 1276/1276/1276 1277/1277/1277
f 1278/1278/1278 1274/1274/1274 1277/1277/1277
f 1278/1278/1278 1277/1277/1277 1279/1279/1279
f 1279/1279/1279 1280/1280/1280 1281/1281/1281
f 1280/1280/1280 1282/1282/1282 1281/1281/1281
f 1284/1284/1284 1283/1283/1283 1285/1285/1285
f 1287/1287/1287 1286/1286/1286 1285/1285/1285
f 1289/1289/1289 1288/1288/1288 1290/1290/1290
f 1291/1291/1291 1289/1289/1289 1292/1292/1292
f 1294/1294/1294 1293/1293/1293 1295/1295/1295
f 1297/1297/1297 1296/1296/1296 1295/1295/1295
f 1299/1299/1299 1298/1298/1298 1300/1300/1300
f 1302/1302/1302 1301/1301/1301 1300/1300/1300
f 1304/1304/1304 1303/1303/1303 1305/1305/1305
f 1306/1306/1306 1304/1304/1304 1307/1307/1307
f 1309/1309/1309 1308/1308/1308 1310/1310/1310
f 1312/1312/1312 1311/1311/1311 1310/1310/1310
f 1314/1314/1314 1313/1313/1313 1315/1315/1315
f 1317/1317/1317 1316/1316/1316 1315/1315/1315
f 1319/1319/1319 1318/1318/1318 1320/1320/1320
f 1322/1322/1322 1321/1321/1321 1320/1320/1320
f 1324/1324/1324 1323/1323/1323 1325/1325/1325
f 1327/1327/1327 1326/1326/1326 1325/1325/1325
f 1329/1329/1329 1328/1328/1328 1330/1330/1330
f 1330/1330/1330 1328/1328/1328 1331/1331/1331
f 1330/1330/1330 1331/1331/1331 1332/1332/1332
f 1332/1332/1332 1331/1331/1331 1333/1333/1333
f 1332/1332/1332 1333/1333/1333 1334/1334/1334
f 1334/1334/1334 1333/1333/1333 1335/1335/1335
f 1334/1334/1334 1335/1335/1335 1336/1336/1336
f 1336/1336/1336 1335/1335/1335 1337/1337/1337
f 1336/1336/1336 1337/1337/1337 1338/1338/1338
f 1338/1338/1338 1337/1337/1337 1339/1339/1339
f 1338/1338/1338 1339/1339/1339 1340/1340/1340
f 1340/1340/1340 1339/1339/1339 1341/1341/1341
f 1343/1343/1343 1342/1342/1342 1344/1344/1344
f 1345/1345/1345 1344/1344/1344 1342/1342/1342
f 1346/1346/1346 1345/1345/1345 1342/1342/1342
f 1347/1347/1347 1345/1345/1345 1346/1346/1346
f 1349/1349/1349 1348/1348/1348 1350/1350/1350
f 1351/1351/1351 1350/1350/1350 1348/1348/1348
f 1352/1352/1352 1350/1350/1350 1351/1351/1351
f 1353/1353/1353 1352/1352/1352 1351/1351/1351
f 1355/1355/1355 1354/1354/1354 1356/1356/1356
f 1356/1356/1356 1354/1354/1354 1357/1357/1357
f 1356/1356/1356 1357/1357/1357 1358/1358/1358
f 1358/1358/1358 1357/1357/1357 1359/1359/1359
f 1358/1358/1358 1359/1359/1359 1360/1360/1360
f 1360/1360/1360 1359/1359/1359 1361/1361/1361
f 1360/1360/1360 1361/1361/1361 1362/1362/1362
f 1362/1362/1362 1361/1361/1361 1363/1363/1363
f 1362/1362/1362 1363/1363/1363 1364/1364/1364
f 1364/1364/1364 1363/1363/1363 1365/1365/1365
f 1364/1364/1364 1365/1365/1365 1366/1366/1366
f 1366/1366/1366 1365/1365/1365 1367/1367/1367
f 1369/1369/1369 1368/1368/1368 1370/1370/1370
f 1371/1371/1371 1370/1370/1370 1368/1368/1368
f 1372/1372/1372 1371/1371/1371 1368/1368/1368
f 1373/1373/1373 1371/1371/1371 1372/1372/1372
f 1375/1375/1375 1374/1374/1374 1376/1376/1376
f 1377/1377/1377 1376/1376/1376 1374/1374/1374
f 1378/1378/1378 1376/1376/1376 1377/1377/1377
f 1379/1379/1379 1378/1378/1378 1377/1377/1377
f 1381/1381/1381 1380/1380/1380 1382/1382/1382
f 1382/1382/1382 1380/1380/1380 1383/1383/1383
f 1382/1382/1382 1383/1383/1383 1384/1384/1384
f 1384/1384/1384 1383/1383/1383 1385/1385/1385
f 1384/1384/1384 1385/1385/1385 1386/1386/1386
f 1386/1386/1386 1385/1385/1385 1387/1387/1387
f 1386/1386/1386 1387/1387/1387 1388/1388/1388
f 1388/1388/1388 1387/1387/1387 1389/1389/1389
f 1388/1388/1388 1389/1389/1389 1390/1390/1390
f 1390/1390/1390 1389/1389/1389 1391/1391/1391
f 1390/1390/1390 1391/1391/1391 1392/1392/1392
f 1392/1392/1392 1391/1391/1391 1393/1393/1393
f 1395/1395/1395 1394/1394/1394 1396/1396/1396
f 1397/1397/1397 1396/1396/1396 1394/1394/1394
f 1398/1398/1398 1396/1396/1396 1397/1397/1397
f 1399/1399/1399 1398/1398/1398 1397/1397/1397
f 1401/1401/1401 1400/1400/1400 1402/1402/1402
f 1403/1403/1403 1402/1402/1402 1400/1400/1400
f 1404/1404/1404 1403/1403/1403 1400/1400/1400
f 1405/1405/1405 1403/1403/1403 1404/1404/1404
f 1407/1407/1407 1406/1406/1406 1408/1408/1408
f 1408/1408/1408 1406/1406/1406 1409/1409/1409
f 1408/1408/1408 1409/1409/1409 1410/1410/1410
f 1410/1410/1410 1409/1409/1409 1411/1411/1411
f 1410/1410/1410 1411/1411/1411 1412/1412/1412
f 1412/1412/1412 1411/1411/1411 1413/1413/1413
f 1412/1412/1412 1413/1413/1413 1414/1414/1414
f 1414/1414/1414 1413/1413/1413 1415/1415/1415
f 1414/1414/1414 1415/1415/1415 1416/1416/1416
f 1416/1416/1416 1415/1415/1415 1417/1417/1417
f 1416/1416/1416 1417/1417/1417 1418/1418/1418
f 1418/1418/1418 1417/1417/1417 1419/1419/1419
f 1421/1421/1421 1420/1420/1420 1422/1422/1422
f 1423/1423/1423 1422/1422/1422 1420/1420/1420
f 1424/1424/1424 1423/1423/1423 1420/1420/1420
f 1425/1425/1425 1423/1423/1423 1424/1424/1424
f 1427/1427/1427 1426/1426/1426 1428/1428/1428
f 1429/1429/1429 1428/1428/1428 1426/1426/1426
f 1430/1430/1430 1428/1428/1428 1429/1429/1429
f 1431/1431/1431 1430/1430/1430 1429/1429/1429
f 1433/1433/1433 1432/1432/1432 1434/1434/1434
f 1434/1434/1434 1432/1432/1432 1435/1435/1435
f 1434/1434/1434 1435/1435/1435 1436/1436/1436
f 1436/1436/1436 1435/1435/1435 1437/1437/1437
f 1436/1436/1436 1437/1437/1437 1438/1438/1438
f 1438/1438/1438 1437/1437/1437 1439/1439/1439
f 1438/1438/1438 1439/1439/1439 1440/1440/1440
f 1440/1440/1440 1439/1439/1439 1441/1441/1441
f 1440/1440/1440 1441/1441/1441 1442/1442/1442
f 1442/1442/1442 1441/1441/1441 1443/1443/1443
f 1442/1442/1442 1443/1443/1443 1444/1444/1444
f 1444/1444/1444 1443/1443/1443 1445/1445/1445
f 1447/1447/1447 1446/1446/1446 1448/1448/1448
f 1449/1449/1449 1448/1448/1448 1446/1446/1446
f 1450/1450/1450 1448/1448/1448 1449/1449/1449
f 1451/1451/1451 1450/1450/1450 1449/1449/1449
f 1453/1453/1453 1452/1452/1452 1454/1454/1454
f 1455/1455/1455 1454/1454/1454 1452/1452/1452
f 1456/1456/1456 1455/1455/1455 1452/1452/1452
f 1457/1457/1457 1455/1455/1455 1456/1456/1456
f 1459/1459/1459 1458/1458/1458 1460/1460/1460
f 1460/1460/1460 1458/1458/1458 1461/1461/1461
f 1460/1460/1460 1461/1461/1461 1462/1462/1462
f 1462/1462/1462 1461/1461/1461 1463/1463/1463
f 1462/1462/1462 1463/1463/1463 1464/1464/1464
f 1464/1464/1464 1463/1463/1463 1465/1465/1465
f 1464/1464/1464 1465/1465/1465 1466/1466/1466
f 1466/1466/1466 1465/1465/1465 1467/1467/1467
f 1466/1466/1466 1467/1467/1467 1468/1468/1468
f 1468/1468/1468 1467/1467/1467 1469/1469/1469
f 1468/1468/1468 1469/1469/1469 1470/1470/1470
f 1470/1470/1470 1469/1469/1469 1471/1471/1471
f 1473/1473/1473 1472/1472/1472 1474/1474/1474
f 1475/1475/1475 1474/1474/1474 1472/1472/1472
f 1476/1476/1476 1475/1475/1475 1472/1472/1472
f 1477/1477/1477 1475/1475/1475 1476/1476/1476
f 1479/1479/1479 1478/1478/1478 1480/1480/1480
f 1481/1481/1481 1480/1480/1480 1478/1478/1478
f 1482/1482/1482 1480/1480/1480 1481/1481/1481
f 1483/1483/1483 1482/1482/1482 1481/1481/1481
f 1485/1485/1485 1484/1484/1484 1486/1486/1486
f 1486/1486/1486 1484/1484/1484 1487/1487/1487
f 1489/1489/1489 1488/1488/1488 1490/1490/1490
f 1490/1490/1490 1488/1488/1488 1491/1491/1491
f 1493/1493/1493 1492/1492/1492 1494/1494/1494
f 1494/1494/1494 1492/1492/1492 1495/1495/1495
f 1497/1497/1497 1496/1496/1496 1498/1498/1498
f 1498/1498/1498 1496/1496/1496 1499/1499/1499
f 1501/1501/1501 1500/1500/1500 1502/1502/1502
f 1502/1502/1502 1500/1500/1500 1503/1503/1503
f 1505/1505/1505 1504/1504/1504 1506/1506/1506
f 1506/1506/1506 1504/1504/1504 1507/1507/1507
f 1509/1509/1509 1508/1508/1508 1510/1510/1510
f 1510/1510/1510 1508/1508/1508 1511/1511/1511
f 1513/1513/1513 1512/1512/1512 1514/1514/1514
f 1514/1514/1514 1512/1512/1512 1515/1515/1515
f 1517/1517/1517 1516/1516/1516 1518/1518/1518
f 1518/1518/1518 1516/1516/1516 1519/1519/1519
f 1521/1521/1521 1520/1520/1520 1522/1522/1522
f 1522/1522/1522 1520/1520/1520 1523/1523/1523
f 1525/1525/1525 1524/1524/1524 1526/1526/1526
f 1526/1526/1526 1524/1524/1524 1527/1527/1527
f 1529/1529/1529 1528/1528/1528 1530/1530/1530
f 1530/1530/1530 1528/1528/1528 1531/1531/1531
f 1533/1533/1533 1532/1532/1532 1534/1534/1534
f 1534/1534/1534 1532/1532/1532 1535/1535/1535
f 1537/1537/1537 1536/1536/1536 1538/1538/1538
f 1538/1538/1538 1536/1536/1536 1539/1539/1539
f 1541/1541/1541 1540/1540/1540 1542/1542/1542
f 1542/1542/1542 1540/1540/1540 1543/1543/1543
f 1545/1545/1545 1544/1544/1544 1546/1546/1546
f 1546/1546/1546 1544/1544/1544 1547/1547/1547
f 1549/1549/1549 1548/1548/1548 1550/1550/1550
f 1550/1550/1550 1548/1548/1548 1551/1551/1551
f 1553/1553/1553 1552/1552/1552 1554/1554/1554
f 1554/1554/1554 1552/1552/1552 1555/1555/1555
f 1557/1557/1557 1556/1556/1556 1558/1558/1558
f 1558/1558/1558 1556/1556/1556 1559/1559/1559
f 1561/1561/1561 1560/1560/1560 1562/1562/1562
f 1562/1562/1562 1560/1560/1560 1563/1563/1563
f 1565/1565/1565 1564/1564/1564 1566/1566/1566
f 1566/1566/1566 1564/1564/1564 1567/1567/1567
f 1569/1569/1569 1568/1568/1568 1570/1570/1570
f 1570/1570/1570 1568/1568/1568 1571/1571/1571
f 1573/1573/1573 1572/1572/1572 1574/1574/1574
f 1574/1574/1574 1572/1572/1572 1575/1575/1575
f 1577/1577/1577 1576/1576/1576 1578/1578/1578
f 1578/1578/1578 1576/1576/1576 1579/1579/1579
f 1581/1581/1581 1580/1580/1580 1582/1582/1582
f 1582/1582/1582 1580/1580/1580 1583/1583/1583
f 1585/1585/1585 1584/1584/1584 1586/1586/1586
f 1586/1586/1586 1584/1584/1584 1587/1587/1587
f 1589/1589/1589 1588/1588/1588 1590/1590/1590
f 1590/1590/1590 1588/1588/1588 1591/1591/1591
f 1593/1593/1593 1592/1592/1592 1594/1594/1594
f 1594/1594/1594 1592/1592/1592 1595/1595/1595
f 1597/1597/1597 1596/1596/1596 1598/1598/1598
f 1598/1598/1598 1596/1596/1596 1599/1599/1599
f 1601/1601/1601 1600/1600/1600 1602/1602/1602
f 1602/1602/1602 1600/1600/1600 1603/1603/1603
f 1605/1605/1605 1604/1604/1604 1606/1606/1606
f 1606/1606/1606 1604/1604/1604 1607/1607/1607
f 1609/1609/1609 1608/1608/1608 1610/1610/1610
f 1610/1610/1610 1608/1608/1608 1611/1611/1611
f 1613/1613/1613 1612/1612/1612 1614/1614/1614
f 1614/1614/1614 1612/1612/1612 1615/1615/1615
f 1617/1617/1617 1616/1616/1616 1618/1618/1618
f 1618/1618/1618 1616/1616/1616 1619/1619/1619
f 1621/1621/1621 1620/1620/1620 1622/1622/1622
f 1622/1622/1622 1620/1620/1620 1623/1623/1623
f 1625/1625/1625 1624/1624/1624 1626/1626/1626
f 1626/1626/1626 1624/1624/1624 1627/1627/1627
f 1629/1629/1629 1628/1628/1628 1630/1630/1630
f 1630/1630/1630 1628/1628/1628 1631/1631/1631
f 1633/1633/1633 1632/1632/1632 1634/1634/1634
f 1634/1634/1634 1632/1632/1632 1635/1635/1635
f 1637/1637/1637 1636/1636/1636 1638/1638/1638
f 1638/1638/1638 1636/1636/1636 1639/1639/1639
f 1641/1641/1641 1640/1640/1640 1642/1642/1642
f 1642/1642/1642 1640/1640/1640 1643/1643/1643
f 1645/1645/1645 1644/1644/1644 1646/1646/1646
f 1646/1646/1646 1644/1644/1644 1647/1647/1647
f 1649/1649/1649 1648/1648/1648 1650/1650/1650
f 1650/1650/1650 1648/1648/1648 1651/1651/1651
f 1653/1653/1653 1652/1652/1652 1654/1654/1654
f 1654/1654/1654 1652/1652/1652 1655/1655/1655
f 1657/1657/1657 1656/1656/1656 1658/1658/1658
f 1658/1658/1658 1656/1656/1656 1659/1659/1659
f 1661/1661/1661 1660/1660/1660 1662/1662/1662
f 1662/1662/1662 1660/1660/1660 1663/1663/1663
f 1665/1665/1665 1664/1664/1664 1666/1666/1666
f 1666/1666/1666 1664/1664/1664 1667/1667/1667
f 1669/1669/1669 1668/1668/1668 1670/1670/1670
f 1670/1670/1670 1668/1668/1668 1671/1671/1671
f 1673/1673/1673 1672/1672/1672 1674/1674/1674
f 1674/1674/1674 1672/1672/1672 1675/1675/1675
f 1677/1677/1677 1676/1676/1676 1678/1678/1678
f 1678/1678/1678 1676/1676/1676 1679/1679/1679
f 1681/1681/1681 1680/1680/1680 1682/1682/1682
f 1682/1682/1682 1680/1680/1680 1683/1683/1683
f 1685/1685/1685 1684/1684/1684 1686/1686/1686
f 1686/1686/1686 1684/1684/1684 1687/1687/1687
f 1689/1689/1689 1688/1688/1688 1690/1690/1690
f 1690/1690/1690 1688/1688/1688 1691/1691/1691
f 1693/1693/1693 1692/1692/1692 1694/1694/1694
f 1694/1694/1694 1692/1692/1692 1695/1695/1695
f 1697/1697/1697 1696/1696/1696 1698/1698/1698
f 1698/1698/1698 1696/1696/1696 1699/1699/1699
f 1701/1701/1701 1700/1700/1700 1702/1702/1702
f 1702/1702/1702 1700/1700/1700 1703/1703/1703
f 1705/1705/1705 1704/1704/1704 1706/1706/1706
f 1706/1706/1706 1704/1704/1704 1707/1707/1707
f 1709/1709/1709 1708/1708/1708 1710/1710/1710
f 1710/1710/1710 1708/1708/1708 1711/1711/1711
f 1713/1713/1713 1712/1712/1712 1714/1714/1714
f 1714/1714/1714 1712/1712/1712 1715/1715/1715
f 1717/1717/1717 1716/1716/1716 1718/1718/1718
f 1718/1718/1718 1716/1716/1716 1719/1719/1719
f 1721/1721/1721 1720/1720/1720 1722/1722/1722
f 1722/1722/1722 1720/1720/1720 1723/1723/1723
f 1725/1725/1725 1724/1724/1724 1726/1726/1726
f 1726/1726/1726 1724/1724/1724 1727/1727/1727
f 1729/1729/1729 1728/1728/1728 1730/1730/1730
f 1730/1730/1730 1728/1728/1728 1731/1731/1731
f 1733/1733/1733 1732/1732/1732 1734/1734/1734
f 1734/1734/1734 1732/1732/1732 1735/1735/1735
f 1737/1737/1737 1736/1736/1736 1738/1738/1738
f 1738/1738/1738 1736/1736/1736 1739/1739/1739
f 1741/1741/1741 1740/1740/1740 1742/1742/1742
f 1742/1742/1742 1740/1740/1740 1743/1743/1743
f 1745/1745/1745 1744/1744/1744 1746/1746/1746
f 1746/1746/1746 1744/1744/1744 1747/1747/1747
f 1749/1749/1749 1748/1748/1748 1750/1750/1750
f 1750/1750/1750 1748/1748/1748 1751/1751/1751
f 1753/1753/1753 1752/1752/1752 1754/1754/1754
f 1754/1754/1754 1752/1752/1752 1755/1755/1755
f 1757/1757/1757 1756/1756/1756 1758/1758/1758
f 1758/1758/1758 1756/1756/1756 1759/1759/1759
f 1761/1761/1761 1760/1760/1760 1762/1762/1762
f 1762/1762/1762 1760/1760/1760 1763/1763/1763
f 1765/1765/1765 1764/1764/1764 1766/1766/1766
f 1766/1766/1766 1764/1764/1764 1767/1767/1767
f 1769/1769/1769 1768/1768/1768 1770/1770/1770
f 1770/1770/1770 1768/1768/1768 1771/1771/1771
f 1773/1773/1773 1772/1772/1772 1774/1774/1774
f 1774/1774/1774 1772/1772/1772 1775/1775/1775
f 1777/1777/1777 1776/1776/1776 1778/1778/1778
f 1778/1778/1778 1776/1776/1776 1779/1779/1779
f 1781/1781/1781 1780/1780/1780 1782/1782/1782
f 1782/1782/1782 1780/1780/1780 1783/1783/1783
f 1785/1785/1785 1784/1784/1784 1786/1786/1786
f 1786/1786/1786 1784/1784/1784 1787/1787/1787
f 1789/1789/1789 1788/1788/1788 1790/1790/1790
f 1790/1790/1790 1788/1788/1788 1791/1791/1791
f 1793/1793/1793 1792/1792/1792 1794/1794/1794
f 1794/1794/1794 1792/1792/1792 1795/1795/1795
f 1797/1797/1797 1796/1796/1796 1798/1798/1798
f 1798/1798/1798 1796/1796/1796 1799/1799/1799
f 1801/1801/1801 1800/1800/1800 1802/1802/1802
f 1802/1802/1802 1800/1800/1800 1803/1803/1803
f 1805/1805/1805 1804/1804/1804 1806/1806/1806
f 1806/1806/1806 1804/1804/1804 1807/1807/1807
f 1809/1809/1809 1808/1808/1808 1810/1810/1810
f 1810/1810/1810 1808/1808/1808 1811/1811/1811
f 1813/1813/1813 1812/1812/1812 1814/1814/1814
f 1814/1814/1814 1812/1812/1812 1815/1815/1815
f 1817/1817/1817 1816/1816/1816 1818/1818/1818
f 1818/1818/1818 1816/1816/1816 1819/1819/1819
f 1821/1821/1821 1820/1820/1820 1822/1822/1822
f 1822/1822/1822 1820/1820/1820 1823/1823/1823
f 1825/1825/1825 1824/1824/1824 1826/1826/1826
f 1826/1826/1826 1824/1824/1824 1827/1827/1827
f 1829/1829/1829 1828/1828/1828 1830/1830/1830
f 1830/1830/1830 1828/1828/1828 1831/1831/1831
f 1833/1833/1833 1832/1832/1832 1834/1834/1834
f 1834/1834/1834 1832/1832/1832 1835/1835/1835
f 1837/1837/1837 1836/1836/1836 1838/1838/1838
f 1838/1838/1838 1836/1836/1836 1839/1839/1839
f 1841/1841/1841 1840/1840/1840 1842/1842/1842
f 1842/1842/1842 1840/1840/1840 1843/1843/1843
f 1845/1845/1845 1844/1844/1844 1846/1846/1846
f 1847/1847/1847 1845/1845/1845 1846/1846/1846
f 1849/1849/1849 1848/1848/1848 1850/1850/1850
f 1851/1851/1851 1849/1849/1849 1850/1850/1850
f 1853/1853/1853 1852/1852/1852 1854/1854/1854
f 1855/1855/1855 1853/1853/1853 1854/1854/1854
f 1857/1857/1857 1856/1856/1856 1858/1858/1858
f 1859/1859/1859 1857/1857/1857 1858/1858/1858
f 1861/1861/1861 1860/1860/1860 1862/1862/1862
f 1863/1863/1863 1861/1861/1861 1862/1862/1862
f 1865/1865/1865 1864/1864/1864 1866/1866/1866
f 1867/1867/1867 1865/1865/1865 1866/1866/1866
f 1868/1868/1868 1865/1865/1865 1867/1867/1867
f 1869/1869/1869 1868/1868/1868 1867/1867/1867
f 1866/1866/1866 1869/1869/1869 1867/1867/1867
f 1870/1870/1870 1868/1868/1868 1869/1869/1869
f 1871/1871/1871 1870/1870/1870 1869/1869/1869
f 1866/1866/1866 1871/1871/1871 1869/1869/1869
f 1871/1871/1871 1872/1872/1872 1870/1870/1870
f 1871/1871/1871 1866/1866/1866 1872/1872/1872
f 1872/1872/1872 1873/1873/1873 1870/1870/1870
f 1874/1874/1874 1873/1873/1873 1872/1872/1872
f 1866/1866/1866 1875/1875/1875 1872/1872/1872
f 1875/1875/1875 1874/1874/1874 1872/1872/1872
f 1866/1866/1866 1876/1876/1876 1875/1875/1875
f 1877/1877/1877 1874/1874/1874 1875/1875/1875
f 1879/1879/1879 1878/1878/1878 1880/1880/1880
f 1881/1881/1881 1879/1879/1879 1880/1880/1880
f 1883/1883/1883 1882/1882/1882 1884/1884/1884
f 1885/1885/1885 1883/1883/1883 1884/1884/1884
f 1887/1887/1887 1886/1886/1886 1888/1888/1888
f 1889/1889/1889 1887/1887/1887 1888/1888/1888
f 1891/1891/1891 1890/1890/1890 1892/1892/1892
f 1893/1893/1893 1891/1891/1891 1892/1892/1892
f 1895/1895/1895 1894/1894/1894 1896/1896/1896
f 1895/1895/1895 1896/1896/1896 1897/1897/1897
f 1898/1898/1898 1895/1895/1895 1897/1897/1897
f 1898/1898/1898 1897/1897/1897 1899/1899/1899
f 1901/1901/1901 1900/1900/1900 1902/1902/1902
f 1903/1903/1903 1901/1901/1901 1902/1902/1902
f 1905/1905/1905 1904/1904/1904 1906/1906/1906
f 1907/1907/1907 1905/1905/1905 1906/1906/1906
f 1909/1909/1909 1908/1908/1908 1910/1910/1910
f 1911/1911/1911 1909/1909/1909 1910/1910/1910
f 1913/1913/1913 1912/1912/1912 1914/1914/1914
f 1915/1915/1915 1913/1913/1913 1914/1914/1914
f 1917/1917/1917 1916/1916/1916 1918/1918/1918
f 1919/1919/1919 1917/1917/1917 1918/1918/1918
f 1921/1921/1921 1920/1920/1920 1922/1922/1922
f 1921/1921/1921 1922/1922/1922 1923/1923/1923
f 1924/1924/1924 1921/1921/1921 1923/1923/1923
f 1924/1924/1924 1923/1923/1923 1925/1925/1925
f 1927/1927/1927 1926/1926/1926 1928/1928/1928
f 1929/1929/1929 1927/1927/1927 1928/1928/1928
f 1930/1930/1930 1927/1927/1927 1929/1929/1929
f 1931/1931/1931 1930/1930/1930 1929/1929/1929
f 1928/1928/1928 1931/1931/1931 1929/1929/1929
f 1932/1932/1932 1930/1930/1930 1931/1931/1931
f 1933/1933/1933 1932/1932/1932 1931/1931/1931
f 1928/1928/1928 1933/1933/1933 1931/1931/1931
f 1933/1933/1933 1934/1934/1934 1932/1932/1932
f 1933/1933/1933 1928/1928/1928 1934/1934/1934
f 1934/1934/1934 1935/1935/1935 1932/1932/1932
f 1936/1936/1936 1935/1935/1935 1934/1934/1934
f 1928/1928/1928 1937/1937/1937 1934/1934/1934
f 1937/1937/1937 1936/1936/1936 1934/1934/1934
f 1928/1928/1928 1938/1938/1938 1937/1937/1937
f 1939/1939/1939 1936/1936/1936 1937/1937/1937
f 1941/1941/1941 1940/1940/1940 1942/1942/1942
f 1943/1943/1943 1941/1941/1941 1942/1942/1942
f 1945/1945/1945 1944/1944/1944 1946/1946/1946
f 1947/1947/1947 1945/1945/1945 1946/1946/1946
f 1949/1949/1949 1948/1948/1948 1950/1950/1950
f 1951/1951/1951 1949/1949/1949 1950/1950/1950
f 1953/1953/1953 1952/1952/1952 1954/1954/1954
f 1955/1955/1955 1953/1953/1953 1954/1954/1954
f 1957/1957/1957 1956/1956/1956 1958/1958/1958
f 1957/1957/1957 1958/1958/1958 1959/1959/1959
f 1960/1960/1960 1957/1957/1957 1959/1959/1959
f 1960/1960/1960 1959/1959/1959 1961/1961/1961
f 1963/1963/1963 1962/1962/1962 1964/1964/1964
f 1965/1965/1965 1963/1963/1963 1964/1964/1964
f 1967/1967/1967 1966/1966/1966 1968/1968/1968
f 1969/1969/1969 1967/1967/1967 1968/1968/1968
f 1971/1971/1971 1970/1970/1970 1972/1972/1972
f 1973/1973/1973 1971/1971/1971 1972/1972/1972
f 1975/1975/1975 1974/1974/1974 1976/1976/1976
f 1977/1977/1977 1975/1975/1975 1976/1976/1976
f 1979/1979/1979 1978/1978/1978 1980/1980/1980
f 1981/1981/1981 1979/1979/1979 1980/1980/1980
f 1983/1983/1983 1982/1982/1982 1984/1984/1984
f 1983/1983/1983 1984/1984/1984 1985/1985/1985
f 1986/1986/1986 1983/1983/1983 1985/1985/1985
f 1986/1986/1986 1985/1985/1985 1987/1987/1987
f 1989/1989/1989 1988/1988/1988 1990/1990/1990
f 1991/1991/1991 1989/1989/1989 1990/1990/1990
f 1993/1993/1993 1992/1992/1992 1994/1994/1994
f 1995/1995/1995 1993/1993/1993 1994/1994/1994
f 1997/1997/1997 1996/1996/1996 1998/1998/1998
f 1999/1999/1999 1997/1997/1997 1998/1998/1998
f 2001/2001/2001 2000/2000/2000 2002/2002/2002
f 2003/2003/2003 2001/2001/2001 2002/2002/2002
f 2005/2005/2005 2004/2004/2004 2006/2006/2006
f 2007/2007/2007 2005/2005/2005 2006/2006/2006
f 2009/2009/2009 2008/2008/2008 2010/2010/2010
f 2011/2011/2011 2009/2009/2009 2010/2010/2010
f 2009/2009/2009 2011/2011/2011 2012/2012/2012
f 2009/2009/2009 2012/2012/2012 2013/2013/2013
f 2015/2015/2015 2014/2014/2014 2016/2016/2016
f 2018/2018/2018 2017/2017/2017 2014/2014/2014
f 2019/2019/2019 2018/2018/2018 2014/2014/2014
f 2020/2020/2020 2019/2019/2019 2016/2016/2016
f 2018/2018/2018 2021/2021/2021 2020/2020/2020
f 2022/2022/2022 2017/2017/2017 2018/2018/2018
f 2020/2020/2020 2016/2016/2016 2023/2023/2023
f 2018/2018/2018 2020/2020/2020 2023/2023/2023
f 2016/2016/2016 2024/2024/2024 2023/2023/2023
f 2023/2023/2023 2024/2024/2024 2025/2025/2025
f 2026/2026/2026 2025/2025/2025 2022/2022/2022
f 2026/2026/2026 2023/2023/2023 2025/2025/2025
f 2027/2027/2027 2022/2022/2022 2018/2018/2018
f 2027/2027/2027 2018/2018/2018 2023/2023/2023
f 2027/2027/2027 2026/2026/2026 2022/2022/2022
f 2027/2027/2027 2023/2023/2023 2026/2026/2026
f 2029/2029/2029 2028/2028/2028 2030/2030/2030
f 2031/2031/2031 2029/2029/2029 2030/2030/2030
f 2033/2033/2033 2032/2032/2032 2034/2034/2034
f 2035/2035/2035 2033/2033/2033 2034/2034/2034
f 2037/2037/2037 2036/2036/2036 2038/2038/2038
f 2039/2039/2039 2037/2037/2037 2038/2038/2038
f 2041/2041/2041 2040/2040/2040 2042/2042/2042
f 2043/2043/2043 2041/2041/2041 2042/2042/2042
f 2045/2045/2045 2044/2044/2044 2046/2046/2046
f 2047/2047/2047 2045/2045/2045 2046/2046/2046
f 2049/2049/2049 2048/2048/2048 2050/2050/2050
f 2051/2051/2051 2049/2049/2049 2050/2050/2050
f 2049/2049/2049 2051/2051/2051 2052/2052/2052
f 2049/2049/2049 2052/2052/2052 2053/2053/2053
f 2055/2055/2055 2054/2054/2054 2056/2056/2056
f 2057/2057/2057 2055/2055/2055 2056/2056/2056
f 2059/2059/2059 2058/2058/2058 2060/2060/2060
f 2061/2061/2061 2059/2059/2059 2060/2060/2060
f 2063/2063/2063 2062/2062/2062 2064/2064/2064
f 2065/2065/2065 2063/2063/2063 2064/2064/2064
f 2067/2067/2067 2066/2066/2066 2068/2068/2068
f 2069/2069/2069 2067/2067/2067 2068/2068/2068
f 2071/2071/2071 2070/2070/2070 2072/2072/2072
f 2073/2073/2073 2071/2071/2071 2072/2072/2072
f 2075/2075/2075 2074/2074/2074 2076/2076/2076
f 2075/2075/2075 2076/2076/2076 2077/2077/2077
f 2078/2078/2078 2075/2075/2075 2077/2077/2077
f 2078/2078/2078 2077/2077/2077 2079/2079/2079
mtllib ./2000013.mtl
g Campfire (1)
v -54.87321 28.12532 143.9655
v -55.09459 28.0836 143.7998
v -54.70733 28.0969 143.7998
v -54.70733 28.0969 143.7998
v -54.74304 28.05583 143.6062
v -55.08553 28.10287 143.6692
v -55.03363 28.0381 143.5686
v -54.74304 28.05583 143.6062
v -55.05819 27.98479 143.4875
v -54.68747 27.98479 143.543
v -55.32218 27.96426 142.5412
v -55.37584 28.1852 142.5477
v -55.55355 27.96426 142.2664
v -55.37584 28.1852 142.5477
v -55.5339 28.22693 142.3208
v -55.81293 27.96426 142.3814
v -55.55355 27.96426 142.2664
v -55.74348 28.19851 142.426
v -55.5339 28.22693 142.3208
v -55.74348 28.19851 142.426
v -55.42776 27.99099 142.8294
v -55.49743 28.16981 142.7976
v -55.60921 27.99099 142.7078
v -55.49743 28.16981 142.7976
v -55.61305 28.12283 142.7504
v -54.1946 27.99059 142.2942
v -54.20891 28.12146 142.3228
v -54.40598 27.99059 142.3188
v -54.20891 28.12146 142.3228
v -54.37268 28.14618 142.3269
v -54.43382 27.99059 142.4846
v -54.40598 27.99059 142.3188
v -54.38909 28.12935 142.4648
v -54.37268 28.14618 142.3269
v -54.38909 28.12935 142.4648
v -54.8329 27.98961 142.3711
v -54.76292 28.13428 142.3004
v -54.60344 27.98961 142.2043
v -54.76292 28.13428 142.3004
v -54.6537 28.07325 142.1805
v -54.03263 27.97509 142.9587
v -54.27942 27.97509 142.8706
v -54.06321 28.15915 142.9276
v -54.27942 27.97509 142.8706
v -54.22121 28.23715 142.8212
v -54.31218 27.934 143.5152
v -54.37471 27.89116 143.3847
v -54.35122 28.02823 143.4769
v -54.37471 27.89116 143.3847
v -54.38911 28.04666 143.366
v -54.68594 28.00021 143.6202
v -54.6573 28.16059 143.6826
v -54.63405 28.00021 143.8091
v -54.6573 28.16059 143.6826
v -54.60646 28.11846 143.7824
v -55.28788 27.95688 142.5009
v -55.01796 28.12388 142.952
v -54.88917 28.0469 142.9001
v -55.15908 27.8799 142.449
v -54.77979 28.12388 142.8145
v -55.04971 27.95688 142.3634
v -54.7992 28.27784 142.7809
v -55.06912 28.11084 142.3298
v -54.92799 28.35482 142.8328
v -55.19791 28.18782 142.3817
v -55.03737 28.27784 142.9184
v -55.30729 28.11084 142.4673
v -55.01796 28.12388 142.952
v -55.28788 27.95688 142.5009
v -55.28788 27.95688 142.5009
v -55.15908 27.8799 142.449
v -55.04971 27.95688 142.3634
v -55.06912 28.11084 142.3298
v -55.30729 28.11084 142.4673
v -55.19791 28.18782 142.3817
v -54.77979 28.12388 142.8145
v -54.88917 28.0469 142.9001
v -55.01796 28.12388 142.952
v -54.7992 28.27784 142.7809
v -55.03737 28.27784 142.9184
v -54.92799 28.35482 142.8328
v -55.34913 27.97603 143.0658
v -54.78928 28.2922 142.9158
v -54.855 28.37909 142.8537
v -55.41484 28.06292 143.0037
v -54.89651 28.48108 142.9137
v -55.45636 28.16491 143.0637
v -54.87231 28.49617 143.0358
v -55.43216 28.18 143.1858
v -54.8066 28.40927 143.0979
v -55.36645 28.0931 143.2479
v -54.76509 28.30729 143.0379
v -55.32494 27.99112 143.1879
v -54.78928 28.2922 142.9158
v -55.34913 27.97603 143.0658
v -55.43216 28.18 143.1858
v -55.36645 28.0931 143.2479
v -55.32494 27.99112 143.1879
v -55.34913 27.97603 143.0658
v -55.45636 28.16491 143.0637
v -55.41484 28.06292 143.0037
v -54.76509 28.30729 143.0379
v -54.8066 28.40927 143.0979
v -54.87231 28.49617 143.0358
v -54.78928 28.2922 142.9158
v -54.89651 28.48108 142.9137
v -54.855 28.37909 142.8537
v -54.23906 28.16754 142.7286
v -54.72909 28.29548 142.8599
v -54.76838 28.18841 142.8176
v -54.27835 28.06047 142.6863
v -54.77372 28.09202 142.8916
v -54.28368 27.96408 142.7603
v -54.73977 28.10269 143.0079
v -54.24973 27.97475 142.8766
v -54.70047 28.20975 143.0503
v -54.21044 28.08182 142.919
v -54.69514 28.30615 142.9763
v -54.2051 28.17821 142.845
v -54.72909 28.29548 142.8599
v -54.23906 28.16754 142.7286
v -54.24973 27.97475 142.8766
v -54.21044 28.08182 142.919
v -54.2051 28.17821 142.845
v -54.28368 27.96408 142.7603
v -54.23906 28.16754 142.7286
v -54.27835 28.06047 142.6863
v -54.69514 28.30615 142.9763
v -54.70047 28.20975 143.0503
v -54.73977 28.10269 143.0079
v -54.77372 28.09202 142.8916
v -54.72909 28.29548 142.8599
v -54.76838 28.18841 142.8176
v -54.71785 28.02373 143.5135
v -54.71785 28.17936 142.9924
v -54.80151 28.12056 142.9776
v -54.80151 27.96493 143.4986
v -54.89586 28.16141 142.9879
v -54.89586 28.00578 143.5089
v -54.90655 28.26106 143.013
v -54.90655 28.10543 143.5341
v -54.82289 28.31986 143.0279
v -54.82289 28.16424 143.5489
v -54.72854 28.27901 143.0176
v -54.72854 28.12338 143.5386
v -54.71785 28.17936 142.9924
v -54.71785 28.02373 143.5135
v -54.71785 28.02373 143.5135
v -54.80151 27.96493 143.4986
v -54.89586 28.00578 143.5089
v -54.90655 28.10543 143.5341
v -54.72854 28.12338 143.5386
v -54.82289 28.16424 143.5489
v -54.89586 28.16141 142.9879
v -54.80151 28.12056 142.9776
v -54.71785 28.17936 142.9924
v -54.90655 28.26106 143.013
v -54.72854 28.27901 143.0176
v -54.82289 28.31986 143.0279
v -54.55408 27.96974 142.3507
v -54.6861 28.24798 142.8434
v -54.60985 28.32445 142.8207
v -54.47784 28.04621 142.328
v -54.63732 28.4142 142.7626
v -54.50531 28.13596 142.2699
v -54.74104 28.42748 142.7273
v -54.60902 28.14924 142.2346
v -54.81729 28.35101 142.7501
v -54.68527 28.07277 142.2574
v -54.78982 28.26126 142.8081
v -54.6578 27.98302 142.3154
v -54.6861 28.24798 142.8434
v -54.55408 27.96974 142.3507
v -54.6578 27.98302 142.3154
v -54.55408 27.96974 142.3507
v -54.47784 28.04621 142.328
v -54.68527 28.07277 142.2574
v -54.50531 28.13596 142.2699
v -54.60902 28.14924 142.2346
v -54.60985 28.32445 142.8207
v -54.6861 28.24798 142.8434
v -54.78982 28.26126 142.8081
v -54.81729 28.35101 142.7501
v -54.63732 28.4142 142.7626
v -54.74104 28.42748 142.7273
v -54.34858 28.1195 143.3428
v -54.73681 28.11005 142.9521
v -54.72133 28.02296 142.9388
v -54.3331 28.03242 143.3296
v -54.76689 27.96181 142.9856
v -54.37866 27.97127 143.3763
v -54.82792 27.98775 143.0456
v -54.43969 27.99721 143.4363
v -54.8434 28.07484 143.0589
v -54.45517 28.0843 143.4496
v -54.79784 28.13599 143.0121
v -54.40961 28.14544 143.4028
v -54.73681 28.11005 142.9521
v -54.34858 28.1195 143.3428
v -54.3331 28.03242 143.3296
v -54.37866 27.97127 143.3763
v -54.43969 27.99721 143.4363
v -54.45517 28.0843 143.4496
v -54.34858 28.1195 143.3428
v -54.40961 28.14544 143.4028
v -54.82792 27.98775 143.0456
v -54.76689 27.96181 142.9856
v -54.72133 28.02296 142.9388
v -54.8434 28.07484 143.0589
v -54.73681 28.11005 142.9521
v -54.79784 28.13599 143.0121
v -54.93823 27.98716 142.9454
v -54.88904 28.12298 142.8991
v -54.74165 28.09735 142.9162
v -54.72185 27.98584 142.9304
v -54.88904 28.12298 142.8991
v -54.87278 28.09831 142.7998
v -54.72269 28.06817 142.8526
v -54.74165 28.09735 142.9162
v -54.87278 28.09831 142.7998
v -54.91655 27.98862 142.749
v -54.71453 27.98716 142.8043
v -54.72269 28.06817 142.8526
v -54.72185 27.98584 142.9304
v -54.74165 28.09735 142.9162
v -54.72269 28.06817 142.8526
v -54.71453 27.98716 142.8043
v -54.91655 27.98862 142.749
v -54.87278 28.09831 142.7998
v -54.88904 28.12298 142.8991
v -54.93823 27.98716 142.9454
v -54.91215 27.98716 142.9398
v -54.85856 28.12298 142.9811
v -54.88802 28.09735 143.1379
v -54.88802 27.98584 143.1379
v -54.85856 28.12298 142.9811
v -54.75796 28.09831 143.0288
v -54.73625 28.06817 143.1643
v -54.88802 28.09735 143.1379
v -54.75796 28.09831 143.0288
v -54.71474 27.98862 142.9775
v -54.68728 27.98716 143.1647
v -54.73625 28.06817 143.1643
v -54.88802 27.98584 143.1379
v -54.88802 28.09735 143.1379
v -54.73625 28.06817 143.1643
v -54.68728 27.98716 143.1647
v -54.71474 27.98862 142.9775
v -54.75796 28.09831 143.0288
v -54.85856 28.12298 142.9811
v -54.91215 27.98716 142.9398
v -54.71856 27.98716 142.9584
v -54.68433 28.13419 142.9266
v -54.56315 28.09808 142.9371
v -54.53125 27.98584 142.9659
v -54.68433 28.13419 142.9266
v -54.70239 28.09942 142.8186
v -54.60926 28.05696 142.8156
v -54.56315 28.09808 142.9371
v -54.70239 28.09942 142.8186
v -54.72595 27.98862 142.7845
v -54.56916 27.98716 142.7785
v -54.60926 28.05696 142.8156
v -54.53125 27.98584 142.9659
v -54.56315 28.09808 142.9371
v -54.60926 28.05696 142.8156
v -54.56916 27.98716 142.7785
v -54.72595 27.98862 142.7845
v -54.70239 28.09942 142.8186
v -54.68433 28.13419 142.9266
v -54.71856 27.98716 142.9584
v -54.815 27.98716 142.9569
v -54.77843 28.12298 142.9794
v -54.58012 28.09735 143.1329
v -54.57302 27.98584 143.1562
v -54.77843 28.12298 142.9794
v -54.71963 28.09831 142.9401
v -54.51359 28.06817 143.0508
v -54.58012 28.09735 143.1329
v -54.71963 28.09831 142.9401
v -54.7254 27.98862 142.8758
v -54.49047 27.98716 143.0606
v -54.51359 28.06817 143.0508
v -54.57302 27.98584 143.1562
v -54.58012 28.09735 143.1329
v -54.51359 28.06817 143.0508
v -54.49047 27.98716 143.0606
v -54.7254 27.98862 142.8758
v -54.71963 28.09831 142.9401
v -54.77843 28.12298 142.9794
v -54.815 27.98716 142.9569
v -54.75547 27.99806 142.7469
v -54.83155 28.12868 142.7338
v -54.91377 28.09147 142.6133
v -54.90882 27.97898 142.5947
v -54.83155 28.12868 142.7338
v -54.9152 28.10114 142.7884
v -54.9721 28.05981 142.6425
v -54.91377 28.09147 142.6133
v -54.9152 28.10114 142.7884
v -54.91738 27.99454 142.8602
v -55.0084 27.97762 142.6723
v -54.9721 28.05981 142.6425
v -54.90882 27.97898 142.5947
v -54.91377 28.09147 142.6133
v -54.9721 28.05981 142.6425
v -55.0084 27.97762 142.6723
v -54.91738 27.99454 142.8602
v -54.9152 28.10114 142.7884
v -54.83155 28.12868 142.7338
v -54.75547 27.99806 142.7469
v -54.97002 27.98716 143.127
v -54.97504 28.12298 143.0596
v -54.83852 28.09735 142.977
v -54.83852 27.98584 142.977
v -54.97504 28.12298 143.0596
v -55.00658 28.09831 142.9528
v -54.92009 28.06817 142.8463
v -54.83852 28.09735 142.977
v -55.00658 28.09831 142.9528
v -55.0736 27.98862 142.9548
v -54.95245 27.98716 142.8095
v -54.92009 28.06817 142.8463
v -54.83852 27.98584 142.977
v -54.83852 28.09735 142.977
v -54.92009 28.06817 142.8463
v -54.95245 27.98716 142.8095
v -55.0736 27.98862 142.9548
v -55.00658 28.09831 142.9528
v -54.97504 28.12298 143.0596
v -54.97002 27.98716 143.127
v -54.59208 27.98716 142.7099
v -54.63859 28.13419 142.7056
v -54.71157 28.09808 142.6083
v -54.71138 27.98584 142.5653
v -54.63859 28.13419 142.7056
v -54.70705 28.09942 142.7911
v -54.77136 28.05696 142.7237
v -54.71157 28.09808 142.6083
v -54.70705 28.09942 142.7911
v -54.71667 27.98862 142.8313
v -54.82575 27.98716 142.7185
v -54.77136 28.05696 142.7237
v -54.71138 27.98584 142.5653
v -54.71157 28.09808 142.6083
v -54.77136 28.05696 142.7237
v -54.82575 27.98716 142.7185
v -54.71667 27.98862 142.8313
v -54.70705 28.09942 142.7911
v -54.63859 28.13419 142.7056
v -54.59208 27.98716 142.7099
v -54.70098 27.98716 142.8932
v -54.70857 28.12298 142.8509
v -54.72649 28.09735 142.6008
v -54.71388 27.98584 142.5799
v -54.70857 28.12298 142.8509
v -54.77707 28.09831 142.8333
v -54.83202 28.06817 142.6059
v -54.72649 28.09735 142.6008
v -54.77707 28.09831 142.8333
v -54.82119 27.98862 142.8805
v -54.84012 27.98716 142.5822
v -54.83202 28.06817 142.6059
v -54.71388 27.98584 142.5799
v -54.72649 28.09735 142.6008
v -54.83202 28.06817 142.6059
v -54.84012 27.98716 142.5822
v -54.82119 27.98862 142.8805
v -54.77707 28.09831 142.8333
v -54.70857 28.12298 142.8509
v -54.70098 27.98716 142.8932
v -55.18424 27.98716 142.8633
v -55.12276 28.12298 142.8352
v -54.99783 28.09735 142.9346
v -54.99783 27.98584 142.9346
v -55.12276 28.12298 142.8352
v -55.03357 28.09831 142.7686
v -54.9036 28.06817 142.8127
v -54.99783 28.09735 142.9346
v -55.03357 28.09831 142.7686
v -55.05871 27.98862 142.7064
v -54.88037 27.98716 142.7696
v -54.9036 28.06817 142.8127
v -54.99783 27.98584 142.9346
v -54.99783 28.09735 142.9346
v -54.9036 28.06817 142.8127
v -54.88037 27.98716 142.7696
v -55.05871 27.98862 142.7064
v -55.03357 28.09831 142.7686
v -55.12276 28.12298 142.8352
v -55.18424 27.98716 142.8633
v -55.11849 27.9887 142.5336
v -55.07705 28.07691 142.5481
v -55.04293 28.06026 142.6382
v -55.04518 27.98784 142.6538
v -55.07705 28.07691 142.5481
v -55.01494 28.06088 142.5278
v -55.00058 28.04131 142.6301
v -55.04293 28.06026 142.6382
v -55.01494 28.06088 142.5278
v -54.99873 27.98965 142.4874
v -54.9703 27.9887 142.6204
v -55.00058 28.04131 142.6301
v -55.04518 27.98784 142.6538
v -55.04293 28.06026 142.6382
v -55.00058 28.04131 142.6301
v -54.9703 27.9887 142.6204
v -54.99873 27.98965 142.4874
v -55.01494 28.06088 142.5278
v -55.07705 28.07691 142.5481
v -55.11849 27.9887 142.5336
v -54.62123 27.9887 143.1556
v -54.62901 28.07691 143.1988
v -54.72826 28.06026 143.2287
v -54.72826 27.98784 143.2287
v -54.62901 28.07691 143.1988
v -54.62648 28.06088 143.2711
v -54.69815 28.04131 143.3241
v -54.72826 28.06026 143.2287
v -54.62648 28.06088 143.2711
v -54.58401 27.98965 143.2807
v -54.68375 27.9887 143.3524
v -54.69815 28.04131 143.3241
v -54.72826 27.98784 143.2287
v -54.72826 28.06026 143.2287
v -54.69815 28.04131 143.3241
v -54.68375 27.9887 143.3524
v -54.58401 27.98965 143.2807
v -54.62648 28.06088 143.2711
v -54.62901 28.07691 143.1988
v -54.62123 27.9887 143.1556
v -54.51759 27.9887 142.9764
v -54.48904 28.08419 142.9866
v -54.45892 28.06073 143.0597
v -54.46601 27.98784 143.0867
v -54.48904 28.08419 142.9866
v -54.43213 28.06161 142.944
v -54.40262 28.03403 142.9968
v -54.45892 28.06073 143.0597
v -54.43213 28.06161 142.944
v -54.41956 27.98965 142.9202
v -54.36924 27.9887 143.0088
v -54.40262 28.03403 142.9968
v -54.46601 27.98784 143.0867
v -54.45892 28.06073 143.0597
v -54.40262 28.03403 142.9968
v -54.36924 27.9887 143.0088
v -54.41956 27.98965 142.9202
v -54.43213 28.06161 142.944
v -54.48904 28.08419 142.9866
v -54.51759 27.9887 142.9764
v -54.84018 27.9887 143.1961
v -54.84227 28.07691 143.2239
v -54.87154 28.06026 143.3841
v -54.88284 27.98784 143.3952
v -54.84227 28.07691 143.2239
v -54.80204 28.06088 143.2461
v -54.80434 28.04131 143.398
v -54.87154 28.06026 143.3841
v -54.80204 28.06088 143.2461
v -54.76664 27.98965 143.2235
v -54.80309 27.9887 143.4142
v -54.80434 28.04131 143.398
v -54.88284 27.98784 143.3952
v -54.87154 28.06026 143.3841
v -54.80434 28.04131 143.398
v -54.80309 27.9887 143.4142
v -54.76664 27.98965 143.2235
v -54.80204 28.06088 143.2461
v -54.84227 28.07691 143.2239
v -54.84018 27.9887 143.1961
v -55.147 27.99586 142.8563
v -55.16217 28.08068 142.8085
v -55.11722 28.05652 142.7251
v -55.10501 27.98346 142.7224
v -55.16217 28.08068 142.8085
v -55.21862 28.06279 142.7765
v -55.15149 28.03596 142.7002
v -55.11722 28.05652 142.7251
v -55.21862 28.06279 142.7765
v -55.26069 27.99357 142.7967
v -55.17952 27.98258 142.6881
v -55.15149 28.03596 142.7002
v -55.10501 27.98346 142.7224
v -55.11722 28.05652 142.7251
v -55.15149 28.03596 142.7002
v -55.17952 27.98258 142.6881
v -55.26069 27.99357 142.7967
v -55.21862 28.06279 142.7765
v -55.16217 28.08068 142.8085
v -55.147 27.99586 142.8563
v -55.06974 27.9887 143.2648
v -55.03236 28.07691 143.2417
v -54.94391 28.06026 143.2958
v -54.94391 27.98784 143.2958
v -55.03236 28.07691 143.2417
v -54.98019 28.06088 143.1917
v -54.89291 28.04131 143.2097
v -54.94391 28.06026 143.2958
v -54.98019 28.06088 143.1917
v -55.00136 27.98965 143.1536
v -54.88138 27.9887 143.1801
v -54.89291 28.04131 143.2097
v -54.94391 27.98784 143.2958
v -54.94391 28.06026 143.2958
v -54.89291 28.04131 143.2097
v -54.88138 27.9887 143.1801
v -55.00136 27.98965 143.1536
v -54.98019 28.06088 143.1917
v -55.03236 28.07691 143.2417
v -55.06974 27.9887 143.2648
v -54.47719 27.9887 142.7934
v -54.4886 28.08419 142.7653
v -54.45428 28.06073 142.6942
v -54.42943 27.98784 142.6814
v -54.4886 28.08419 142.7653
v -54.55835 28.06161 142.7514
v -54.53868 28.03403 142.6942
v -54.45428 28.06073 142.6942
v -54.55835 28.06161 142.7514
v -54.58443 27.98965 142.7578
v -54.55196 27.9887 142.6613
v -54.53868 28.03403 142.6942
v -54.42943 27.98784 142.6814
v -54.45428 28.06073 142.6942
v -54.53868 28.03403 142.6942
v -54.55196 27.9887 142.6613
v -54.58443 27.98965 142.7578
v -54.55835 28.06161 142.7514
v -54.4886 28.08419 142.7653
v -54.47719 27.9887 142.7934
v -54.91005 27.9887 142.5896
v -54.88793 28.07691 142.5726
v -54.74904 28.06026 142.4875
v -54.73327 27.98784 142.4886
v -54.88793 28.07691 142.5726
v -54.89824 28.06088 142.5278
v -54.78354 28.04131 142.4282
v -54.74904 28.06026 142.4875
v -54.89824 28.06088 142.5278
v -54.93865 27.98965 142.5165
v -54.77225 27.9887 142.4164
v -54.78354 28.04131 142.4282
v -54.73327 27.98784 142.4886
v -54.74904 28.06026 142.4875
v -54.78354 28.04131 142.4282
v -54.77225 27.9887 142.4164
v -54.93865 27.98965 142.5165
v -54.89824 28.06088 142.5278
v -54.88793 28.07691 142.5726
v -54.91005 27.9887 142.5896
v -55.23256 27.9887 142.9228
v -55.19798 28.07691 142.9498
v -55.21795 28.06026 143.0515
v -55.21795 27.98784 143.0515
v -55.19798 28.07691 142.9498
v -55.1329 28.06088 142.9813
v -55.11953 28.04131 143.0695
v -55.21795 28.06026 143.0515
v -55.1329 28.06088 142.9813
v -55.10457 27.98965 142.9483
v -55.08773 27.9887 143.07
v -55.11953 28.04131 143.0695
v -55.21795 27.98784 143.0515
v -55.21795 28.06026 143.0515
v -55.11953 28.04131 143.0695
v -55.08773 27.9887 143.07
v -55.10457 27.98965 142.9483
v -55.1329 28.06088 142.9813
v -55.19798 28.07691 142.9498
v -55.23256 27.9887 142.9228
v -55.1435 27.98479 143.8228
v -55.09459 28.0836 143.7998
v -54.83746 27.98479 144.011
v -54.87321 28.12532 143.9655
v -54.62737 27.98479 143.8203
v -54.83746 27.98479 144.011
v -54.70733 28.0969 143.7998
v -54.87321 28.12532 143.9655
v -54.68747 27.98479 143.543
v -54.62737 27.98479 143.8203
v -54.74304 28.05583 143.6062
v -54.70733 28.0969 143.7998
v -55.05819 27.98479 143.4875
v -55.03363 28.0381 143.5686
v -55.16775 27.98479 143.6471
v -55.08553 28.10287 143.6692
v -55.1435 27.98479 143.8228
v -55.16775 27.98479 143.6471
v -55.09459 28.0836 143.7998
v -55.08553 28.10287 143.6692
v -55.05593 27.96426 143.4898
v -55.13073 27.96426 143.789
v -55.1505 28.14013 143.4971
v -55.23257 28.17398 143.7673
v -55.36731 27.96426 143.8501
v -55.3869 28.18438 143.7738
v -55.53001 27.96426 143.7487
v -55.48198 28.20005 143.6601
v -55.51744 28.10847 143.4696
v -55.54667 27.96426 143.4637
v -55.29376 27.96426 143.3351
v -55.27582 28.06789 143.363
v -55.05593 27.96426 143.4898
v -55.05593 27.96426 143.4898
v -55.84304 27.96426 142.6635
v -55.81293 27.96426 142.3814
v -55.77041 28.15744 142.621
v -55.74348 28.19851 142.426
v -55.84304 27.96426 142.6635
v -55.77041 28.15744 142.621
v -55.50857 27.96426 142.8327
v -55.50638 28.13971 142.748
v -55.50857 27.96426 142.8327
v -55.50638 28.13971 142.748
v -55.35439 27.96426 142.7157
v -55.4255 28.20448 142.6689
v -55.32218 27.96426 142.5412
v -55.35439 27.96426 142.7157
v -55.37584 28.1852 142.5477
v -55.4255 28.20448 142.6689
v -55.5339 28.22693 142.3208
v -55.37584 28.1852 142.5477
v -55.74348 28.19851 142.426
v -55.77041 28.15744 142.621
v -55.4255 28.20448 142.6689
v -55.50638 28.13971 142.748
v -55.80523 27.99099 142.8042
v -55.77486 28.10943 142.829
v -55.79538 27.99099 143.0237
v -55.75831 28.11283 143.0089
v -55.79538 27.99099 143.0237
v -55.75831 28.11283 143.0089
v -55.6712 27.99099 143.1035
v -55.67517 28.1361 143.06
v -55.48846 27.99099 143.0589
v -55.6712 27.99099 143.1035
v -55.52878 28.14039 143.0412
v -55.67517 28.1361 143.06
v -55.48846 27.99099 143.0589
v -55.52878 28.14039 143.0412
v -55.42776 27.99099 142.8294
v -55.49743 28.16981 142.7976
v -55.80523 27.99099 142.8042
v -55.60921 27.99099 142.7078
v -55.77486 28.10943 142.829
v -55.61305 28.12283 142.7504
v -55.49743 28.16981 142.7976
v -55.52878 28.14039 143.0412
v -55.61305 28.12283 142.7504
v -55.77486 28.10943 142.829
v -55.67517 28.1361 143.06
v -55.75831 28.11283 143.0089
v -55.12336 27.97899 142.4214
v -55.38393 27.97899 142.5137
v -55.18785 28.23326 142.3849
v -55.42577 28.16856 142.4603
v -55.54667 27.97899 142.3672
v -55.51294 28.16856 142.3511
v -55.55148 27.97899 142.1954
v -55.487 28.23326 142.2319
v -55.35252 28.15757 142.0872
v -55.34682 27.97899 142.0419
v -55.12554 27.97899 142.1671
v -55.14367 28.15757 142.2054
v -55.12336 27.97899 142.4214
v -55.12336 27.97899 142.4214
v -54.30418 27.99059 142.5916
v -54.43382 27.99059 142.4846
v -54.30151 28.10502 142.5417
v -54.38909 28.12935 142.4648
v -54.30418 27.99059 142.5916
v -54.30151 28.10502 142.5417
v -54.11135 27.99059 142.4815
v -54.15253 28.09451 142.4527
v -54.11135 27.99059 142.4815
v -54.15253 28.09451 142.4527
v -54.1189 27.99059 142.367
v -54.16525 28.13288 142.3869
v -54.1946 27.99059 142.2942
v -54.1189 27.99059 142.367
v -54.20891 28.12146 142.3228
v -54.16525 28.13288 142.3869
v -54.37268 28.14618 142.3269
v -54.20891 28.12146 142.3228
v -54.38909 28.12935 142.4648
v -54.30151 28.10502 142.5417
v -54.16525 28.13288 142.3869
v -54.15253 28.09451 142.4527
v -54.63324 27.98961 141.9221
v -54.67712 28.05584 141.948
v -54.90541 27.98961 141.8359
v -54.9039 28.06026 141.8877
v -54.90541 27.98961 141.8359
v -54.9039 28.06026 141.8877
v -55.05823 27.98961 141.9516
v -55.00346 28.09048 141.9662
v -55.08569 27.98961 142.1944
v -55.05823 27.98961 141.9516
v -55.04598 28.09606 142.1532
v -55.00346 28.09048 141.9662
v -55.08569 27.98961 142.1944
v -55.04598 28.09606 142.1532
v -54.8329 27.98961 142.3711
v -54.76292 28.13428 142.3004
v -54.63324 27.98961 141.9221
v -54.60344 27.98961 142.2043
v -54.67712 28.05584 141.948
v -54.6537 28.07325 142.1805
v -54.76292 28.13428 142.3004
v -55.04598 28.09606 142.1532
v -54.6537 28.07325 142.1805
v -54.67712 28.05584 141.948
v -55.00346 28.09048 141.9662
v -54.9039 28.06026 141.8877
v -53.83289 27.97509 142.7891
v -53.87468 28.15915 142.7675
v -53.90881 27.97509 142.5366
v -53.96701 28.23715 142.586
v -54.07668 27.97509 142.4803
v -53.90881 27.97509 142.5366
v -54.07311 28.17047 142.5186
v -53.96701 28.23715 142.586
v -54.2762 27.97509 142.5857
v -54.07668 27.97509 142.4803
v -54.20969 28.17047 142.5642
v -54.07311 28.17047 142.5186
v -54.27942 27.97509 142.8706
v -54.2762 27.97509 142.5857
v -54.22121 28.23715 142.8212
v -54.20969 28.17047 142.5642
v -53.83289 27.97509 142.7891
v -54.03263 27.97509 142.9587
v -53.87468 28.15915 142.7675
v -54.06321 28.15915 142.9276
v -54.06321 28.15915 142.9276
v -54.22121 28.23715 142.8212
v -53.87468 28.15915 142.7675
v -53.96701 28.23715 142.586
v -54.07311 28.17047 142.5186
v -54.20969 28.17047 142.5642
v -54.32237 27.97467 143.1009
v -54.26343 28.18613 143.1696
v -54.18808 27.97467 143.3215
v -54.14316 27.97467 142.8847
v -54.10872 28.15134 142.9238
v -54.26343 28.18613 143.1696
v -54.16279 28.13058 143.2777
v -54.26343 28.18613 143.1696
v -53.92493 27.97467 142.9277
v -53.95011 28.11473 143.2738
v -53.92987 27.97467 143.3155
v -53.83132 27.97467 143.075
v -53.87848 28.11875 143.0725
v -53.94227 28.14626 142.9763
v -54.17194 27.98992 143.517
v -54.21887 28.08102 143.4786
v -54.10735 27.99663 143.3797
v -54.20348 28.11952 143.36
v -54.15125 27.96717 143.2924
v -54.10735 27.99663 143.3797
v -54.20533 28.06829 143.296
v -54.20348 28.11952 143.36
v -54.26753 27.91695 143.263
v -54.15125 27.96717 143.2924
v -54.27503 28.03626 143.2644
v -54.20533 28.06829 143.296
v -54.37471 27.89116 143.3847
v -54.26753 27.91695 143.263
v -54.38911 28.04666 143.366
v -54.27503 28.03626 143.2644
v -54.17194 27.98992 143.517
v -54.31218 27.934 143.5152
v -54.21887 28.08102 143.4786
v -54.35122 28.02823 143.4769
v -54.35122 28.02823 143.4769
v -54.38911 28.04666 143.366
v -54.21887 28.08102 143.4786
v -54.20348 28.11952 143.36
v -54.20533 28.06829 143.296
v -54.27503 28.03626 143.2644
v -54.44452 28.00021 143.8586
v -54.45056 28.10644 143.824
v -54.32248 28.00021 143.7038
v -54.35634 28.10949 143.6922
v -54.32248 28.00021 143.7038
v -54.35634 28.10949 143.6922
v -54.36 28.00021 143.5769
v -54.38278 28.13035 143.6087
v -54.51015 28.00021 143.5
v -54.36 28.00021 143.5769
v -54.4932 28.1342 143.5357
v -54.38278 28.13035 143.6087
v -54.51015 28.00021 143.5
v -54.4932 28.1342 143.5357
v -54.68594 28.00021 143.6202
v -54.6573 28.16059 143.6826
v -54.44452 28.00021 143.8586
v -54.63405 28.00021 143.8091
v -54.45056 28.10644 143.824
v -54.60646 28.11846 143.7824
v -54.6573 28.16059 143.6826
v -54.4932 28.1342 143.5357
v -54.60646 28.11846 143.7824
v -54.45056 28.10644 143.824
v -54.38278 28.13035 143.6087
v -54.35634 28.10949 143.6922

vn -0.03363301 0.9789043 -0.2015317
vn 0.037722 0.9965113 -0.07444683
vn -0.03363301 0.9789043 -0.2015322
vn -0.03363301 0.9789043 -0.2015322
vn -0.004617839 0.9800703 -0.198597
vn 0.1262417 0.9905577 -0.05346498
vn 0.02082422 0.8326763 -0.5533683
vn 0.09638693 0.7204535 -0.6867723
vn 0.04710681 0.797188 -0.6018906
vn 0.1049244 0.7057586 -0.7006394
vn 0.7494838 0.2005473 -0.6309159
vn 0.7809195 0.1454106 -0.6074705
vn 0.7931698 0.1218309 -0.5966898
vn 0.7809195 0.1454106 -0.6074705
vn 0.8240628 0.05511853 -0.5638105
vn -0.3887881 0.2822941 -0.877014
vn -0.4230555 0.2503057 -0.870845
vn -0.4228525 0.2504995 -0.8708879
vn -0.4612394 0.2128817 -0.8613592
vn -0.4228525 0.2504995 -0.8708879
vn 0.5552987 0.06888157 -0.8287933
vn 0.5039626 0.1146696 -0.8560798
vn 0.4978922 0.1198862 -0.8589124
vn 0.5039626 0.1146696 -0.8560798
vn 0.2509763 0.3043518 -0.9189018
vn -0.1134705 0.2005443 -0.9730911
vn -0.07658362 0.1454076 -0.9864033
vn -0.06083732 0.121828 -0.9906849
vn -0.07658362 0.1454076 -0.9864033
vn -0.01637724 0.05511554 -0.9983457
vn -0.9460838 0.2822925 -0.1588594
vn -0.9598192 0.2503048 -0.1268643
vn -0.9597432 0.2504986 -0.1270573
vn -0.9729452 0.2128816 -0.089773
vn -0.9597432 0.2504986 -0.1270573
vn 0.5846086 0.1101948 0.8037972
vn 0.6080109 0.1523626 0.7791715
vn 0.6555002 0.2486399 0.7130902
vn 0.6080109 0.1523626 0.7791715
vn 0.736509 0.5531232 0.3893701
vn -0.3346328 0.1028046 0.9367242
vn -0.3983333 0.1898279 0.8973826
vn -0.3971163 0.1881197 0.8982814
vn -0.3983333 0.1898279 0.8973826
vn -0.4476373 0.2607744 0.8553464
vn -0.8665706 -0.1677381 0.4700203
vn -0.9157315 -0.104161 0.3880543
vn -0.9148706 -0.1054402 0.3897361
vn -0.9157315 -0.104161 0.3880543
vn -0.9476182 -0.04986922 0.315488
vn -0.9620018 0.06888443 0.2642108
vn -0.9409888 0.1146725 0.3184182
vn -0.9382466 0.1198891 0.3245302
vn -0.9409888 0.1146725 0.3184182
vn -0.7906013 0.3043548 0.5313357
vn -0.6590583 -0.4857736 0.5741656
vn -0.6751588 -0.4620692 0.5750238
vn 0.1553766 -0.9530665 0.2598507
vn 0.1472582 -0.9530231 0.2646922
vn 0.8249789 -0.4647696 -0.3215569
vn 0.8135821 -0.4961978 -0.3031034
vn 0.6590582 0.4857742 -0.5741652
vn 0.6751589 0.4620696 -0.5750235
vn -0.1472585 0.9530231 -0.2646918
vn -0.1553775 0.9530665 -0.2598501
vn -0.8135816 0.4961985 0.3031039
vn -0.8249784 0.4647702 0.3215576
vn -0.6751588 -0.4620692 0.5750238
vn -0.6590583 -0.4857736 0.5741656
vn -0.484821 -0.2445315 -0.8397338
vn -0.484821 -0.2445314 -0.8397338
vn -0.4848209 -0.2445315 -0.8397338
vn -0.4848209 -0.2445315 -0.8397339
vn -0.484821 -0.2445315 -0.8397338
vn -0.484821 -0.2445314 -0.8397338
vn 0.4848216 0.2445314 0.8397334
vn 0.4848216 0.2445314 0.8397334
vn 0.4848216 0.2445313 0.8397334
vn 0.4848216 0.2445314 0.8397334
vn 0.4848216 0.2445314 0.8397334
vn 0.4848216 0.2445314 0.8397334
vn 0.3310534 -0.8132589 -0.4785535
vn 0.3310532 -0.8132588 -0.4785538
vn -0.1929673 -0.1203394 -0.9737977
vn -0.1929677 -0.1203388 -0.9737977
vn -0.5240204 0.6929185 -0.4952439
vn -0.5240204 0.6929189 -0.4952433
vn -0.3310528 0.8132579 0.4785556
vn -0.3310531 0.8132581 0.4785551
vn 0.1929682 0.1203387 0.9737976
vn 0.192968 0.1203391 0.9737976
vn 0.5240207 -0.6929188 0.4952431
vn 0.5240207 -0.6929188 0.4952432
vn 0.3310532 -0.8132588 -0.4785538
vn 0.3310534 -0.8132589 -0.4785535
vn -0.8479658 -0.4788829 0.2272117
vn -0.8479657 -0.4788829 0.2272117
vn -0.8479657 -0.478883 0.2272117
vn -0.8479657 -0.4788829 0.2272117
vn -0.8479658 -0.4788829 0.2272117
vn -0.8479657 -0.4788829 0.2272117
vn 0.8479658 0.4788832 -0.2272107
vn 0.8479658 0.4788832 -0.2272107
vn 0.8479658 0.4788832 -0.2272107
vn 0.8479658 0.4788832 -0.2272106
vn 0.8479658 0.4788831 -0.2272106
vn 0.8479658 0.4788832 -0.2272106
vn 0.04387446 0.7924298 -0.6083831
vn 0.04387441 0.7924297 -0.6083832
vn -0.2791262 -0.08772158 -0.9562393
vn -0.2791263 -0.08772246 -0.956239
vn -0.3230007 -0.8801518 -0.3478553
vn -0.3230007 -0.8801516 -0.3478556
vn -0.04387429 -0.792429 0.6083841
vn -0.04387452 -0.7924293 0.6083836
vn 0.2791261 0.08772287 0.9562391
vn 0.2791261 0.08772328 0.956239
vn 0.3230004 0.8801519 0.3478553
vn 0.3230005 0.8801517 0.3478557
vn 0.04387441 0.7924297 -0.6083832
vn 0.04387446 0.7924298 -0.6083831
vn 0.9366018 -0.2445316 -0.2509611
vn 0.9366018 -0.2445316 -0.2509611
vn 0.9366018 -0.2445316 -0.2509609
vn 0.9366018 -0.2445316 -0.2509609
vn 0.9366018 -0.2445316 -0.2509609
vn 0.9366018 -0.2445316 -0.2509611
vn -0.9366019 0.2445296 0.2509622
vn -0.9366019 0.2445296 0.2509622
vn -0.9366019 0.2445296 0.2509621
vn -0.9366019 0.2445295 0.2509621
vn -0.9366019 0.2445296 0.2509621
vn -0.9366019 0.2445295 0.2509621
vn 0.9077308 -0.4020024 -0.1200774
vn 0.9179908 -0.3800111 -0.1135086
vn 0.1047506 -0.9528974 -0.2846294
vn 0.1019214 -0.953179 -0.2847136
vn -0.8158336 -0.5540961 -0.1655082
vn -0.8027442 -0.5713784 -0.1706704
vn -0.9077308 0.4020023 0.120078
vn -0.9179908 0.3800109 0.1135091
vn -0.1019208 0.9531791 0.2847136
vn -0.10475 0.9528974 0.2846294
vn 0.8027443 0.5713785 0.1706698
vn 0.8158337 0.5540962 0.1655076
vn 0.9179908 -0.3800111 -0.1135086
vn 0.9077308 -0.4020024 -0.1200774
vn -1.192093E-07 -0.2445306 0.9696416
vn -1.192093E-07 -0.2445306 0.9696416
vn -1.192093E-07 -0.2445306 0.9696416
vn -1.192093E-07 -0.2445306 0.9696416
vn -1.192093E-07 -0.2445306 0.9696416
vn -1.192093E-07 -0.2445306 0.9696416
vn 1.192093E-07 0.2445302 -0.9696416
vn 1.192093E-07 0.2445302 -0.9696416
vn 1.192093E-07 0.2445302 -0.9696416
vn 1.192093E-07 0.2445302 -0.9696416
vn 1.192093E-07 0.2445302 -0.9696416
vn 1.192093E-07 0.2445302 -0.9696416
vn 0.248913 -0.8132587 0.5259777
vn 0.2489135 -0.8132585 0.5259778
vn 0.939817 -0.12034 0.3197848
vn 0.939817 -0.1203398 0.3197846
vn 0.6909039 0.6929185 -0.206193
vn 0.6909038 0.6929186 -0.206193
vn -0.2489133 0.8132588 -0.5259774
vn -0.2489134 0.8132588 -0.5259774
vn -0.9398172 0.1203402 -0.3197838
vn -0.9398172 0.1203403 -0.3197838
vn -0.6909043 -0.6929181 0.2061934
vn -0.6909047 -0.6929178 0.206193
vn 0.2489135 -0.8132585 0.5259778
vn 0.248913 -0.8132587 0.5259777
vn 0.2272116 -0.478882 -0.8479663
vn 0.2272116 -0.478882 -0.8479663
vn 0.2272116 -0.478882 -0.8479663
vn 0.2272115 -0.478882 -0.8479663
vn 0.2272116 -0.478882 -0.8479663
vn 0.2272116 -0.478882 -0.8479663
vn -0.2272121 0.4788817 0.8479663
vn -0.2272121 0.4788816 0.8479663
vn -0.2272121 0.4788816 0.8479663
vn -0.2272121 0.4788816 0.8479663
vn -0.2272121 0.4788816 0.8479663
vn -0.2272121 0.4788817 0.8479663
vn 0.5093697 0.6836511 -0.5226506
vn 0.50937 0.6836507 -0.5226508
vn 0.6823822 -0.2900328 -0.6709958
vn 0.6823825 -0.2900315 -0.670996
vn 0.1730141 -0.9736833 -0.1483469
vn 0.173014 -0.9736833 -0.1483469
vn -0.5093693 -0.6836519 0.5226499
vn -0.5093693 -0.6836518 0.52265
vn -0.6823825 0.2900321 0.6709959
vn -0.6823822 0.2900328 0.6709957
vn -0.1730136 0.9736835 0.1483461
vn -0.1730133 0.9736837 0.1483457
vn 0.50937 0.6836507 -0.5226508
vn 0.5093697 0.6836511 -0.5226506
vn 0.7047284 0.0171609 0.7092695
vn 0.7047284 0.0171609 0.7092695
vn 0.7047284 0.0171609 0.7092695
vn 0.7047284 0.0171609 0.7092695
vn 0.7047284 0.0171609 0.7092695
vn 0.7047284 0.0171609 0.7092695
vn -0.7047293 -0.01715989 -0.7092687
vn -0.7047293 -0.01715989 -0.7092687
vn -0.7047293 -0.01715989 -0.7092687
vn -0.7047293 -0.01715988 -0.7092687
vn -0.7047293 -0.01715989 -0.7092687
vn -0.7047293 -0.01715988 -0.7092687
vn 0.01189884 0.2363286 0.9716003
vn 0.01189884 0.2363286 0.9716003
vn 0.01189884 0.2363286 0.9716003
vn 0.01189884 0.2363286 0.9716003
vn 0.2364192 0.9366271 -0.2585257
vn 0.2364192 0.9366271 -0.2585257
vn 0.2364192 0.936627 -0.2585257
vn 0.2364192 0.9366271 -0.2585257
vn 0.3019928 0.3944887 -0.8678587
vn 0.3019928 0.3944888 -0.8678587
vn 0.3019928 0.3944888 -0.8678587
vn 0.3019928 0.3944888 -0.8678588
vn 0.9854038 0.1221098 0.1186106
vn 0.9854038 0.1221099 0.1186106
vn 0.9854038 0.1221099 0.1186106
vn 0.9854038 0.1221098 0.1186106
vn -0.924261 0.3526283 -0.1462703
vn -0.924261 0.3526283 -0.1462703
vn -0.924261 0.3526282 -0.1462703
vn -0.924261 0.3526282 -0.1462703
vn -0.9773739 0.2115143 0.001354992
vn -0.9773739 0.2115143 0.001354992
vn -0.9773739 0.2115143 0.001354992
vn -0.9773739 0.2115143 0.001354992
vn 0.1515252 0.9702021 0.1890714
vn 0.1515252 0.9702021 0.1890714
vn 0.1515252 0.9702021 0.1890714
vn 0.1515253 0.9702021 0.1890714
vn 0.8869116 0.4529289 -0.09079194
vn 0.8869116 0.452929 -0.09079194
vn 0.8869116 0.452929 -0.09079194
vn 0.8869116 0.452929 -0.09079194
vn -0.1518174 -0.03654664 0.9877326
vn -0.1518174 -0.03654664 0.9877325
vn -0.1518174 -0.03654664 0.9877325
vn -0.1518174 -0.03654664 0.9877326
vn 0.2837586 0.3275416 -0.90122
vn 0.2837587 0.3275416 -0.90122
vn 0.2837587 0.3275416 -0.90122
vn 0.2837587 0.3275416 -0.90122
vn -0.02939451 0.2277667 0.973272
vn -0.02939451 0.2277667 0.973272
vn -0.02939451 0.2277667 0.973272
vn -0.02939452 0.2277667 0.973272
vn 0.3304343 0.8647232 -0.3782418
vn 0.3304342 0.8647232 -0.3782418
vn 0.3304343 0.8647232 -0.3782418
vn 0.3304342 0.8647233 -0.3782418
vn 0.03137277 0.3686887 -0.9290233
vn 0.03137277 0.3686887 -0.9290233
vn 0.03137277 0.3686887 -0.9290233
vn 0.03137277 0.3686887 -0.9290233
vn 0.8860098 0.3635433 -0.2877896
vn 0.8860098 0.3635433 -0.2877896
vn 0.8860098 0.3635433 -0.2877896
vn 0.8860098 0.3635433 -0.2877896
vn -0.974018 0.2177619 0.06219614
vn -0.974018 0.2177619 0.06219614
vn -0.974018 0.2177619 0.06219614
vn -0.974018 0.217762 0.06219614
vn -0.6205845 0.07625932 0.7804224
vn -0.6205844 0.07625932 0.7804225
vn -0.6205844 0.07625932 0.7804225
vn -0.6205844 0.07625932 0.7804225
vn 0.2438309 0.9544907 -0.1717381
vn 0.2438309 0.9544907 -0.1717381
vn 0.2438309 0.9544907 -0.1717381
vn 0.2438309 0.9544907 -0.1717381
vn 0.5487497 0.2757356 -0.7892044
vn 0.5487497 0.2757356 -0.7892044
vn 0.5487497 0.2757356 -0.7892044
vn 0.5487497 0.2757356 -0.7892044
vn 0.7635241 0.2239522 0.6057031
vn 0.7635242 0.2239523 0.6057031
vn 0.7635241 0.2239522 0.6057031
vn 0.7635242 0.2239523 0.6057031
vn -0.5528957 0.3612035 -0.7508917
vn -0.5528957 0.3612034 -0.7508916
vn -0.5528957 0.3612034 -0.7508917
vn -0.5528957 0.3612034 -0.7508917
vn 0.7065136 0.2505244 -0.6618731
vn 0.7065136 0.2505244 -0.6618731
vn 0.7065136 0.2505244 -0.6618731
vn 0.7065136 0.2505244 -0.6618731
vn -0.4110998 0.9100158 -0.05355537
vn -0.4110997 0.9100158 -0.05355534
vn -0.4110998 0.9100158 -0.05355534
vn -0.4110998 0.9100158 -0.05355534
vn -0.8762379 0.3544025 0.3265055
vn -0.8762379 0.3544025 0.3265057
vn -0.8762379 0.3544025 0.3265056
vn -0.8762379 0.3544025 0.3265057
vn -0.5661175 0.0437986 -0.82316
vn -0.5661175 0.0437986 -0.82316
vn -0.5661175 0.0437986 -0.82316
vn -0.5661175 0.0437986 -0.8231601
vn 0.4739583 0.4239081 0.7717935
vn 0.4739583 0.4239081 0.7717935
vn 0.4739583 0.4239082 0.7717935
vn 0.4739583 0.4239081 0.7717935
vn 0.6528599 0.2115125 0.7273486
vn 0.6528599 0.2115125 0.7273487
vn 0.65286 0.2115125 0.7273487
vn 0.6528599 0.2115125 0.7273487
vn 0.03981987 0.9702018 -0.2390039
vn 0.03981987 0.9702018 -0.2390039
vn 0.03981987 0.9702018 -0.2390039
vn 0.03981987 0.9702018 -0.2390039
vn -0.6591731 0.4529318 -0.6002861
vn -0.6591731 0.4529318 -0.600286
vn -0.6591731 0.4529318 -0.6002861
vn -0.6591731 0.4529318 -0.6002861
vn 0.8372191 -0.03654656 -0.5456449
vn 0.8372191 -0.03654656 -0.5456449
vn 0.8372191 -0.03654656 -0.5456449
vn 0.8372191 -0.03654656 -0.5456448
vn -0.8607557 0.3275468 0.3896314
vn -0.8607557 0.3275468 0.3896314
vn -0.8607557 0.3275468 0.3896314
vn -0.8607557 0.3275468 0.3896314
vn 0.7447979 0.2277683 -0.6272142
vn 0.7447979 0.2277683 -0.6272142
vn 0.7447979 0.2277683 -0.6272142
vn 0.7447979 0.2277683 -0.6272142
vn -0.5022108 0.8647239 0.006060958
vn -0.5022108 0.8647239 0.006060958
vn -0.5022108 0.8647239 0.006060958
vn -0.5022108 0.8647239 0.006060958
vn -0.7131434 0.3686895 0.5962335
vn -0.7131433 0.3686895 0.5962335
vn -0.7131434 0.3686895 0.5962336
vn -0.7131433 0.3686896 0.5962335
vn -0.8053548 0.3635384 -0.4682342
vn -0.8053548 0.3635384 -0.4682342
vn -0.8053548 0.3635384 -0.4682342
vn -0.8053548 0.3635384 -0.4682342
vn 0.6959624 0.217764 0.6842623
vn 0.6959624 0.217764 0.6842623
vn 0.6959624 0.217764 0.6842623
vn 0.6959624 0.217764 0.6842624
vn 0.9953942 0.07625989 -0.05809379
vn 0.9953942 0.07625988 -0.05809379
vn 0.9953942 0.07625989 -0.05809379
vn 0.9953942 0.07625988 -0.05809379
vn -0.2905849 0.9544907 -0.06714046
vn -0.2905849 0.9544907 -0.06714046
vn -0.2905849 0.9544907 -0.06714046
vn -0.2905849 0.9544908 -0.06714046
vn -0.9540277 0.2757339 0.1174812
vn -0.9540277 0.2757339 0.1174812
vn -0.9540277 0.275734 0.1174812
vn -0.9540277 0.275734 0.1174812
vn -0.05791217 0.2239523 -0.9728779
vn -0.05791217 0.2239524 -0.9728779
vn -0.05791217 0.2239524 -0.9728779
vn -0.05791217 0.2239524 -0.9728779
vn -0.1907412 0.3612083 0.9127685
vn -0.1907412 0.3612084 0.9127685
vn -0.1907412 0.3612083 0.9127684
vn -0.1907412 0.3612084 0.9127685
vn -0.4553634 0.2115149 0.8648154
vn -0.4553634 0.2115149 0.8648154
vn -0.4553634 0.2115149 0.8648154
vn -0.4553634 0.2115149 0.8648154
vn 0.2379581 0.9702018 -0.04565531
vn 0.2379581 0.9702018 -0.04565533
vn 0.2379581 0.9702018 -0.04565531
vn 0.2379581 0.9702018 -0.04565531
vn 0.3340231 0.452932 -0.8266082
vn 0.3340231 0.4529321 -0.8266081
vn 0.3340232 0.4529321 -0.8266082
vn 0.3340231 0.4529321 -0.8266081
vn 0.8024231 -0.03654637 0.5956353
vn 0.8024231 -0.03654638 0.5956353
vn 0.8024231 -0.03654638 0.5956353
vn 0.8024231 -0.03654638 0.5956353
vn -0.6642933 0.3275438 -0.6718848
vn -0.6642933 0.3275438 -0.6718847
vn -0.6642933 0.3275438 -0.6718848
vn -0.6642933 0.3275438 -0.6718848
vn -0.8572949 0.2363245 0.4573795
vn -0.8572949 0.2363245 0.4573795
vn -0.8572949 0.2363245 0.4573796
vn -0.8572949 0.2363245 0.4573795
vn 0.3382885 0.9366274 0.09104839
vn 0.3382885 0.9366274 0.09104839
vn 0.3382885 0.9366274 0.09104839
vn 0.3382885 0.9366274 0.09104839
vn 0.9095235 0.3944902 -0.1309357
vn 0.9095237 0.3944902 -0.1309357
vn 0.9095235 0.3944902 -0.1309357
vn 0.9095237 0.3944902 -0.1309357
vn 0.3478306 0.1221112 0.9295713
vn 0.3478306 0.1221112 0.9295713
vn 0.3478307 0.1221112 0.9295712
vn 0.3478306 0.1221112 0.9295713
vn -0.2951526 0.3526279 -0.8879968
vn -0.2951526 0.3526279 -0.8879968
vn -0.2951526 0.3526279 -0.8879968
vn -0.2951526 0.3526279 -0.8879968
vn -0.4506672 0.2115149 -0.8672718
vn -0.4506673 0.2115149 -0.8672718
vn -0.4506673 0.2115149 -0.8672718
vn -0.4506673 0.2115149 -0.8672718
vn -0.09821104 0.970202 0.2215006
vn -0.09821104 0.970202 0.2215006
vn -0.09821104 0.970202 0.2215007
vn -0.09821103 0.970202 0.2215006
vn 0.4884881 0.452933 0.745809
vn 0.4884881 0.452933 0.745809
vn 0.488488 0.452933 0.745809
vn 0.4884881 0.452933 0.745809
vn -0.9469075 -0.03654774 0.3194214
vn -0.9469075 -0.03654774 0.3194214
vn -0.9469075 -0.03654774 0.3194214
vn -0.9469075 -0.03654774 0.3194215
vn 0.9307619 0.3275421 -0.162475
vn 0.9307621 0.3275421 -0.162475
vn 0.9307619 0.3275421 -0.162475
vn 0.9307619 0.3275421 -0.162475
vn -0.8777709 0.2277659 0.4214746
vn -0.8777709 0.2277659 0.4214746
vn -0.8777709 0.2277659 0.4214746
vn -0.8777709 0.2277659 0.4214746
vn 0.4878308 0.8647227 0.1194805
vn 0.4878308 0.8647228 0.1194805
vn 0.4878308 0.8647227 0.1194805
vn 0.4878308 0.8647227 0.1194805
vn 0.8393877 0.3686942 -0.3993654
vn 0.8393877 0.3686942 -0.3993654
vn 0.8393877 0.3686942 -0.3993654
vn 0.8393877 0.3686942 -0.3993655
vn 0.6630014 0.3635455 0.6544186
vn 0.6630013 0.3635455 0.6544186
vn 0.6630014 0.3635455 0.6544186
vn 0.6630013 0.3635455 0.6544187
vn -0.5031499 0.2177635 -0.8363127
vn -0.5031499 0.2177634 -0.8363127
vn -0.5031499 0.2177635 -0.8363127
vn -0.5031499 0.2177634 -0.8363127
vn -0.9783926 0.07626106 -0.1921769
vn -0.9783926 0.07626105 -0.1921769
vn -0.9783926 0.07626106 -0.1921769
vn -0.9783926 0.07626106 -0.1921769
vn 0.2646328 0.9544902 0.1375422
vn 0.2646328 0.9544902 0.1375422
vn 0.2646328 0.9544902 0.1375422
vn 0.2646328 0.9544902 0.1375422
vn 0.953156 0.2757367 0.1243497
vn 0.953156 0.2757367 0.1243497
vn 0.953156 0.2757367 0.1243497
vn 0.953156 0.2757367 0.1243497
vn -0.1867373 0.2239562 0.9565421
vn -0.1867373 0.2239562 0.9565421
vn -0.1867372 0.2239561 0.9565421
vn -0.1867373 0.2239562 0.9565421
vn 0.4125158 0.361205 -0.8362784
vn 0.4125158 0.361205 -0.8362783
vn 0.4125158 0.361205 -0.8362784
vn 0.4125158 0.361205 -0.8362784
vn 0.9126397 0.2505243 0.3229955
vn 0.9126397 0.2505243 0.3229955
vn 0.9126397 0.2505243 0.3229955
vn 0.9126397 0.2505243 0.3229955
vn -0.1414967 0.9100164 -0.389678
vn -0.1414966 0.9100164 -0.3896779
vn -0.1414966 0.9100164 -0.389678
vn -0.1414967 0.9100164 -0.3896781
vn -0.6928857 0.3544076 -0.6279367
vn -0.6928858 0.3544076 -0.6279367
vn -0.6928858 0.3544076 -0.6279367
vn -0.6928858 0.3544076 -0.6279367
vn 0.4706127 0.04379911 -0.8812522
vn 0.4706128 0.04379911 -0.8812519
vn 0.4706128 0.0437991 -0.8812519
vn 0.4706128 0.0437991 -0.8812519
vn -0.4673871 0.4239079 0.7757908
vn -0.4673871 0.4239078 0.7757908
vn -0.4673871 0.4239079 0.7757908
vn -0.4673871 0.4239079 0.7757908
vn -0.3456409 0.2115134 0.9142178
vn -0.3456408 0.2115134 0.9142178
vn -0.3456408 0.2115134 0.9142178
vn -0.3456409 0.2115134 0.9142178
vn 0.2305442 0.9702018 -0.0745524
vn 0.2305442 0.9702018 -0.0745524
vn 0.2305442 0.9702017 -0.07455239
vn 0.2305441 0.9702018 -0.07455237
vn 0.2299138 0.4529358 -0.8613877
vn 0.2299138 0.4529358 -0.8613877
vn 0.2299138 0.4529358 -0.8613877
vn 0.2299138 0.4529358 -0.8613877
vn 0.8695418 -0.03654201 0.4925056
vn 0.8695418 -0.036542 0.4925056
vn 0.8695418 -0.03654201 0.4925056
vn 0.8695418 -0.03654201 0.4925056
vn -0.7418205 0.3275394 -0.5851666
vn -0.7418205 0.3275394 -0.5851667
vn -0.7418206 0.3275394 -0.5851667
vn -0.7418205 0.3275394 -0.5851666
vn 0.8994684 0.2277631 0.3729348
vn 0.8994684 0.2277631 0.3729348
vn 0.8994684 0.2277631 0.3729348
vn 0.8994684 0.2277631 0.3729348
vn -0.2363295 0.864722 -0.4431753
vn -0.2363295 0.864722 -0.4431753
vn -0.2363296 0.864722 -0.4431753
vn -0.2363296 0.864722 -0.4431753
vn -0.8574015 0.3686885 -0.3590701
vn -0.8574015 0.3686885 -0.3590701
vn -0.8574015 0.3686886 -0.3590701
vn -0.8574015 0.3686885 -0.3590701
vn 0.04542626 0.3635389 -0.9304708
vn 0.04542626 0.3635389 -0.9304707
vn 0.04542626 0.3635389 -0.9304707
vn 0.04542626 0.3635389 -0.9304707
vn -0.2875681 0.2177639 0.9326754
vn -0.2875681 0.2177639 0.9326754
vn -0.2875682 0.2177639 0.9326754
vn -0.2875682 0.2177639 0.9326754
vn 0.509339 0.07626043 0.8571802
vn 0.509339 0.07626043 0.8571802
vn 0.509339 0.07626042 0.8571802
vn 0.509339 0.07626043 0.8571802
vn -0.07401114 0.9544912 -0.2889096
vn -0.07401114 0.9544912 -0.2889096
vn -0.07401115 0.9544912 -0.2889097
vn -0.07401114 0.9544912 -0.2889096
vn -0.5430495 0.2757345 -0.7931378
vn -0.5430495 0.2757344 -0.7931378
vn -0.5430495 0.2757345 -0.7931378
vn -0.5430495 0.2757345 -0.7931378
vn 0.8372656 0.2239564 -0.4988285
vn 0.8372656 0.2239564 -0.4988285
vn 0.8372656 0.2239564 -0.4988285
vn 0.8372656 0.2239564 -0.4988285
vn -0.8982391 0.3612104 0.2503867
vn -0.8982391 0.3612104 0.2503867
vn -0.898239 0.3612104 0.2503867
vn -0.898239 0.3612104 0.2503867
vn -0.9773515 0.2115174 -0.006650031
vn -0.9773515 0.2115174 -0.006650031
vn -0.9773515 0.2115174 -0.006650031
vn -0.9773515 0.2115174 -0.006650031
vn 0.1499719 0.9702018 0.1903076
vn 0.1499719 0.9702018 0.1903076
vn 0.1499719 0.9702018 0.1903076
vn 0.1499719 0.9702018 0.1903076
vn 0.8876225 0.4529349 -0.08352339
vn 0.8876225 0.452935 -0.08352339
vn 0.8876225 0.4529349 -0.08352339
vn 0.8876225 0.4529349 -0.08352339
vn -0.1599028 -0.03654766 0.9864559
vn -0.1599028 -0.03654766 0.9864559
vn -0.1599028 -0.03654766 0.9864559
vn -0.1599028 -0.03654766 0.9864559
vn 0.2911305 0.3275407 -0.8988659
vn 0.2911304 0.3275407 -0.898866
vn 0.2911304 0.3275407 -0.898866
vn 0.2911304 0.3275407 -0.898866
vn -0.476274 0.416226 0.7745444
vn -0.5128128 0.3454618 0.7859257
vn -0.5818184 0.1808848 0.7929489
vn -0.6083302 0.09995063 0.7873653
vn 0.5725391 0.523764 0.6307695
vn 0.6508449 0.4270817 0.6276959
vn 0.6075467 0.4828866 0.6306404
vn 0.686395 0.3759992 0.6224841
vn 0.7074602 0.6899184 -0.1533377
vn 0.7813672 0.5802753 -0.2296644
vn 0.7370574 0.6507722 -0.1823234
vn 0.8078411 0.5283632 -0.2611991
vn -0.5172497 0.7787135 -0.3550467
vn -0.551366 0.6839241 -0.477748
vn -0.564226 0.6243949 -0.5401666
vn -0.575869 0.5190895 -0.6316018
vn -0.8780878 0.4628965 0.1211966
vn -0.8503744 0.5215023 0.06998974
vn -0.8570315 0.5087929 0.08140463
vn -0.8226908 0.5678605 0.02672327
vn 0.8799455 0.4583727 -0.124861
vn 0.7226054 0.4120453 0.5550315
vn 0.5730714 0.7832409 -0.2410868
vn 0.5041161 0.7144421 0.4852209
vn -0.1310568 0.2645095 0.9554363
vn -0.1636644 0.8213252 0.5464786
vn -0.8382124 0.2756437 0.4705534
vn -0.4702969 0.8822178 -0.02263805
vn -0.5876362 0.6616833 -0.465681
vn -0.8632803 0.1940451 -0.465933
vn 0.003843439 0.2136966 -0.9768924
vn 0.11674 0.6192657 -0.7764546
vn 0.8799455 0.4583727 -0.124861
vn 0.8799455 0.4583727 -0.124861
vn -0.9383907 0.3307446 -0.1001534
vn -0.9452235 0.3148562 -0.08612818
vn -0.9447153 0.316082 -0.08720684
vn -0.9527609 0.2956994 -0.0693422
vn -0.4239304 0.3439741 0.8378333
vn -0.4126014 0.3587403 0.8372964
vn -0.3983091 0.3769352 0.8362234
vn -0.3736709 0.4072228 0.8333904
vn 0.5658625 0.3528736 0.7451711
vn 0.5437214 0.3287085 0.772216
vn 0.553377 0.3391882 0.7607399
vn 0.5263683 0.3100852 0.7916965
vn 0.9576063 0.2274133 0.1768422
vn 0.9410249 0.25787 0.219032
vn 0.9230522 0.2855518 0.2577489
vn 0.8920051 0.3252347 0.3139258
vn -0.03142285 0.9789044 0.2018878
vn -0.05921226 0.9965113 0.0588151
vn -0.0314231 0.9789043 0.201888
vn -0.058045 0.9800704 0.1899805
vn -0.1366495 0.9905576 0.01107366
vn -0.1849799 0.8446839 0.5022861
vn -0.9699086 0.2395513 0.04350215
vn -0.9647671 0.2573228 0.05485624
vn -0.9593431 0.2744529 0.06584978
vn -0.9506573 0.2992505 0.08185208
vn -0.5220753 0.2579068 0.8129706
vn -0.5377311 0.2424642 0.8075001
vn -0.5349643 0.2452223 0.8085042
vn -0.5553917 0.2245534 0.800697
vn 0.2330151 0.1766421 0.9562957
vn 0.1823793 0.22524 0.9570813
vn 0.1889752 0.2190206 0.9572451
vn 0.1140008 0.2878346 0.9508706
vn 0.9281853 0.2797182 0.2454172
vn 0.9210321 0.3303874 0.2062621
vn 0.9167327 0.3519751 0.1889829
vn 0.9090961 0.3832573 0.1632732
vn -0.4223998 0.2885055 -0.8592688
vn -0.4321909 0.2745192 -0.858982
vn -0.4279191 0.2806533 -0.8591384
vn -0.4388949 0.2647902 -0.8586369
vn -0.3965225 0.9160875 0.05961132
vn -0.1337982 0.9901732 -0.04068235
vn -0.1844175 0.9828303 -0.005896941
vn -0.0971763 0.9943739 -0.04215793
vn -0.06961478 0.9939721 -0.08469499
vn -0.2734946 0.9618482 0.006991625
vn 0.6995111 0.2412023 0.6726853
vn -0.03789992 0.2146199 0.975962
vn 0.507697 0.7453372 0.4321067
vn -0.2435176 0.5562524 0.7945329
vn -0.9005579 0.1480615 0.4087456
vn -0.7192489 0.6161371 0.3210232
vn -0.829024 0.2411776 -0.5045319
vn -0.4176762 0.859489 -0.2946615
vn -0.04421138 0.6192039 -0.7839845
vn -0.04695337 0.2441353 -0.9686038
vn 0.8271719 0.1967194 -0.5263914
vn 0.7398182 0.5497921 -0.3878112
vn 0.6995111 0.2412023 0.6726853
vn 0.6995111 0.2412023 0.6726853
vn -0.6006808 0.3307448 0.727867
vn -0.5927428 0.314856 0.7412971
vn -0.593363 0.316082 0.7402787
vn -0.5828897 0.2956989 0.7568366
vn 0.465535 0.3439764 0.815449
vn 0.4713292 0.358742 0.8057002
vn 0.478309 0.3769361 0.7931832
vn 0.4895206 0.4072226 0.7710636
vn 0.9336448 0.3528707 -0.06155849
vn 0.9440116 0.3287063 -0.02818334
vn 0.939756 0.3391855 -0.04256266
vn 0.9507047 0.3100835 -0.002970934
vn 0.6752658 0.2274117 -0.7016408
vn 0.7013336 0.2578684 -0.6645561
vn 0.7237365 0.28555 -0.6282249
vn 0.7535042 0.3252325 -0.5713625
vn 0.1511531 0.9789041 0.1374751
vn 0.01644965 0.9965113 0.08182154
vn 0.1511531 0.9789042 0.1374742
vn 0.1265462 0.9800704 0.153127
vn -0.06606182 0.9905576 0.1201311
vn 0.3172028 0.8446863 0.4311466
vn 0.2620494 0.4972724 -0.8270733
vn 0.2557742 0.5095469 -0.8215481
vn 0.2303345 0.5571135 -0.7978538
vn 0.2208275 0.5740328 -0.7884932
vn -0.5182153 0.5132495 -0.6841255
vn -0.5132254 0.4739479 -0.7155229
vn -0.5070264 0.4340408 -0.7446695
vn -0.4975345 0.3827705 -0.7784254
vn -0.9443958 0.3109676 -0.1068429
vn -0.8902301 0.4229004 -0.1692497
vn -0.9262365 0.3536386 -0.1304823
vn -0.8468823 0.4897564 -0.2071927
vn -0.5060301 0.4691119 0.7237869
vn -0.4814155 0.5042788 0.7168975
vn -0.4524947 0.5428844 0.7074779
vn -0.4411419 0.5573066 0.7034225
vn 0.8147084 0.5734509 -0.08604789
vn 0.8547017 0.5062397 -0.1149184
vn 0.8252828 0.55695 -0.09335309
vn 0.865689 0.4850976 -0.123542
vn 0.08062296 0.9160882 -0.392788
vn 0.08428067 0.9901732 -0.111596
vn 0.06906018 0.9828305 -0.1710992
vn 0.07305086 0.9943739 -0.07670724
vn 0.1034913 0.9939721 -0.03618004
vn 0.08764245 0.9618472 -0.2591694
vn 0.9418983 0.1806802 -0.2831641
vn 0.9210982 0.2265384 -0.3166358
vn 0.9198252 0.2290994 -0.3184885
vn 0.9006984 0.2649946 -0.3442675
vn 0.3129861 0.1773626 -0.9330499
vn 0.346837 0.2075191 -0.9146802
vn 0.3703066 0.2285741 -0.9003481
vn 0.3993789 0.2548336 -0.8806566
vn -0.4663907 0.06151044 -0.8824375
vn -0.4206148 0.1009098 -0.9016099
vn -0.4109846 0.1089679 -0.9051064
vn -0.3108821 0.1884854 -0.9315715
vn -0.9765892 0.2148296 -0.01102203
vn -0.9655879 0.2537689 -0.05693179
vn -0.9681239 0.245909 -0.04759115
vn -0.9435867 0.3077644 -0.1221683
vn 0.629974 0.230067 0.7417558
vn 0.6299756 0.2300642 0.7417554
vn 0.6299751 0.2300651 0.7417555
vn 0.6299769 0.2300622 0.741755
vn 0.2533248 0.9202505 0.2982706
vn 0.1185629 0.9863114 0.1145979
vn 0.2517256 0.9269537 0.2781924
vn 0.02081203 0.9995302 0.02249924
vn -0.2549119 0.9105451 -0.3254651
vn -0.08470576 0.963533 -0.2538287
vn -0.9443282 0.2872671 -0.1603798
vn -0.6327978 0.7741109 0.0178678
vn -0.488151 0.2149614 0.8458725
vn -0.4162791 0.2731229 -0.8672459
vn -0.2595543 0.7814676 -0.5673976
vn -0.6327978 0.7741109 0.0178678
vn -0.01274493 0.8619362 0.5068566
vn -0.6327978 0.7741109 0.0178678
vn 0.4922186 0.249102 -0.8340677
vn 0.3577245 0.7905843 0.4970005
vn 0.5252662 0.3118746 0.7917256
vn 0.9550502 0.2958677 -0.01847243
vn 0.8101229 0.5861242 -0.01261735
vn 0.3131997 0.8817254 -0.3527975
vn 0.7480784 0.5451689 0.3783773
vn 0.7389547 0.5851673 0.3339537
vn 0.7383598 0.5873589 0.3314126
vn 0.729039 0.6175895 0.2951023
vn 0.7471358 0.4177516 -0.5169833
vn 0.746936 0.4547879 -0.4850302
vn 0.7457138 0.480357 -0.4617013
vn 0.7428837 0.5118976 -0.4313753
vn 0.2343817 0.02579137 -0.9718024
vn 0.2630262 0.081343 -0.9613534
vn 0.2687902 0.09273481 -0.9587241
vn 0.3238802 0.2057242 -0.9234603
vn -0.7262206 -0.1478661 -0.6713711
vn -0.7034646 -0.101025 -0.7035135
vn -0.7083169 -0.1106034 -0.6971757
vn -0.6663704 -0.03343013 -0.744871
vn -0.1406349 0.3227686 0.9359713
vn -0.1406334 0.3227679 0.9359717
vn -0.1406339 0.3227681 0.9359715
vn -0.1406323 0.3227672 0.9359721
vn -0.3595186 0.8928712 0.2711591
vn -0.3554905 0.9339241 0.03758058
vn -0.3500833 0.9015564 0.2542396
vn -0.3664157 0.9254167 -0.09666124
vn -0.2940997 0.7985119 -0.5252466
vn -0.2456266 0.8969784 -0.3675557
vn 0.7624355 0.2395467 0.6010901
vn 0.7659652 0.2573184 0.5891387
vn 0.7690455 0.2744489 0.5772752
vn 0.772931 0.2992471 0.5594898
vn 0.9265171 0.2579052 -0.2739544
vn 0.9347892 0.2424607 -0.2595802
vn 0.9333518 0.2452192 -0.2621487
vn 0.9437076 0.2245479 -0.2428871
vn 0.4487793 0.1766412 -0.8760107
vn 0.4876111 0.2252378 -0.8435066
vn 0.4827269 0.2190186 -0.847942
vn 0.5352967 0.2878312 -0.7941099
vn -0.5419943 0.2797179 -0.7924644
vn -0.5621756 0.3303891 -0.7581565
vn -0.5702172 0.3519778 -0.7422695
vn -0.5812436 0.3832611 -0.7178208
vn -0.2420362 0.288509 0.9263806
vn -0.2344385 0.27452 0.9325649
vn -0.2377737 0.2806553 0.9298904
vn -0.229139 0.2647894 0.9366866
vn 0.3390419 0.9160876 0.2140891
vn 0.07466011 0.9901732 0.118249
vn 0.1357063 0.9828304 0.1250129
vn 0.04598162 0.9943739 0.09542584
vn -0.00268189 0.993972 0.1096014
vn 0.2115452 0.9618475 0.1734875

vt 0.9460291 0.6712319
vt 0.9160298 0.6464792
vt 0.9417452 0.7000623
vt 0.9417452 0.7000623
vt 0.912017 0.7135313
vt 0.8980963 0.6615314
vt 0.8808346 0.6719398
vt 0.912017 0.7135313
vt 0.8491292 0.6746233
vt 0.9003594 0.7444479
vt 0.9122097 0.6143934
vt 0.9160298 0.6464792
vt 0.9852921 0.660603
vt 0.9160298 0.6464792
vt 0.9460291 0.6712319
vt 0.9679441 0.7295607
vt 0.9852921 0.660603
vt 0.9417452 0.7000623
vt 0.9460291 0.6712319
vt 0.9417452 0.7000623
vt 0.9796757 0.6479717
vt 0.9502469 0.672142
vt 0.9703631 0.7187689
vt 0.9502469 0.672142
vt 0.9444345 0.698297
vt 0.9122097 0.6143934
vt 0.9160298 0.6464792
vt 0.9852921 0.660603
vt 0.9160298 0.6464792
vt 0.9460291 0.6712319
vt 0.9679441 0.7295607
vt 0.9852921 0.660603
vt 0.9417452 0.7000623
vt 0.9460291 0.6712319
vt 0.9417452 0.7000623
vt 0.9796757 0.6479717
vt 0.9502469 0.672142
vt 0.9703631 0.7187689
vt 0.9502469 0.672142
vt 0.9444345 0.698297
vt 0.9852532 0.6789728
vt 0.9441022 0.6255097
vt 0.9550439 0.6768124
vt 0.9441022 0.6255097
vt 0.9303713 0.6616374
vt 0.9852532 0.6789728
vt 0.9441022 0.6255097
vt 0.9550439 0.6768124
vt 0.9441022 0.6255097
vt 0.9303713 0.6616374
vt 0.9796757 0.6479717
vt 0.9502469 0.672142
vt 0.9703631 0.7187689
vt 0.9502469 0.672142
vt 0.9444345 0.698297
vt 0.5605278 0.4726478
vt 0.5605278 0.628293
vt 0.5797143 0.628293
vt 0.5797143 0.4726478
vt 0.5989007 0.628293
vt 0.5989007 0.4726478
vt 0.6180872 0.628293
vt 0.6180872 0.4726478
vt 0.6372737 0.628293
vt 0.6372737 0.4726478
vt 0.6564602 0.628293
vt 0.6564602 0.4726478
vt 0.6756467 0.628293
vt 0.6756467 0.4726478
vt 0.7398293 0.7353854
vt 0.7205797 0.7353854
vt 0.710955 0.752056
vt 0.7205797 0.7687266
vt 0.7494541 0.752056
vt 0.7398293 0.7687266
vt 0.6217598 0.6593455
vt 0.6311863 0.6756728
vt 0.6500394 0.6756728
vt 0.6311863 0.6430182
vt 0.6594659 0.6593455
vt 0.6500394 0.6430182
vt 0.5605278 0.4726478
vt 0.5605278 0.628293
vt 0.5797143 0.628293
vt 0.5797143 0.4726478
vt 0.5989007 0.628293
vt 0.5989007 0.4726478
vt 0.6180872 0.628293
vt 0.6180872 0.4726478
vt 0.6372737 0.628293
vt 0.6372737 0.4726478
vt 0.6564602 0.628293
vt 0.6564602 0.4726478
vt 0.6756467 0.628293
vt 0.6756467 0.4726478
vt 0.7205797 0.7687266
vt 0.7398293 0.7687266
vt 0.7494541 0.752056
vt 0.7398293 0.7353854
vt 0.710955 0.752056
vt 0.7205797 0.7353854
vt 0.6594659 0.6593455
vt 0.6500394 0.6430182
vt 0.6311863 0.6430182
vt 0.6500394 0.6756728
vt 0.6217598 0.6593455
vt 0.6311863 0.6756728
vt 0.5605278 0.4726478
vt 0.5605278 0.628293
vt 0.5797143 0.628293
vt 0.5797143 0.4726478
vt 0.5989007 0.628293
vt 0.5989007 0.4726478
vt 0.6180872 0.628293
vt 0.6180872 0.4726478
vt 0.6372737 0.628293
vt 0.6372737 0.4726478
vt 0.6564602 0.628293
vt 0.6564602 0.4726478
vt 0.6756467 0.628293
vt 0.6756467 0.4726478
vt 0.7205797 0.7687266
vt 0.7398293 0.7687266
vt 0.7494541 0.752056
vt 0.710955 0.752056
vt 0.7398293 0.7353854
vt 0.7205797 0.7353854
vt 0.6594659 0.6593455
vt 0.6500394 0.6430182
vt 0.6311863 0.6430182
vt 0.6217598 0.6593455
vt 0.6500394 0.6756728
vt 0.6311863 0.6756728
vt 0.5605278 0.4726478
vt 0.5605278 0.628293
vt 0.5797143 0.628293
vt 0.5797143 0.4726478
vt 0.5989007 0.628293
vt 0.5989007 0.4726478
vt 0.6180872 0.628293
vt 0.6180872 0.4726478
vt 0.6372737 0.628293
vt 0.6372737 0.4726478
vt 0.6564602 0.628293
vt 0.6564602 0.4726478
vt 0.6756467 0.628293
vt 0.6756467 0.4726478
vt 0.7398293 0.7353854
vt 0.7205797 0.7353854
vt 0.710955 0.752056
vt 0.7205797 0.7687266
vt 0.7494541 0.752056
vt 0.7398293 0.7687266
vt 0.6217598 0.6593455
vt 0.6311863 0.6756728
vt 0.6500394 0.6756728
vt 0.6311863 0.6430182
vt 0.6594659 0.6593455
vt 0.6500394 0.6430182
vt 0.5605278 0.5276033
vt 0.5605278 0.628293
vt 0.5797143 0.628293
vt 0.5797143 0.5276033
vt 0.5989007 0.628293
vt 0.5989007 0.5276033
vt 0.6180872 0.628293
vt 0.6180872 0.5276033
vt 0.6372737 0.628293
vt 0.6372737 0.5276033
vt 0.6564602 0.628293
vt 0.6564602 0.5276033
vt 0.6756467 0.628293
vt 0.6756467 0.5276033
vt 0.7494541 0.752056
vt 0.7398293 0.7353854
vt 0.7205797 0.7353854
vt 0.7398293 0.7687266
vt 0.710955 0.752056
vt 0.7205797 0.7687266
vt 0.6311863 0.6756728
vt 0.6500394 0.6756728
vt 0.6594659 0.6593455
vt 0.6500394 0.6430182
vt 0.6217598 0.6593455
vt 0.6311863 0.6430182
vt 0.5605278 0.4726478
vt 0.5605278 0.628293
vt 0.5797143 0.628293
vt 0.5797143 0.4726478
vt 0.5989007 0.628293
vt 0.5989007 0.4726478
vt 0.6180872 0.628293
vt 0.6180872 0.4726478
vt 0.6372737 0.628293
vt 0.6372737 0.4726478
vt 0.6564602 0.628293
vt 0.6564602 0.4726478
vt 0.6756467 0.628293
vt 0.6756467 0.4726478
vt 0.7205797 0.7353854
vt 0.710955 0.752056
vt 0.7205797 0.7687266
vt 0.7398293 0.7687266
vt 0.7398293 0.7353854
vt 0.7494541 0.752056
vt 0.6311863 0.6430182
vt 0.6217598 0.6593455
vt 0.6311863 0.6756728
vt 0.6500394 0.6430182
vt 0.6500394 0.6756728
vt 0.6594659 0.6593455
vt 0.7423487 0.513167
vt 0.7254042 0.5155995
vt 0.7253931 0.5325911
vt 0.7374527 0.537138
vt 0.7254042 0.5155995
vt 0.713752 0.5165744
vt 0.7174293 0.5344759
vt 0.7253931 0.5325911
vt 0.713752 0.5165744
vt 0.6993207 0.5151105
vt 0.7071511 0.5374021
vt 0.7174293 0.5344759
vt 0.724085 0.5454053
vt 0.7253931 0.5325911
vt 0.7174293 0.5344759
vt 0.7101743 0.5423096
vt 0.7049263 0.5050653
vt 0.713752 0.5165744
vt 0.7254042 0.5155995
vt 0.7262419 0.4984907
vt 0.7202713 0.5012673
vt 0.7227437 0.5185888
vt 0.7413834 0.5177584
vt 0.7429547 0.5049752
vt 0.7227437 0.5185888
vt 0.7269614 0.5310651
vt 0.7424833 0.5358466
vt 0.7413834 0.5177584
vt 0.7269614 0.5310651
vt 0.7204573 0.5444232
vt 0.7421903 0.5467858
vt 0.7424833 0.5358466
vt 0.7541713 0.5193792
vt 0.7413834 0.5177584
vt 0.7424833 0.5358466
vt 0.7511044 0.5425843
vt 0.7151706 0.5401008
vt 0.7269614 0.5310651
vt 0.7227437 0.5185888
vt 0.7052926 0.5191669
vt 0.7593399 0.516126
vt 0.7393195 0.5175179
vt 0.7417221 0.533871
vt 0.7559875 0.5402871
vt 0.7393195 0.5175179
vt 0.7243605 0.517592
vt 0.7242919 0.5309067
vt 0.7417221 0.533871
vt 0.7243605 0.517592
vt 0.7093091 0.5207736
vt 0.7168704 0.5397164
vt 0.7242919 0.5309067
vt 0.7397172 0.5493868
vt 0.7417221 0.533871
vt 0.7242919 0.5309067
vt 0.7169341 0.5397483
vt 0.715282 0.5051597
vt 0.7243605 0.517592
vt 0.7393195 0.5175179
vt 0.7366261 0.4976216
vt 0.7150139 0.5017314
vt 0.719026 0.5207811
vt 0.7534765 0.5206441
vt 0.7576742 0.505622
vt 0.719026 0.5207811
vt 0.7224564 0.5304193
vt 0.7542562 0.5356
vt 0.7534765 0.5206441
vt 0.7224564 0.5304193
vt 0.7166226 0.5468023
vt 0.757361 0.5467796
vt 0.7542562 0.5356
vt 0.7690043 0.5220696
vt 0.7534765 0.5206441
vt 0.7542562 0.5356
vt 0.7653563 0.5389305
vt 0.7117628 0.5440931
vt 0.7224564 0.5304193
vt 0.719026 0.5207811
vt 0.7022532 0.5305972
vt 0.7423487 0.513167
vt 0.7254042 0.5155995
vt 0.7253931 0.5325911
vt 0.7374527 0.537138
vt 0.7254042 0.5155995
vt 0.713752 0.5165744
vt 0.7174293 0.5344759
vt 0.7253931 0.5325911
vt 0.713752 0.5165744
vt 0.6993207 0.5151105
vt 0.7071511 0.5374021
vt 0.7174293 0.5344759
vt 0.724085 0.5454053
vt 0.7253931 0.5325911
vt 0.7174293 0.5344759
vt 0.7101743 0.5423096
vt 0.7049263 0.5050653
vt 0.713752 0.5165744
vt 0.7254042 0.5155995
vt 0.7262419 0.4984907
vt 0.7202713 0.5012673
vt 0.7227437 0.5185888
vt 0.7413834 0.5177584
vt 0.7429547 0.5049752
vt 0.7227437 0.5185888
vt 0.7269614 0.5310651
vt 0.7424833 0.5358466
vt 0.7413834 0.5177584
vt 0.7269614 0.5310651
vt 0.7204573 0.5444232
vt 0.7421903 0.5467858
vt 0.7424833 0.5358466
vt 0.7541713 0.5193792
vt 0.7413834 0.5177584
vt 0.7424833 0.5358466
vt 0.7511044 0.5425843
vt 0.7151706 0.5401008
vt 0.7269614 0.5310651
vt 0.7227437 0.5185888
vt 0.7052926 0.5191669
vt 0.7593399 0.516126
vt 0.7393195 0.5175179
vt 0.7417221 0.533871
vt 0.7559875 0.5402871
vt 0.7393195 0.5175179
vt 0.7243605 0.517592
vt 0.7242919 0.5309067
vt 0.7417221 0.533871
vt 0.7243605 0.517592
vt 0.7093091 0.5207736
vt 0.7168704 0.5397164
vt 0.7242919 0.5309067
vt 0.7397172 0.5493868
vt 0.7417221 0.533871
vt 0.7242919 0.5309067
vt 0.7169341 0.5397483
vt 0.715282 0.5051597
vt 0.7243605 0.517592
vt 0.7393195 0.5175179
vt 0.7366261 0.4976216
vt 0.7150139 0.5017314
vt 0.719026 0.5207811
vt 0.7534765 0.5206441
vt 0.7576742 0.505622
vt 0.719026 0.5207811
vt 0.7224564 0.5304193
vt 0.7542562 0.5356
vt 0.7534765 0.5206441
vt 0.7224564 0.5304193
vt 0.7166226 0.5468023
vt 0.757361 0.5467796
vt 0.7542562 0.5356
vt 0.7690043 0.5220696
vt 0.7534765 0.5206441
vt 0.7542562 0.5356
vt 0.7653563 0.5389305
vt 0.7117628 0.5440931
vt 0.7224564 0.5304193
vt 0.719026 0.5207811
vt 0.7022532 0.5305972
vt 0.7202713 0.5012673
vt 0.7227437 0.5185888
vt 0.7413834 0.5177584
vt 0.7429547 0.5049752
vt 0.7227437 0.5185888
vt 0.7269614 0.5310651
vt 0.7424833 0.5358466
vt 0.7413834 0.5177584
vt 0.7269614 0.5310651
vt 0.7204573 0.5444232
vt 0.7421903 0.5467858
vt 0.7424833 0.5358466
vt 0.7541713 0.5193792
vt 0.7413834 0.5177584
vt 0.7424833 0.5358466
vt 0.7511044 0.5425843
vt 0.7151706 0.5401008
vt 0.7269614 0.5310651
vt 0.7227437 0.5185888
vt 0.7052926 0.5191669
vt 0.5969905 0.6012237
vt 0.5855162 0.6028709
vt 0.5855086 0.6143771
vt 0.5936751 0.6174561
vt 0.5855162 0.6028709
vt 0.5776257 0.6035311
vt 0.5801159 0.6156535
vt 0.5855086 0.6143771
vt 0.5776257 0.6035311
vt 0.5678533 0.6025398
vt 0.5731557 0.617635
vt 0.5801159 0.6156535
vt 0.5846229 0.6230544
vt 0.5855086 0.6143771
vt 0.5801159 0.6156535
vt 0.5752029 0.6209581
vt 0.5716491 0.5957375
vt 0.5776257 0.6035311
vt 0.5855162 0.6028709
vt 0.5860835 0.5912853
vt 0.5820404 0.5931656
vt 0.5837146 0.6048952
vt 0.5963368 0.6043328
vt 0.5974008 0.5956764
vt 0.5837146 0.6048952
vt 0.5865707 0.6133437
vt 0.5970817 0.6165816
vt 0.5963368 0.6043328
vt 0.5865707 0.6133437
vt 0.5821663 0.6223894
vt 0.5968832 0.6239893
vt 0.5970817 0.6165816
vt 0.6049964 0.6054304
vt 0.5963368 0.6043328
vt 0.5970817 0.6165816
vt 0.6029196 0.6211442
vt 0.5785863 0.6194624
vt 0.5865707 0.6133437
vt 0.5837146 0.6048952
vt 0.5718972 0.6052866
vt 0.6562577 0.6009531
vt 0.6427006 0.6018957
vt 0.6443275 0.6129695
vt 0.6539876 0.6173143
vt 0.6427006 0.6018957
vt 0.6325707 0.6019458
vt 0.6325243 0.6109621
vt 0.6443275 0.6129695
vt 0.6325707 0.6019458
vt 0.6223784 0.6041003
vt 0.6274987 0.6169277
vt 0.6325243 0.6109621
vt 0.6429698 0.6234763
vt 0.6443275 0.6129695
vt 0.6325243 0.6109621
vt 0.6275418 0.6169493
vt 0.6264231 0.5935271
vt 0.6325707 0.6019458
vt 0.6427006 0.6018957
vt 0.6408767 0.5884224
vt 0.5784802 0.5934798
vt 0.581197 0.6063797
vt 0.6045259 0.6062869
vt 0.6073685 0.5961144
vt 0.581197 0.6063797
vt 0.5835201 0.6129065
vt 0.6050539 0.6164147
vt 0.6045259 0.6062869
vt 0.5835201 0.6129065
vt 0.5795696 0.6240005
vt 0.6071564 0.6239851
vt 0.6050539 0.6164147
vt 0.6150408 0.6072522
vt 0.6045259 0.6062869
vt 0.6050539 0.6164147
vt 0.6125705 0.61867
vt 0.5762787 0.6221659
vt 0.5835201 0.6129065
vt 0.581197 0.6063797
vt 0.569839 0.6130269
vt 0.5969905 0.6012237
vt 0.5855162 0.6028709
vt 0.5855086 0.6143771
vt 0.5936751 0.6174561
vt 0.5855162 0.6028709
vt 0.5776257 0.6035311
vt 0.5801159 0.6156535
vt 0.5855086 0.6143771
vt 0.5776257 0.6035311
vt 0.5678533 0.6025398
vt 0.5731557 0.617635
vt 0.5801159 0.6156535
vt 0.5846229 0.6230544
vt 0.5855086 0.6143771
vt 0.5801159 0.6156535
vt 0.5752029 0.6209581
vt 0.5716491 0.5957375
vt 0.5776257 0.6035311
vt 0.5855162 0.6028709
vt 0.5860835 0.5912853
vt 0.5820404 0.5931656
vt 0.5837146 0.6048952
vt 0.5963368 0.6043328
vt 0.5974008 0.5956764
vt 0.5837146 0.6048952
vt 0.5865707 0.6133437
vt 0.5970817 0.6165816
vt 0.5963368 0.6043328
vt 0.5865707 0.6133437
vt 0.5821663 0.6223894
vt 0.5968832 0.6239893
vt 0.5970817 0.6165816
vt 0.6049964 0.6054304
vt 0.5963368 0.6043328
vt 0.5970817 0.6165816
vt 0.6029196 0.6211442
vt 0.5785863 0.6194624
vt 0.5865707 0.6133437
vt 0.5837146 0.6048952
vt 0.5718972 0.6052866
vt 0.6084964 0.6032274
vt 0.5949392 0.60417
vt 0.5965662 0.6152438
vt 0.6062263 0.6195886
vt 0.5949392 0.60417
vt 0.5848094 0.6042202
vt 0.584763 0.6132364
vt 0.5965662 0.6152438
vt 0.5848094 0.6042202
vt 0.5746171 0.6063746
vt 0.5797374 0.6192021
vt 0.584763 0.6132364
vt 0.5952085 0.6257507
vt 0.5965662 0.6152438
vt 0.584763 0.6132364
vt 0.5797805 0.6192237
vt 0.5786617 0.5958014
vt 0.5848094 0.6042202
vt 0.5949392 0.60417
vt 0.5931153 0.5906968
vt 0.5784802 0.5934798
vt 0.581197 0.6063797
vt 0.6045259 0.6062869
vt 0.6073685 0.5961144
vt 0.581197 0.6063797
vt 0.5835201 0.6129065
vt 0.6050539 0.6164147
vt 0.6045259 0.6062869
vt 0.5835201 0.6129065
vt 0.5795696 0.6240005
vt 0.6071564 0.6239851
vt 0.6050539 0.6164147
vt 0.6150408 0.6072522
vt 0.6045259 0.6062869
vt 0.6050539 0.6164147
vt 0.6125705 0.61867
vt 0.5762787 0.6221659
vt 0.5835201 0.6129065
vt 0.581197 0.6063797
vt 0.569839 0.6130269
vt 0.5820404 0.5931656
vt 0.5837146 0.6048952
vt 0.5963368 0.6043328
vt 0.5974008 0.5956764
vt 0.5837146 0.6048952
vt 0.5865707 0.6133437
vt 0.5970817 0.6165816
vt 0.5963368 0.6043328
vt 0.5865707 0.6133437
vt 0.5821663 0.6223894
vt 0.5968832 0.6239893
vt 0.5970817 0.6165816
vt 0.6049964 0.6054304
vt 0.5963368 0.6043328
vt 0.5970817 0.6165816
vt 0.6029196 0.6211442
vt 0.5785863 0.6194624
vt 0.5865707 0.6133437
vt 0.5837146 0.6048952
vt 0.5718972 0.6052866
vt 0.9122097 0.6143934
vt 0.9160298 0.6464792
vt 0.9852921 0.660603
vt 0.9460291 0.6712319
vt 0.9679441 0.7295607
vt 0.9852921 0.660603
vt 0.9417452 0.7000623
vt 0.9460291 0.6712319
vt 0.9003594 0.7444479
vt 0.9679441 0.7295607
vt 0.912017 0.7135313
vt 0.9417452 0.7000623
vt 0.8491292 0.6746233
vt 0.8808346 0.6719398
vt 0.8699522 0.6289539
vt 0.8980963 0.6615314
vt 0.9122097 0.6143934
vt 0.8699522 0.6289539
vt 0.9160298 0.6464792
vt 0.8980963 0.6615314
vt 0.9441022 0.6255097
vt 0.8756537 0.6430453
vt 0.9303713 0.6616374
vt 0.8923159 0.6702211
vt 0.8595393 0.7010095
vt 0.8901305 0.6956326
vt 0.8880795 0.738316
vt 0.9077575 0.7032663
vt 0.9374659 0.7143776
vt 0.9556013 0.7382681
vt 0.9852532 0.6789728
vt 0.9550439 0.6768124
vt 0.9441022 0.6255097
vt 0.9441022 0.6255097
vt 0.9003594 0.7444479
vt 0.9679441 0.7295607
vt 0.912017 0.7135313
vt 0.9417452 0.7000623
vt 0.9003594 0.7444479
vt 0.912017 0.7135313
vt 0.8491292 0.6746233
vt 0.8808346 0.6719398
vt 0.8491292 0.6746233
vt 0.8808346 0.6719398
vt 0.8699522 0.6289539
vt 0.8980963 0.6615314
vt 0.9122097 0.6143934
vt 0.8699522 0.6289539
vt 0.9160298 0.6464792
vt 0.8980963 0.6615314
vt 0.9460291 0.6712319
vt 0.9160298 0.6464792
vt 0.9417452 0.7000623
vt 0.912017 0.7135313
vt 0.8980963 0.6615314
vt 0.8808346 0.6719398
vt 0.903224 0.740262
vt 0.9085034 0.7136939
vt 0.8524982 0.691271
vt 0.880304 0.6823515
vt 0.8524982 0.691271
vt 0.880304 0.6823515
vt 0.859188 0.6424108
vt 0.8883024 0.6620756
vt 0.9134673 0.611048
vt 0.859188 0.6424108
vt 0.9120014 0.6432992
vt 0.8883024 0.6620756
vt 0.9134673 0.611048
vt 0.9120014 0.6432992
vt 0.9796757 0.6479717
vt 0.9502469 0.672142
vt 0.903224 0.740262
vt 0.9703631 0.7187689
vt 0.9085034 0.7136939
vt 0.9444345 0.698297
vt 0.9502469 0.672142
vt 0.9120014 0.6432992
vt 0.9444345 0.698297
vt 0.9085034 0.7136939
vt 0.8883024 0.6620756
vt 0.880304 0.6823515
vt 0.9441022 0.6255097
vt 0.8756537 0.6430453
vt 0.9303713 0.6616374
vt 0.8923159 0.6702211
vt 0.8595393 0.7010095
vt 0.8901305 0.6956326
vt 0.8880795 0.738316
vt 0.9077575 0.7032663
vt 0.9374659 0.7143776
vt 0.9556013 0.7382681
vt 0.9852532 0.6789728
vt 0.9550439 0.6768124
vt 0.9441022 0.6255097
vt 0.9441022 0.6255097
vt 0.9003594 0.7444479
vt 0.9679441 0.7295607
vt 0.912017 0.7135313
vt 0.9417452 0.7000623
vt 0.9003594 0.7444479
vt 0.912017 0.7135313
vt 0.8491292 0.6746233
vt 0.8808346 0.6719398
vt 0.8491292 0.6746233
vt 0.8808346 0.6719398
vt 0.8699522 0.6289539
vt 0.8980963 0.6615314
vt 0.9122097 0.6143934
vt 0.8699522 0.6289539
vt 0.9160298 0.6464792
vt 0.8980963 0.6615314
vt 0.9460291 0.6712319
vt 0.9160298 0.6464792
vt 0.9417452 0.7000623
vt 0.912017 0.7135313
vt 0.8980963 0.6615314
vt 0.8808346 0.6719398
vt 0.903224 0.740262
vt 0.9085034 0.7136939
vt 0.8524982 0.691271
vt 0.880304 0.6823515
vt 0.8524982 0.691271
vt 0.880304 0.6823515
vt 0.859188 0.6424108
vt 0.8883024 0.6620756
vt 0.9134673 0.611048
vt 0.859188 0.6424108
vt 0.9120014 0.6432992
vt 0.8883024 0.6620756
vt 0.9134673 0.611048
vt 0.9120014 0.6432992
vt 0.9796757 0.6479717
vt 0.9502469 0.672142
vt 0.903224 0.740262
vt 0.9703631 0.7187689
vt 0.9085034 0.7136939
vt 0.9444345 0.698297
vt 0.9502469 0.672142
vt 0.9120014 0.6432992
vt 0.9444345 0.698297
vt 0.9085034 0.7136939
vt 0.8883024 0.6620756
vt 0.880304 0.6823515
vt 0.9556013 0.7382681
vt 0.9374659 0.7143776
vt 0.8880795 0.738316
vt 0.9077575 0.7032663
vt 0.8595393 0.7010095
vt 0.8880795 0.738316
vt 0.8901305 0.6956326
vt 0.9077575 0.7032663
vt 0.8756537 0.6430453
vt 0.8595393 0.7010095
vt 0.8923159 0.6702211
vt 0.8901305 0.6956326
vt 0.9441022 0.6255097
vt 0.8756537 0.6430453
vt 0.9303713 0.6616374
vt 0.8923159 0.6702211
vt 0.9556013 0.7382681
vt 0.9852532 0.6789728
vt 0.9374659 0.7143776
vt 0.9550439 0.6768124
vt 0.9550439 0.6768124
vt 0.9303713 0.6616374
vt 0.9374659 0.7143776
vt 0.9077575 0.7032663
vt 0.8901305 0.6956326
vt 0.8923159 0.6702211
vt 0.9796757 0.6479717
vt 0.9502469 0.672142
vt 0.9703631 0.7187689
vt 0.9134673 0.611048
vt 0.9120014 0.6432992
vt 0.9502469 0.672142
vt 0.9444345 0.698297
vt 0.9502469 0.672142
vt 0.859188 0.6424108
vt 0.9085034 0.7136939
vt 0.903224 0.740262
vt 0.8524982 0.691271
vt 0.880304 0.6823515
vt 0.8883024 0.6620756
vt 0.9556013 0.7382681
vt 0.9374659 0.7143776
vt 0.8880795 0.738316
vt 0.9077575 0.7032663
vt 0.8595393 0.7010095
vt 0.8880795 0.738316
vt 0.8901305 0.6956326
vt 0.9077575 0.7032663
vt 0.8756537 0.6430453
vt 0.8595393 0.7010095
vt 0.8923159 0.6702211
vt 0.8901305 0.6956326
vt 0.9441022 0.6255097
vt 0.8756537 0.6430453
vt 0.9303713 0.6616374
vt 0.8923159 0.6702211
vt 0.9556013 0.7382681
vt 0.9852532 0.6789728
vt 0.9374659 0.7143776
vt 0.9550439 0.6768124
vt 0.9550439 0.6768124
vt 0.9303713 0.6616374
vt 0.9374659 0.7143776
vt 0.9077575 0.7032663
vt 0.8901305 0.6956326
vt 0.8923159 0.6702211
vt 0.903224 0.740262
vt 0.9085034 0.7136939
vt 0.8524982 0.691271
vt 0.880304 0.6823515
vt 0.8524982 0.691271
vt 0.880304 0.6823515
vt 0.859188 0.6424108
vt 0.8883024 0.6620756
vt 0.9134673 0.611048
vt 0.859188 0.6424108
vt 0.9120014 0.6432992
vt 0.8883024 0.6620756
vt 0.9134673 0.611048
vt 0.9120014 0.6432992
vt 0.9796757 0.6479717
vt 0.9502469 0.672142
vt 0.903224 0.740262
vt 0.9703631 0.7187689
vt 0.9085034 0.7136939
vt 0.9444345 0.698297
vt 0.9502469 0.672142
vt 0.9120014 0.6432992
vt 0.9444345 0.698297
vt 0.9085034 0.7136939
vt 0.8883024 0.6620756
vt 0.880304 0.6823515

usemtl tent_stump
usemap tent_stump
f 2081/2081/2081 2080/2080/2080 2082/2082/2082
f 2081/2081/2081 2083/2083/2083 2084/2084/2084
f 2085/2085/2085 2081/2081/2081 2084/2084/2084
f 2085/2085/2085 2084/2084/2084 2086/2086/2086
f 2086/2086/2086 2087/2087/2087 2088/2088/2088
f 2087/2087/2087 2089/2089/2089 2088/2088/2088
f 2091/2091/2091 2090/2090/2090 2092/2092/2092
f 2094/2094/2094 2093/2093/2093 2092/2092/2092
f 2096/2096/2096 2095/2095/2095 2097/2097/2097
f 2098/2098/2098 2096/2096/2096 2099/2099/2099
f 2101/2101/2101 2100/2100/2100 2102/2102/2102
f 2104/2104/2104 2103/2103/2103 2102/2102/2102
f 2106/2106/2106 2105/2105/2105 2107/2107/2107
f 2109/2109/2109 2108/2108/2108 2107/2107/2107
f 2111/2111/2111 2110/2110/2110 2112/2112/2112
f 2113/2113/2113 2111/2111/2111 2114/2114/2114
f 2116/2116/2116 2115/2115/2115 2117/2117/2117
f 2119/2119/2119 2118/2118/2118 2117/2117/2117
f 2121/2121/2121 2120/2120/2120 2122/2122/2122
f 2124/2124/2124 2123/2123/2123 2122/2122/2122
f 2126/2126/2126 2125/2125/2125 2127/2127/2127
f 2129/2129/2129 2128/2128/2128 2127/2127/2127
f 2131/2131/2131 2130/2130/2130 2132/2132/2132
f 2134/2134/2134 2133/2133/2133 2132/2132/2132
f 2136/2136/2136 2135/2135/2135 2137/2137/2137
f 2137/2137/2137 2135/2135/2135 2138/2138/2138
f 2137/2137/2137 2138/2138/2138 2139/2139/2139
f 2139/2139/2139 2138/2138/2138 2140/2140/2140
f 2139/2139/2139 2140/2140/2140 2141/2141/2141
f 2141/2141/2141 2140/2140/2140 2142/2142/2142
f 2141/2141/2141 2142/2142/2142 2143/2143/2143
f 2143/2143/2143 2142/2142/2142 2144/2144/2144
f 2143/2143/2143 2144/2144/2144 2145/2145/2145
f 2145/2145/2145 2144/2144/2144 2146/2146/2146
f 2145/2145/2145 2146/2146/2146 2147/2147/2147
f 2147/2147/2147 2146/2146/2146 2148/2148/2148
f 2150/2150/2150 2149/2149/2149 2151/2151/2151
f 2152/2152/2152 2151/2151/2151 2149/2149/2149
f 2153/2153/2153 2152/2152/2152 2149/2149/2149
f 2154/2154/2154 2152/2152/2152 2153/2153/2153
f 2156/2156/2156 2155/2155/2155 2157/2157/2157
f 2158/2158/2158 2157/2157/2157 2155/2155/2155
f 2159/2159/2159 2157/2157/2157 2158/2158/2158
f 2160/2160/2160 2159/2159/2159 2158/2158/2158
f 2162/2162/2162 2161/2161/2161 2163/2163/2163
f 2163/2163/2163 2161/2161/2161 2164/2164/2164
f 2163/2163/2163 2164/2164/2164 2165/2165/2165
f 2165/2165/2165 2164/2164/2164 2166/2166/2166
f 2165/2165/2165 2166/2166/2166 2167/2167/2167
f 2167/2167/2167 2166/2166/2166 2168/2168/2168
f 2167/2167/2167 2168/2168/2168 2169/2169/2169
f 2169/2169/2169 2168/2168/2168 2170/2170/2170
f 2169/2169/2169 2170/2170/2170 2171/2171/2171
f 2171/2171/2171 2170/2170/2170 2172/2172/2172
f 2171/2171/2171 2172/2172/2172 2173/2173/2173
f 2173/2173/2173 2172/2172/2172 2174/2174/2174
f 2176/2176/2176 2175/2175/2175 2177/2177/2177
f 2178/2178/2178 2177/2177/2177 2175/2175/2175
f 2179/2179/2179 2178/2178/2178 2175/2175/2175
f 2180/2180/2180 2178/2178/2178 2179/2179/2179
f 2182/2182/2182 2181/2181/2181 2183/2183/2183
f 2184/2184/2184 2183/2183/2183 2181/2181/2181
f 2185/2185/2185 2183/2183/2183 2184/2184/2184
f 2186/2186/2186 2185/2185/2185 2184/2184/2184
f 2188/2188/2188 2187/2187/2187 2189/2189/2189
f 2189/2189/2189 2187/2187/2187 2190/2190/2190
f 2189/2189/2189 2190/2190/2190 2191/2191/2191
f 2191/2191/2191 2190/2190/2190 2192/2192/2192
f 2191/2191/2191 2192/2192/2192 2193/2193/2193
f 2193/2193/2193 2192/2192/2192 2194/2194/2194
f 2193/2193/2193 2194/2194/2194 2195/2195/2195
f 2195/2195/2195 2194/2194/2194 2196/2196/2196
f 2195/2195/2195 2196/2196/2196 2197/2197/2197
f 2197/2197/2197 2196/2196/2196 2198/2198/2198
f 2197/2197/2197 2198/2198/2198 2199/2199/2199
f 2199/2199/2199 2198/2198/2198 2200/2200/2200
f 2202/2202/2202 2201/2201/2201 2203/2203/2203
f 2204/2204/2204 2203/2203/2203 2201/2201/2201
f 2205/2205/2205 2203/2203/2203 2204/2204/2204
f 2206/2206/2206 2205/2205/2205 2204/2204/2204
f 2208/2208/2208 2207/2207/2207 2209/2209/2209
f 2210/2210/2210 2209/2209/2209 2207/2207/2207
f 2211/2211/2211 2210/2210/2210 2207/2207/2207
f 2212/2212/2212 2210/2210/2210 2211/2211/2211
f 2214/2214/2214 2213/2213/2213 2215/2215/2215
f 2215/2215/2215 2213/2213/2213 2216/2216/2216
f 2215/2215/2215 2216/2216/2216 2217/2217/2217
f 2217/2217/2217 2216/2216/2216 2218/2218/2218
f 2217/2217/2217 2218/2218/2218 2219/2219/2219
f 2219/2219/2219 2218/2218/2218 2220/2220/2220
f 2219/2219/2219 2220/2220/2220 2221/2221/2221
f 2221/2221/2221 2220/2220/2220 2222/2222/2222
f 2221/2221/2221 2222/2222/2222 2223/2223/2223
f 2223/2223/2223 2222/2222/2222 2224/2224/2224
f 2223/2223/2223 2224/2224/2224 2225/2225/2225
f 2225/2225/2225 2224/2224/2224 2226/2226/2226
f 2228/2228/2228 2227/2227/2227 2229/2229/2229
f 2230/2230/2230 2229/2229/2229 2227/2227/2227
f 2231/2231/2231 2230/2230/2230 2227/2227/2227
f 2232/2232/2232 2230/2230/2230 2231/2231/2231
f 2234/2234/2234 2233/2233/2233 2235/2235/2235
f 2236/2236/2236 2235/2235/2235 2233/2233/2233
f 2237/2237/2237 2235/2235/2235 2236/2236/2236
f 2238/2238/2238 2237/2237/2237 2236/2236/2236
f 2240/2240/2240 2239/2239/2239 2241/2241/2241
f 2241/2241/2241 2239/2239/2239 2242/2242/2242
f 2241/2241/2241 2242/2242/2242 2243/2243/2243
f 2243/2243/2243 2242/2242/2242 2244/2244/2244
f 2243/2243/2243 2244/2244/2244 2245/2245/2245
f 2245/2245/2245 2244/2244/2244 2246/2246/2246
f 2245/2245/2245 2246/2246/2246 2247/2247/2247
f 2247/2247/2247 2246/2246/2246 2248/2248/2248
f 2247/2247/2247 2248/2248/2248 2249/2249/2249
f 2249/2249/2249 2248/2248/2248 2250/2250/2250
f 2249/2249/2249 2250/2250/2250 2251/2251/2251
f 2251/2251/2251 2250/2250/2250 2252/2252/2252
f 2254/2254/2254 2253/2253/2253 2255/2255/2255
f 2256/2256/2256 2255/2255/2255 2253/2253/2253
f 2257/2257/2257 2255/2255/2255 2256/2256/2256
f 2258/2258/2258 2257/2257/2257 2256/2256/2256
f 2260/2260/2260 2259/2259/2259 2261/2261/2261
f 2262/2262/2262 2261/2261/2261 2259/2259/2259
f 2263/2263/2263 2262/2262/2262 2259/2259/2259
f 2264/2264/2264 2262/2262/2262 2263/2263/2263
f 2266/2266/2266 2265/2265/2265 2267/2267/2267
f 2267/2267/2267 2265/2265/2265 2268/2268/2268
f 2267/2267/2267 2268/2268/2268 2269/2269/2269
f 2269/2269/2269 2268/2268/2268 2270/2270/2270
f 2269/2269/2269 2270/2270/2270 2271/2271/2271
f 2271/2271/2271 2270/2270/2270 2272/2272/2272
f 2271/2271/2271 2272/2272/2272 2273/2273/2273
f 2273/2273/2273 2272/2272/2272 2274/2274/2274
f 2273/2273/2273 2274/2274/2274 2275/2275/2275
f 2275/2275/2275 2274/2274/2274 2276/2276/2276
f 2275/2275/2275 2276/2276/2276 2277/2277/2277
f 2277/2277/2277 2276/2276/2276 2278/2278/2278
f 2280/2280/2280 2279/2279/2279 2281/2281/2281
f 2282/2282/2282 2281/2281/2281 2279/2279/2279
f 2283/2283/2283 2282/2282/2282 2279/2279/2279
f 2284/2284/2284 2282/2282/2282 2283/2283/2283
f 2286/2286/2286 2285/2285/2285 2287/2287/2287
f 2288/2288/2288 2287/2287/2287 2285/2285/2285
f 2289/2289/2289 2287/2287/2287 2288/2288/2288
f 2290/2290/2290 2289/2289/2289 2288/2288/2288
f 2292/2292/2292 2291/2291/2291 2293/2293/2293
f 2293/2293/2293 2291/2291/2291 2294/2294/2294
f 2296/2296/2296 2295/2295/2295 2297/2297/2297
f 2297/2297/2297 2295/2295/2295 2298/2298/2298
f 2300/2300/2300 2299/2299/2299 2301/2301/2301
f 2301/2301/2301 2299/2299/2299 2302/2302/2302
f 2304/2304/2304 2303/2303/2303 2305/2305/2305
f 2305/2305/2305 2303/2303/2303 2306/2306/2306
f 2308/2308/2308 2307/2307/2307 2309/2309/2309
f 2309/2309/2309 2307/2307/2307 2310/2310/2310
f 2312/2312/2312 2311/2311/2311 2313/2313/2313
f 2313/2313/2313 2311/2311/2311 2314/2314/2314
f 2316/2316/2316 2315/2315/2315 2317/2317/2317
f 2317/2317/2317 2315/2315/2315 2318/2318/2318
f 2320/2320/2320 2319/2319/2319 2321/2321/2321
f 2321/2321/2321 2319/2319/2319 2322/2322/2322
f 2324/2324/2324 2323/2323/2323 2325/2325/2325
f 2325/2325/2325 2323/2323/2323 2326/2326/2326
f 2328/2328/2328 2327/2327/2327 2329/2329/2329
f 2329/2329/2329 2327/2327/2327 2330/2330/2330
f 2332/2332/2332 2331/2331/2331 2333/2333/2333
f 2333/2333/2333 2331/2331/2331 2334/2334/2334
f 2336/2336/2336 2335/2335/2335 2337/2337/2337
f 2337/2337/2337 2335/2335/2335 2338/2338/2338
f 2340/2340/2340 2339/2339/2339 2341/2341/2341
f 2341/2341/2341 2339/2339/2339 2342/2342/2342
f 2344/2344/2344 2343/2343/2343 2345/2345/2345
f 2345/2345/2345 2343/2343/2343 2346/2346/2346
f 2348/2348/2348 2347/2347/2347 2349/2349/2349
f 2349/2349/2349 2347/2347/2347 2350/2350/2350
f 2352/2352/2352 2351/2351/2351 2353/2353/2353
f 2353/2353/2353 2351/2351/2351 2354/2354/2354
f 2356/2356/2356 2355/2355/2355 2357/2357/2357
f 2357/2357/2357 2355/2355/2355 2358/2358/2358
f 2360/2360/2360 2359/2359/2359 2361/2361/2361
f 2361/2361/2361 2359/2359/2359 2362/2362/2362
f 2364/2364/2364 2363/2363/2363 2365/2365/2365
f 2365/2365/2365 2363/2363/2363 2366/2366/2366
f 2368/2368/2368 2367/2367/2367 2369/2369/2369
f 2369/2369/2369 2367/2367/2367 2370/2370/2370
f 2372/2372/2372 2371/2371/2371 2373/2373/2373
f 2373/2373/2373 2371/2371/2371 2374/2374/2374
f 2376/2376/2376 2375/2375/2375 2377/2377/2377
f 2377/2377/2377 2375/2375/2375 2378/2378/2378
f 2380/2380/2380 2379/2379/2379 2381/2381/2381
f 2381/2381/2381 2379/2379/2379 2382/2382/2382
f 2384/2384/2384 2383/2383/2383 2385/2385/2385
f 2385/2385/2385 2383/2383/2383 2386/2386/2386
f 2388/2388/2388 2387/2387/2387 2389/2389/2389
f 2389/2389/2389 2387/2387/2387 2390/2390/2390
f 2392/2392/2392 2391/2391/2391 2393/2393/2393
f 2393/2393/2393 2391/2391/2391 2394/2394/2394
f 2396/2396/2396 2395/2395/2395 2397/2397/2397
f 2397/2397/2397 2395/2395/2395 2398/2398/2398
f 2400/2400/2400 2399/2399/2399 2401/2401/2401
f 2401/2401/2401 2399/2399/2399 2402/2402/2402
f 2404/2404/2404 2403/2403/2403 2405/2405/2405
f 2405/2405/2405 2403/2403/2403 2406/2406/2406
f 2408/2408/2408 2407/2407/2407 2409/2409/2409
f 2409/2409/2409 2407/2407/2407 2410/2410/2410
f 2412/2412/2412 2411/2411/2411 2413/2413/2413
f 2413/2413/2413 2411/2411/2411 2414/2414/2414
f 2416/2416/2416 2415/2415/2415 2417/2417/2417
f 2417/2417/2417 2415/2415/2415 2418/2418/2418
f 2420/2420/2420 2419/2419/2419 2421/2421/2421
f 2421/2421/2421 2419/2419/2419 2422/2422/2422
f 2424/2424/2424 2423/2423/2423 2425/2425/2425
f 2425/2425/2425 2423/2423/2423 2426/2426/2426
f 2428/2428/2428 2427/2427/2427 2429/2429/2429
f 2429/2429/2429 2427/2427/2427 2430/2430/2430
f 2432/2432/2432 2431/2431/2431 2433/2433/2433
f 2433/2433/2433 2431/2431/2431 2434/2434/2434
f 2436/2436/2436 2435/2435/2435 2437/2437/2437
f 2437/2437/2437 2435/2435/2435 2438/2438/2438
f 2440/2440/2440 2439/2439/2439 2441/2441/2441
f 2441/2441/2441 2439/2439/2439 2442/2442/2442
f 2444/2444/2444 2443/2443/2443 2445/2445/2445
f 2445/2445/2445 2443/2443/2443 2446/2446/2446
f 2448/2448/2448 2447/2447/2447 2449/2449/2449
f 2449/2449/2449 2447/2447/2447 2450/2450/2450
f 2452/2452/2452 2451/2451/2451 2453/2453/2453
f 2453/2453/2453 2451/2451/2451 2454/2454/2454
f 2456/2456/2456 2455/2455/2455 2457/2457/2457
f 2457/2457/2457 2455/2455/2455 2458/2458/2458
f 2460/2460/2460 2459/2459/2459 2461/2461/2461
f 2461/2461/2461 2459/2459/2459 2462/2462/2462
f 2464/2464/2464 2463/2463/2463 2465/2465/2465
f 2465/2465/2465 2463/2463/2463 2466/2466/2466
f 2468/2468/2468 2467/2467/2467 2469/2469/2469
f 2469/2469/2469 2467/2467/2467 2470/2470/2470
f 2472/2472/2472 2471/2471/2471 2473/2473/2473
f 2473/2473/2473 2471/2471/2471 2474/2474/2474
f 2476/2476/2476 2475/2475/2475 2477/2477/2477
f 2477/2477/2477 2475/2475/2475 2478/2478/2478
f 2480/2480/2480 2479/2479/2479 2481/2481/2481
f 2481/2481/2481 2479/2479/2479 2482/2482/2482
f 2484/2484/2484 2483/2483/2483 2485/2485/2485
f 2485/2485/2485 2483/2483/2483 2486/2486/2486
f 2488/2488/2488 2487/2487/2487 2489/2489/2489
f 2489/2489/2489 2487/2487/2487 2490/2490/2490
f 2492/2492/2492 2491/2491/2491 2493/2493/2493
f 2493/2493/2493 2491/2491/2491 2494/2494/2494
f 2496/2496/2496 2495/2495/2495 2497/2497/2497
f 2497/2497/2497 2495/2495/2495 2498/2498/2498
f 2500/2500/2500 2499/2499/2499 2501/2501/2501
f 2501/2501/2501 2499/2499/2499 2502/2502/2502
f 2504/2504/2504 2503/2503/2503 2505/2505/2505
f 2505/2505/2505 2503/2503/2503 2506/2506/2506
f 2508/2508/2508 2507/2507/2507 2509/2509/2509
f 2509/2509/2509 2507/2507/2507 2510/2510/2510
f 2512/2512/2512 2511/2511/2511 2513/2513/2513
f 2513/2513/2513 2511/2511/2511 2514/2514/2514
f 2516/2516/2516 2515/2515/2515 2517/2517/2517
f 2517/2517/2517 2515/2515/2515 2518/2518/2518
f 2520/2520/2520 2519/2519/2519 2521/2521/2521
f 2521/2521/2521 2519/2519/2519 2522/2522/2522
f 2524/2524/2524 2523/2523/2523 2525/2525/2525
f 2525/2525/2525 2523/2523/2523 2526/2526/2526
f 2528/2528/2528 2527/2527/2527 2529/2529/2529
f 2529/2529/2529 2527/2527/2527 2530/2530/2530
f 2532/2532/2532 2531/2531/2531 2533/2533/2533
f 2533/2533/2533 2531/2531/2531 2534/2534/2534
f 2536/2536/2536 2535/2535/2535 2537/2537/2537
f 2537/2537/2537 2535/2535/2535 2538/2538/2538
f 2540/2540/2540 2539/2539/2539 2541/2541/2541
f 2541/2541/2541 2539/2539/2539 2542/2542/2542
f 2544/2544/2544 2543/2543/2543 2545/2545/2545
f 2545/2545/2545 2543/2543/2543 2546/2546/2546
f 2548/2548/2548 2547/2547/2547 2549/2549/2549
f 2549/2549/2549 2547/2547/2547 2550/2550/2550
f 2552/2552/2552 2551/2551/2551 2553/2553/2553
f 2553/2553/2553 2551/2551/2551 2554/2554/2554
f 2556/2556/2556 2555/2555/2555 2557/2557/2557
f 2557/2557/2557 2555/2555/2555 2558/2558/2558
f 2560/2560/2560 2559/2559/2559 2561/2561/2561
f 2561/2561/2561 2559/2559/2559 2562/2562/2562
f 2564/2564/2564 2563/2563/2563 2565/2565/2565
f 2565/2565/2565 2563/2563/2563 2566/2566/2566
f 2568/2568/2568 2567/2567/2567 2569/2569/2569
f 2569/2569/2569 2567/2567/2567 2570/2570/2570
f 2572/2572/2572 2571/2571/2571 2573/2573/2573
f 2573/2573/2573 2571/2571/2571 2574/2574/2574
f 2576/2576/2576 2575/2575/2575 2577/2577/2577
f 2577/2577/2577 2575/2575/2575 2578/2578/2578
f 2580/2580/2580 2579/2579/2579 2581/2581/2581
f 2581/2581/2581 2579/2579/2579 2582/2582/2582
f 2584/2584/2584 2583/2583/2583 2585/2585/2585
f 2585/2585/2585 2583/2583/2583 2586/2586/2586
f 2588/2588/2588 2587/2587/2587 2589/2589/2589
f 2589/2589/2589 2587/2587/2587 2590/2590/2590
f 2592/2592/2592 2591/2591/2591 2593/2593/2593
f 2593/2593/2593 2591/2591/2591 2594/2594/2594
f 2596/2596/2596 2595/2595/2595 2597/2597/2597
f 2597/2597/2597 2595/2595/2595 2598/2598/2598
f 2600/2600/2600 2599/2599/2599 2601/2601/2601
f 2601/2601/2601 2599/2599/2599 2602/2602/2602
f 2604/2604/2604 2603/2603/2603 2605/2605/2605
f 2605/2605/2605 2603/2603/2603 2606/2606/2606
f 2608/2608/2608 2607/2607/2607 2609/2609/2609
f 2609/2609/2609 2607/2607/2607 2610/2610/2610
f 2612/2612/2612 2611/2611/2611 2613/2613/2613
f 2613/2613/2613 2611/2611/2611 2614/2614/2614
f 2616/2616/2616 2615/2615/2615 2617/2617/2617
f 2617/2617/2617 2615/2615/2615 2618/2618/2618
f 2620/2620/2620 2619/2619/2619 2621/2621/2621
f 2621/2621/2621 2619/2619/2619 2622/2622/2622
f 2624/2624/2624 2623/2623/2623 2625/2625/2625
f 2625/2625/2625 2623/2623/2623 2626/2626/2626
f 2628/2628/2628 2627/2627/2627 2629/2629/2629
f 2629/2629/2629 2627/2627/2627 2630/2630/2630
f 2632/2632/2632 2631/2631/2631 2633/2633/2633
f 2633/2633/2633 2631/2631/2631 2634/2634/2634
f 2636/2636/2636 2635/2635/2635 2637/2637/2637
f 2637/2637/2637 2635/2635/2635 2638/2638/2638
f 2640/2640/2640 2639/2639/2639 2641/2641/2641
f 2641/2641/2641 2639/2639/2639 2642/2642/2642
f 2644/2644/2644 2643/2643/2643 2645/2645/2645
f 2645/2645/2645 2643/2643/2643 2646/2646/2646
f 2648/2648/2648 2647/2647/2647 2649/2649/2649
f 2649/2649/2649 2647/2647/2647 2650/2650/2650
f 2652/2652/2652 2651/2651/2651 2653/2653/2653
f 2654/2654/2654 2652/2652/2652 2653/2653/2653
f 2656/2656/2656 2655/2655/2655 2657/2657/2657
f 2658/2658/2658 2656/2656/2656 2657/2657/2657
f 2660/2660/2660 2659/2659/2659 2661/2661/2661
f 2662/2662/2662 2660/2660/2660 2661/2661/2661
f 2664/2664/2664 2663/2663/2663 2665/2665/2665
f 2666/2666/2666 2664/2664/2664 2665/2665/2665
f 2668/2668/2668 2667/2667/2667 2669/2669/2669
f 2670/2670/2670 2668/2668/2668 2669/2669/2669
f 2672/2672/2672 2671/2671/2671 2673/2673/2673
f 2674/2674/2674 2672/2672/2672 2673/2673/2673
f 2675/2675/2675 2672/2672/2672 2674/2674/2674
f 2676/2676/2676 2675/2675/2675 2674/2674/2674
f 2673/2673/2673 2676/2676/2676 2674/2674/2674
f 2677/2677/2677 2675/2675/2675 2676/2676/2676
f 2678/2678/2678 2677/2677/2677 2676/2676/2676
f 2673/2673/2673 2678/2678/2678 2676/2676/2676
f 2678/2678/2678 2679/2679/2679 2677/2677/2677
f 2678/2678/2678 2673/2673/2673 2679/2679/2679
f 2679/2679/2679 2680/2680/2680 2677/2677/2677
f 2681/2681/2681 2680/2680/2680 2679/2679/2679
f 2673/2673/2673 2682/2682/2682 2679/2679/2679
f 2682/2682/2682 2681/2681/2681 2679/2679/2679
f 2673/2673/2673 2683/2683/2683 2682/2682/2682
f 2684/2684/2684 2681/2681/2681 2682/2682/2682
f 2686/2686/2686 2685/2685/2685 2687/2687/2687
f 2688/2688/2688 2686/2686/2686 2687/2687/2687
f 2690/2690/2690 2689/2689/2689 2691/2691/2691
f 2692/2692/2692 2690/2690/2690 2691/2691/2691
f 2694/2694/2694 2693/2693/2693 2695/2695/2695
f 2696/2696/2696 2694/2694/2694 2695/2695/2695
f 2698/2698/2698 2697/2697/2697 2699/2699/2699
f 2700/2700/2700 2698/2698/2698 2699/2699/2699
f 2702/2702/2702 2701/2701/2701 2703/2703/2703
f 2702/2702/2702 2703/2703/2703 2704/2704/2704
f 2705/2705/2705 2702/2702/2702 2704/2704/2704
f 2705/2705/2705 2704/2704/2704 2706/2706/2706
f 2708/2708/2708 2707/2707/2707 2709/2709/2709
f 2710/2710/2710 2708/2708/2708 2709/2709/2709
f 2712/2712/2712 2711/2711/2711 2713/2713/2713
f 2714/2714/2714 2712/2712/2712 2713/2713/2713
f 2716/2716/2716 2715/2715/2715 2717/2717/2717
f 2718/2718/2718 2716/2716/2716 2717/2717/2717
f 2720/2720/2720 2719/2719/2719 2721/2721/2721
f 2722/2722/2722 2720/2720/2720 2721/2721/2721
f 2724/2724/2724 2723/2723/2723 2725/2725/2725
f 2726/2726/2726 2724/2724/2724 2725/2725/2725
f 2728/2728/2728 2727/2727/2727 2729/2729/2729
f 2728/2728/2728 2729/2729/2729 2730/2730/2730
f 2731/2731/2731 2728/2728/2728 2730/2730/2730
f 2731/2731/2731 2730/2730/2730 2732/2732/2732
f 2734/2734/2734 2733/2733/2733 2735/2735/2735
f 2736/2736/2736 2734/2734/2734 2735/2735/2735
f 2737/2737/2737 2734/2734/2734 2736/2736/2736
f 2738/2738/2738 2737/2737/2737 2736/2736/2736
f 2735/2735/2735 2738/2738/2738 2736/2736/2736
f 2739/2739/2739 2737/2737/2737 2738/2738/2738
f 2740/2740/2740 2739/2739/2739 2738/2738/2738
f 2735/2735/2735 2740/2740/2740 2738/2738/2738
f 2740/2740/2740 2741/2741/2741 2739/2739/2739
f 2740/2740/2740 2735/2735/2735 2741/2741/2741
f 2741/2741/2741 2742/2742/2742 2739/2739/2739
f 2743/2743/2743 2742/2742/2742 2741/2741/2741
f 2735/2735/2735 2744/2744/2744 2741/2741/2741
f 2744/2744/2744 2743/2743/2743 2741/2741/2741
f 2735/2735/2735 2745/2745/2745 2744/2744/2744
f 2746/2746/2746 2743/2743/2743 2744/2744/2744
f 2748/2748/2748 2747/2747/2747 2749/2749/2749
f 2750/2750/2750 2748/2748/2748 2749/2749/2749
f 2752/2752/2752 2751/2751/2751 2753/2753/2753
f 2754/2754/2754 2752/2752/2752 2753/2753/2753
f 2756/2756/2756 2755/2755/2755 2757/2757/2757
f 2758/2758/2758 2756/2756/2756 2757/2757/2757
f 2760/2760/2760 2759/2759/2759 2761/2761/2761
f 2762/2762/2762 2760/2760/2760 2761/2761/2761
f 2764/2764/2764 2763/2763/2763 2765/2765/2765
f 2764/2764/2764 2765/2765/2765 2766/2766/2766
f 2767/2767/2767 2764/2764/2764 2766/2766/2766
f 2767/2767/2767 2766/2766/2766 2768/2768/2768
f 2770/2770/2770 2769/2769/2769 2771/2771/2771
f 2772/2772/2772 2770/2770/2770 2771/2771/2771
f 2774/2774/2774 2773/2773/2773 2775/2775/2775
f 2776/2776/2776 2774/2774/2774 2775/2775/2775
f 2778/2778/2778 2777/2777/2777 2779/2779/2779
f 2780/2780/2780 2778/2778/2778 2779/2779/2779
f 2782/2782/2782 2781/2781/2781 2783/2783/2783
f 2784/2784/2784 2782/2782/2782 2783/2783/2783
f 2786/2786/2786 2785/2785/2785 2787/2787/2787
f 2788/2788/2788 2786/2786/2786 2787/2787/2787
f 2790/2790/2790 2789/2789/2789 2791/2791/2791
f 2790/2790/2790 2791/2791/2791 2792/2792/2792
f 2793/2793/2793 2790/2790/2790 2792/2792/2792
f 2793/2793/2793 2792/2792/2792 2794/2794/2794
f 2796/2796/2796 2795/2795/2795 2797/2797/2797
f 2798/2798/2798 2796/2796/2796 2797/2797/2797
f 2800/2800/2800 2799/2799/2799 2801/2801/2801
f 2802/2802/2802 2800/2800/2800 2801/2801/2801
f 2804/2804/2804 2803/2803/2803 2805/2805/2805
f 2806/2806/2806 2804/2804/2804 2805/2805/2805
f 2808/2808/2808 2807/2807/2807 2809/2809/2809
f 2810/2810/2810 2808/2808/2808 2809/2809/2809
f 2812/2812/2812 2811/2811/2811 2813/2813/2813
f 2814/2814/2814 2812/2812/2812 2813/2813/2813
f 2816/2816/2816 2815/2815/2815 2817/2817/2817
f 2818/2818/2818 2816/2816/2816 2817/2817/2817
f 2816/2816/2816 2818/2818/2818 2819/2819/2819
f 2816/2816/2816 2819/2819/2819 2820/2820/2820
f 2822/2822/2822 2821/2821/2821 2823/2823/2823
f 2825/2825/2825 2824/2824/2824 2821/2821/2821
f 2826/2826/2826 2825/2825/2825 2821/2821/2821
f 2827/2827/2827 2826/2826/2826 2823/2823/2823
f 2825/2825/2825 2828/2828/2828 2827/2827/2827
f 2829/2829/2829 2824/2824/2824 2825/2825/2825
f 2827/2827/2827 2823/2823/2823 2830/2830/2830
f 2825/2825/2825 2827/2827/2827 2830/2830/2830
f 2823/2823/2823 2831/2831/2831 2830/2830/2830
f 2830/2830/2830 2831/2831/2831 2832/2832/2832
f 2833/2833/2833 2832/2832/2832 2829/2829/2829
f 2833/2833/2833 2830/2830/2830 2832/2832/2832
f 2834/2834/2834 2829/2829/2829 2825/2825/2825
f 2834/2834/2834 2825/2825/2825 2830/2830/2830
f 2834/2834/2834 2833/2833/2833 2829/2829/2829
f 2834/2834/2834 2830/2830/2830 2833/2833/2833
f 2836/2836/2836 2835/2835/2835 2837/2837/2837
f 2838/2838/2838 2836/2836/2836 2837/2837/2837
f 2840/2840/2840 2839/2839/2839 2841/2841/2841
f 2842/2842/2842 2840/2840/2840 2841/2841/2841
f 2844/2844/2844 2843/2843/2843 2845/2845/2845
f 2846/2846/2846 2844/2844/2844 2845/2845/2845
f 2848/2848/2848 2847/2847/2847 2849/2849/2849
f 2850/2850/2850 2848/2848/2848 2849/2849/2849
f 2852/2852/2852 2851/2851/2851 2853/2853/2853
f 2854/2854/2854 2852/2852/2852 2853/2853/2853
f 2856/2856/2856 2855/2855/2855 2857/2857/2857
f 2858/2858/2858 2856/2856/2856 2857/2857/2857
f 2856/2856/2856 2858/2858/2858 2859/2859/2859
f 2856/2856/2856 2859/2859/2859 2860/2860/2860
f 2862/2862/2862 2861/2861/2861 2863/2863/2863
f 2864/2864/2864 2862/2862/2862 2863/2863/2863
f 2866/2866/2866 2865/2865/2865 2867/2867/2867
f 2868/2868/2868 2866/2866/2866 2867/2867/2867
f 2870/2870/2870 2869/2869/2869 2871/2871/2871
f 2872/2872/2872 2870/2870/2870 2871/2871/2871
f 2874/2874/2874 2873/2873/2873 2875/2875/2875
f 2876/2876/2876 2874/2874/2874 2875/2875/2875
f 2878/2878/2878 2877/2877/2877 2879/2879/2879
f 2880/2880/2880 2878/2878/2878 2879/2879/2879
f 2882/2882/2882 2881/2881/2881 2883/2883/2883
f 2882/2882/2882 2883/2883/2883 2884/2884/2884
f 2885/2885/2885 2882/2882/2882 2884/2884/2884
f 2885/2885/2885 2884/2884/2884 2886/2886/2886
mtllib ./2000013.mtl
g Cube (60)
v -34.8153 27.47357 -72.18493
v -35.47942 27.47357 -75.90388
v -34.8153 32.47356 -72.18493
v -35.47942 32.47356 -75.90388
v -48.08055 32.47356 -69.81608
v -48.74467 32.47356 -73.53501
v -48.08055 27.47357 -69.81608
v -48.74467 27.47357 -73.53501
v -34.8153 32.47356 -72.18493
v -35.47942 32.47356 -75.90388
v -48.08055 32.47356 -69.81608
v -48.74467 32.47356 -73.53501
v -48.08055 27.47357 -69.81608
v -34.8153 27.47357 -72.18493
v -35.47942 27.47357 -75.90388
v -48.74467 27.47357 -73.53501
v -35.47942 27.47357 -75.90388
v -35.47942 32.47356 -75.90388
v -48.74467 32.47356 -73.53501
v -48.74467 27.47357 -73.53501
v -48.08055 27.47357 -69.81608
v -48.08055 32.47356 -69.81608
v -34.8153 32.47356 -72.18493
v -34.8153 27.47357 -72.18493

vn 0.9844268 0 -0.1757959
vn 0.9844268 0 -0.1757959
vn 0.9844268 0 -0.1757959
vn 0.9844268 0 -0.1757959
vn 0 1 0
vn 0 1 0
vn -0.9844268 0 0.1757959
vn -0.9844268 0 0.1757959
vn 0 1 0
vn 0 1 0
vn -0.9844268 0 0.1757959
vn -0.9844268 0 0.1757959
vn 0 -1 0
vn 0 -1 0
vn 0 -1 0
vn 0 -1 0
vn -0.1757959 0 -0.9844268
vn -0.1757959 0 -0.9844268
vn -0.1757959 0 -0.9844268
vn -0.1757959 0 -0.9844268
vn 0.1757959 0 0.9844268
vn 0.1757959 0 0.9844268
vn 0.1757959 0 0.9844268
vn 0.1757959 0 0.9844268

vt 0 0
vt 1 0
vt 0 1
vt 1 1
vt 0 1
vt 1 1
vt 0 1
vt 1 1
vt 0 0
vt 1 0
vt 0 0
vt 1 0
vt 0 0
vt 0 1
vt 1 1
vt 1 0
vt 0 0
vt 0 1
vt 1 1
vt 1 0
vt 0 0
vt 0 1
vt 1 1
vt 1 0

usemtl Default-Material
usemap Default-Material
f 2889/2889/2889 2887/2887/2887 2890/2890/2890
f 2890/2890/2890 2887/2887/2887 2888/2888/2888
f 2891/2891/2891 2895/2895/2895 2892/2892/2892
f 2892/2892/2892 2895/2895/2895 2896/2896/2896
f 2893/2893/2893 2897/2897/2897 2894/2894/2894
f 2894/2894/2894 2897/2897/2897 2898/2898/2898
f 2900/2900/2900 2899/2899/2899 2901/2901/2901
f 2901/2901/2901 2899/2899/2899 2902/2902/2902
f 2904/2904/2904 2903/2903/2903 2905/2905/2905
f 2905/2905/2905 2903/2903/2903 2906/2906/2906
f 2908/2908/2908 2907/2907/2907 2909/2909/2909
f 2909/2909/2909 2907/2907/2907 2910/2910/2910
mtllib ./2000013.mtl
g Plane
v -272.8088 28.04357 -176.4714
v -272.8088 28.04357 -127.6171
v -272.8088 28.04357 -78.76286
v -272.8088 28.04357 -29.90856
v -272.8088 28.04357 18.94571
v -272.8088 28.04357 67.79999
v -272.8088 28.04357 116.6543
v -272.8088 28.04357 165.5085
v -272.8088 28.04357 214.3628
v -272.8088 28.04357 263.2171
v -272.8089 28.04357 312.0714
v -246.727 28.04357 -176.4714
v -246.727 28.04357 -127.6171
v -246.7271 28.04357 -78.76286
v -246.7271 28.04357 -29.90855
v -246.7271 28.04357 18.94572
v -246.7271 28.04357 67.8
v -246.7271 28.04357 116.6543
v -246.7271 28.04357 165.5085
v -246.7271 28.04357 214.3628
v -246.7271 28.04357 263.2171
v -246.7271 28.04357 312.0714
v -220.6453 28.04357 -176.4714
v -220.6453 28.04357 -127.6171
v -220.6453 28.04357 -78.76286
v -220.6453 28.04357 -29.90855
v -220.6453 28.04357 18.94572
v -220.6453 28.04357 67.8
v -220.6453 28.04357 116.6543
v -220.6453 28.04357 165.5085
v -220.6453 28.04357 214.3628
v -220.6453 28.04357 263.2171
v -220.6453 28.04357 312.0714
v -194.5635 28.04357 -176.4714
v -194.5635 28.04357 -127.6171
v -194.5635 28.04357 -78.76286
v -194.5635 28.04357 -29.90855
v -194.5635 28.04357 18.94572
v -194.5635 28.04357 67.8
v -194.5635 28.04357 116.6543
v -194.5635 28.04357 165.5085
v -194.5635 28.04357 214.3628
v -194.5635 28.04357 263.2171
v -194.5636 28.04357 312.0714
v -168.4817 28.04357 -176.4714
v -168.4817 28.04357 -127.6171
v -168.4818 28.04357 -78.76284
v -168.4818 28.04357 -29.90855
v -168.4818 28.04357 18.94572
v -168.4818 28.04357 67.8
v -168.4818 28.04357 116.6543
v -168.4818 28.04357 165.5085
v -168.4818 28.04357 214.3628
v -168.4818 28.04357 263.2171
v -168.4818 28.04357 312.0714
v -142.4 28.04357 -176.4714
v -142.4 28.04357 -127.6171
v -142.4 28.04357 -78.76284
v -142.4 28.04357 -29.90855
v -142.4 28.04357 18.94572
v -142.4 28.04357 67.8
v -142.4 28.04357 116.6543
v -142.4 28.04357 165.5085
v -142.4 28.04357 214.3628
v -142.4 28.04357 263.2171
v -142.4 28.04357 312.0714
v -116.3182 28.04357 -176.4714
v -116.3182 28.04357 -127.6171
v -116.3182 28.04357 -78.76283
v -116.3182 28.04357 -29.90855
v -116.3182 28.04357 18.94572
v -116.3182 28.04357 67.8
v -116.3182 28.04357 116.6543
v -116.3182 28.04357 165.5086
v -116.3182 28.04357 214.3628
v -116.3182 28.04357 263.2172
v -116.3183 28.04357 312.0714
v -90.23643 28.04357 -176.4714
v -90.23643 28.04357 -127.6171
v -90.23645 28.04357 -78.76283
v -90.23645 28.04357 -29.90855
v -90.23645 28.04357 18.94573
v -90.23646 28.04357 67.80001
v -90.23647 28.04357 116.6543
v -90.23647 28.04357 165.5086
v -90.23648 28.04357 214.3629
v -90.23648 28.04357 263.2172
v -90.2365 28.04357 312.0714
v -64.15466 28.04357 -176.4713
v -64.15466 28.04357 -127.6171
v -64.15468 28.04357 -78.76284
v -64.15468 28.04357 -29.90853
v -64.15469 28.04357 18.94573
v -64.15469 28.04357 67.80001
v -64.15469 28.04357 116.6543
v -64.1547 28.04357 165.5086
v -64.15471 28.04357 214.3629
v -64.15471 28.04357 263.2172
v -64.15472 28.04357 312.0714
v -38.07288 28.04357 -176.4713
v -38.07288 28.04357 -127.6171
v -38.07289 28.04357 -78.76283
v -38.07289 28.04357 -29.90852
v -38.0729 28.04357 18.94574
v -38.07291 28.04357 67.80002
v -38.07291 28.04357 116.6543
v -38.07291 28.04357 165.5086
v -38.07292 28.04357 214.3629
v -38.07292 28.04357 263.2172
v -38.07294 28.04357 312.0714
v -11.99113 28.04357 -176.4713
v -11.99113 28.04357 -127.6171
v -11.99115 28.04357 -78.76281
v -11.99115 28.04357 -29.90853
v -11.99115 28.04357 18.94575
v -11.99117 28.04357 67.80003
v -11.99117 28.04357 116.6543
v -11.99118 28.04357 165.5086
v -11.99118 28.04357 214.3629
v -11.99118 28.04357 263.2172
v -11.9912 28.04357 312.0714

vn 0 1 0
vn 0 1 0
vn 0 1 0
vn 0 1 0
vn 0 1 0
vn 0 1 0
vn 0 1 0
vn 0 1 0
vn 0 1 0
vn 0 1 0
vn 0 1 0
vn 0 1 0
vn 0 1 0
vn 0 1 0
vn 0 1 0
vn 0 1 0
vn 0 1 0
vn 0 1 0
vn 0 1 0
vn 0 1 0
vn 0 1 0
vn 0 1 0
vn 0 1 0
vn 0 1 0
vn 0 1 0
vn 0 1 0
vn 0 1 0
vn 0 1 0
vn 0 1 0
vn 0 1 0
vn 0 1 0
vn 0 1 0
vn 0 1 0
vn 0 1 0
vn 0 1 0
vn 0 1 0
vn 0 1 0
vn 0 1 0
vn 0 1 0
vn 0 1 0
vn 0 1 0
vn 0 1 0
vn 0 1 0
vn 0 1 0
vn 0 1 0
vn 0 1 0
vn 0 1 0
vn 0 1 0
vn 0 1 0
vn 0 1 0
vn 0 1 0
vn 0 1 0
vn 0 1 0
vn 0 1 0
vn 0 1 0
vn 0 1 0
vn 0 1 0
vn 0 1 0
vn 0 1 0
vn 0 1 0
vn 0 1 0
vn 0 1 0
vn 0 1 0
vn 0 1 0
vn 0 1 0
vn 0 1 0
vn 0 1 0
vn 0 1 0
vn 0 1 0
vn 0 1 0
vn 0 1 0
vn 0 1 0
vn 0 1 0
vn 0 1 0
vn 0 1 0
vn 0 1 0
vn 0 1 0
vn 0 1 0
vn 0 1 0
vn 0 1 0
vn 0 1 0
vn 0 1 0
vn 0 1 0
vn 0 1 0
vn 0 1 0
vn 0 1 0
vn 0 1 0
vn 0 1 0
vn 0 1 0
vn 0 1 0
vn 0 1 0
vn 0 1 0
vn 0 1 0
vn 0 1 0
vn 0 1 0
vn 0 1 0
vn 0 1 0
vn 0 1 0
vn 0 1 0
vn 0 1 0
vn 0 1 0
vn 0 1 0
vn 0 1 0
vn 0 1 0
vn 0 1 0
vn 0 1 0
vn 0 1 0
vn 0 1 0
vn 0 1 0
vn 0 1 0
vn 0 1 0
vn 0 1 0
vn 0 1 0
vn 0 1 0
vn 0 1 0
vn 0 1 0
vn 0 1 0
vn 0 1 0
vn 0 1 0
vn 0 1 0
vn 0 1 0

vt 0 0
vt 0.1 0
vt 0.2 0
vt 0.3 0
vt 0.4 0
vt 0.5 0
vt 0.6 0
vt 0.7 0
vt 0.8 0
vt 0.9 0
vt 1 0
vt 0 0.1
vt 0.1 0.1
vt 0.2 0.1
vt 0.3 0.1
vt 0.4 0.1
vt 0.5 0.1
vt 0.6 0.1
vt 0.7 0.1
vt 0.8 0.1
vt 0.9 0.1
vt 1 0.1
vt 0 0.2
vt 0.1 0.2
vt 0.2 0.2
vt 0.3 0.2
vt 0.4 0.2
vt 0.5 0.2
vt 0.6 0.2
vt 0.7 0.2
vt 0.8 0.2
vt 0.9 0.2
vt 1 0.2
vt 0 0.3
vt 0.1 0.3
vt 0.2 0.3
vt 0.3 0.3
vt 0.4 0.3
vt 0.5 0.3
vt 0.6 0.3
vt 0.7 0.3
vt 0.8 0.3
vt 0.9 0.3
vt 1 0.3
vt 0 0.4
vt 0.1 0.4
vt 0.2 0.4
vt 0.3 0.4
vt 0.4 0.4
vt 0.5 0.4
vt 0.6 0.4
vt 0.7 0.4
vt 0.8 0.4
vt 0.9 0.4
vt 1 0.4
vt 0 0.5
vt 0.1 0.5
vt 0.2 0.5
vt 0.3 0.5
vt 0.4 0.5
vt 0.5 0.5
vt 0.6 0.5
vt 0.7 0.5
vt 0.8 0.5
vt 0.9 0.5
vt 1 0.5
vt 0 0.6
vt 0.1 0.6
vt 0.2 0.6
vt 0.3 0.6
vt 0.4 0.6
vt 0.5 0.6
vt 0.6 0.6
vt 0.7 0.6
vt 0.8 0.6
vt 0.9 0.6
vt 1 0.6
vt 0 0.7
vt 0.1 0.7
vt 0.2 0.7
vt 0.3 0.7
vt 0.4 0.7
vt 0.5 0.7
vt 0.6 0.7
vt 0.7 0.7
vt 0.8 0.7
vt 0.9 0.7
vt 1 0.7
vt 0 0.8
vt 0.1 0.8
vt 0.2 0.8
vt 0.3 0.8
vt 0.4 0.8
vt 0.5 0.8
vt 0.6 0.8
vt 0.7 0.8
vt 0.8 0.8
vt 0.9 0.8
vt 1 0.8
vt 0 0.9
vt 0.1 0.9
vt 0.2 0.9
vt 0.3 0.9
vt 0.4 0.9
vt 0.5 0.9
vt 0.6 0.9
vt 0.7 0.9
vt 0.8 0.9
vt 0.9 0.9
vt 1 0.9
vt 0 1
vt 0.1 1
vt 0.2 1
vt 0.3 1
vt 0.4 1
vt 0.5 1
vt 0.6 1
vt 0.7 1
vt 0.8 1
vt 0.9 1
vt 1 1

usemtl Default-Material
usemap Default-Material
f 2932/2932/2932 2920/2920/2920 2921/2921/2921
f 2931/2931/2931 2920/2920/2920 2932/2932/2932
f 2931/2931/2931 2919/2919/2919 2920/2920/2920
f 2943/2943/2943 2931/2931/2931 2932/2932/2932
f 2930/2930/2930 2919/2919/2919 2931/2931/2931
f 2930/2930/2930 2918/2918/2918 2919/2919/2919
f 2942/2942/2942 2931/2931/2931 2943/2943/2943
f 2942/2942/2942 2930/2930/2930 2931/2931/2931
f 2954/2954/2954 2942/2942/2942 2943/2943/2943
f 2929/2929/2929 2918/2918/2918 2930/2930/2930
f 2929/2929/2929 2917/2917/2917 2918/2918/2918
f 2941/2941/2941 2930/2930/2930 2942/2942/2942
f 2941/2941/2941 2929/2929/2929 2930/2930/2930
f 2953/2953/2953 2942/2942/2942 2954/2954/2954
f 2953/2953/2953 2941/2941/2941 2942/2942/2942
f 2965/2965/2965 2953/2953/2953 2954/2954/2954
f 2928/2928/2928 2917/2917/2917 2929/2929/2929
f 2928/2928/2928 2916/2916/2916 2917/2917/2917
f 2940/2940/2940 2929/2929/2929 2941/2941/2941
f 2940/2940/2940 2928/2928/2928 2929/2929/2929
f 2952/2952/2952 2941/2941/2941 2953/2953/2953
f 2952/2952/2952 2940/2940/2940 2941/2941/2941
f 2964/2964/2964 2953/2953/2953 2965/2965/2965
f 2964/2964/2964 2952/2952/2952 2953/2953/2953
f 2976/2976/2976 2964/2964/2964 2965/2965/2965
f 2927/2927/2927 2916/2916/2916 2928/2928/2928
f 2927/2927/2927 2915/2915/2915 2916/2916/2916
f 2939/2939/2939 2928/2928/2928 2940/2940/2940
f 2939/2939/2939 2927/2927/2927 2928/2928/2928
f 2951/2951/2951 2940/2940/2940 2952/2952/2952
f 2951/2951/2951 2939/2939/2939 2940/2940/2940
f 2963/2963/2963 2952/2952/2952 2964/2964/2964
f 2963/2963/2963 2951/2951/2951 2952/2952/2952
f 2975/2975/2975 2964/2964/2964 2976/2976/2976
f 2975/2975/2975 2963/2963/2963 2964/2964/2964
f 2987/2987/2987 2975/2975/2975 2976/2976/2976
f 2926/2926/2926 2915/2915/2915 2927/2927/2927
f 2926/2926/2926 2914/2914/2914 2915/2915/2915
f 2938/2938/2938 2927/2927/2927 2939/2939/2939
f 2938/2938/2938 2926/2926/2926 2927/2927/2927
f 2950/2950/2950 2939/2939/2939 2951/2951/2951
f 2950/2950/2950 2938/2938/2938 2939/2939/2939
f 2962/2962/2962 2951/2951/2951 2963/2963/2963
f 2962/2962/2962 2950/2950/2950 2951/2951/2951
f 2974/2974/2974 2963/2963/2963 2975/2975/2975
f 2974/2974/2974 2962/2962/2962 2963/2963/2963
f 2986/2986/2986 2975/2975/2975 2987/2987/2987
f 2986/2986/2986 2974/2974/2974 2975/2975/2975
f 2998/2998/2998 2986/2986/2986 2987/2987/2987
f 2925/2925/2925 2914/2914/2914 2926/2926/2926
f 2925/2925/2925 2913/2913/2913 2914/2914/2914
f 2937/2937/2937 2926/2926/2926 2938/2938/2938
f 2937/2937/2937 2925/2925/2925 2926/2926/2926
f 2949/2949/2949 2938/2938/2938 2950/2950/2950
f 2949/2949/2949 2937/2937/2937 2938/2938/2938
f 2961/2961/2961 2950/2950/2950 2962/2962/2962
f 2961/2961/2961 2949/2949/2949 2950/2950/2950
f 2973/2973/2973 2962/2962/2962 2974/2974/2974
f 2973/2973/2973 2961/2961/2961 2962/2962/2962
f 2985/2985/2985 2974/2974/2974 2986/2986/2986
f 2985/2985/2985 2973/2973/2973 2974/2974/2974
f 2997/2997/2997 2986/2986/2986 2998/2998/2998
f 2997/2997/2997 2985/2985/2985 2986/2986/2986
f 3009/3009/3009 2997/2997/2997 2998/2998/2998
f 3008/3008/3008 2997/2997/2997 3009/3009/3009
f 3020/3020/3020 3008/3008/3008 3009/3009/3009
f 2996/2996/2996 2985/2985/2985 2997/2997/2997
f 3008/3008/3008 2996/2996/2996 2997/2997/2997
f 2984/2984/2984 2973/2973/2973 2985/2985/2985
f 2996/2996/2996 2984/2984/2984 2985/2985/2985
f 2972/2972/2972 2961/2961/2961 2973/2973/2973
f 2984/2984/2984 2972/2972/2972 2973/2973/2973
f 2960/2960/2960 2949/2949/2949 2961/2961/2961
f 2972/2972/2972 2960/2960/2960 2961/2961/2961
f 3019/3019/3019 3008/3008/3008 3020/3020/3020
f 3031/3031/3031 3019/3019/3019 3020/3020/3020
f 3030/3030/3030 3019/3019/3019 3031/3031/3031
f 3007/3007/3007 2996/2996/2996 3008/3008/3008
f 3019/3019/3019 3007/3007/3007 3008/3008/3008
f 3030/3030/3030 3018/3018/3018 3019/3019/3019
f 3018/3018/3018 3007/3007/3007 3019/3019/3019
f 3029/3029/3029 3018/3018/3018 3030/3030/3030
f 2995/2995/2995 2984/2984/2984 2996/2996/2996
f 3007/3007/3007 2995/2995/2995 2996/2996/2996
f 2983/2983/2983 2972/2972/2972 2984/2984/2984
f 2995/2995/2995 2983/2983/2983 2984/2984/2984
f 3018/3018/3018 3006/3006/3006 3007/3007/3007
f 3006/3006/3006 2995/2995/2995 3007/3007/3007
f 3029/3029/3029 3017/3017/3017 3018/3018/3018
f 3017/3017/3017 3006/3006/3006 3018/3018/3018
f 3028/3028/3028 3017/3017/3017 3029/3029/3029
f 3006/3006/3006 2994/2994/2994 2995/2995/2995
f 2994/2994/2994 2983/2983/2983 2995/2995/2995
f 2983/2983/2983 2971/2971/2971 2972/2972/2972
f 2971/2971/2971 2960/2960/2960 2972/2972/2972
f 3017/3017/3017 3005/3005/3005 3006/3006/3006
f 3005/3005/3005 2994/2994/2994 3006/3006/3006
f 3028/3028/3028 3016/3016/3016 3017/3017/3017
f 3016/3016/3016 3005/3005/3005 3017/3017/3017
f 3027/3027/3027 3016/3016/3016 3028/3028/3028
f 2994/2994/2994 2982/2982/2982 2983/2983/2983
f 2982/2982/2982 2971/2971/2971 2983/2983/2983
f 3005/3005/3005 2993/2993/2993 2994/2994/2994
f 2993/2993/2993 2982/2982/2982 2994/2994/2994
f 3016/3016/3016 3004/3004/3004 3005/3005/3005
f 3004/3004/3004 2993/2993/2993 3005/3005/3005
f 3027/3027/3027 3015/3015/3015 3016/3016/3016
f 3015/3015/3015 3004/3004/3004 3016/3016/3016
f 3026/3026/3026 3015/3015/3015 3027/3027/3027
f 3026/3026/3026 3014/3014/3014 3015/3015/3015
f 3025/3025/3025 3014/3014/3014 3026/3026/3026
f 3015/3015/3015 3003/3003/3003 3004/3004/3004
f 3014/3014/3014 3003/3003/3003 3015/3015/3015
f 3004/3004/3004 2992/2992/2992 2993/2993/2993
f 3003/3003/3003 2992/2992/2992 3004/3004/3004
f 2993/2993/2993 2981/2981/2981 2982/2982/2982
f 2992/2992/2992 2981/2981/2981 2993/2993/2993
f 2982/2982/2982 2970/2970/2970 2971/2971/2971
f 2981/2981/2981 2970/2970/2970 2982/2982/2982
f 3025/3025/3025 3013/3013/3013 3014/3014/3014
f 3024/3024/3024 3013/3013/3013 3025/3025/3025
f 3014/3014/3014 3002/3002/3002 3003/3003/3003
f 3013/3013/3013 3002/3002/3002 3014/3014/3014
f 3003/3003/3003 2991/2991/2991 2992/2992/2992
f 3002/3002/3002 2991/2991/2991 3003/3003/3003
f 2992/2992/2992 2980/2980/2980 2981/2981/2981
f 2991/2991/2991 2980/2980/2980 2992/2992/2992
f 3024/3024/3024 3012/3012/3012 3013/3013/3013
f 3023/3023/3023 3012/3012/3012 3024/3024/3024
f 3013/3013/3013 3001/3001/3001 3002/3002/3002
f 3012/3012/3012 3001/3001/3001 3013/3013/3013
f 3002/3002/3002 2990/2990/2990 2991/2991/2991
f 3001/3001/3001 2990/2990/2990 3002/3002/3002
f 3023/3023/3023 3011/3011/3011 3012/3012/3012
f 3022/3022/3022 3011/3011/3011 3023/3023/3023
f 3012/3012/3012 3000/3000/3000 3001/3001/3001
f 3011/3011/3011 3000/3000/3000 3012/3012/3012
f 3022/3022/3022 3010/3010/3010 3011/3011/3011
f 3021/3021/3021 3010/3010/3010 3022/3022/3022
f 3010/3010/3010 2999/2999/2999 3011/3011/3011
f 3011/3011/3011 2999/2999/2999 3000/3000/3000
f 2999/2999/2999 2988/2988/2988 3000/3000/3000
f 3000/3000/3000 2989/2989/2989 3001/3001/3001
f 3000/3000/3000 2988/2988/2988 2989/2989/2989
f 3001/3001/3001 2989/2989/2989 2990/2990/2990
f 2988/2988/2988 2977/2977/2977 2989/2989/2989
f 2989/2989/2989 2977/2977/2977 2978/2978/2978
f 2989/2989/2989 2978/2978/2978 2990/2990/2990
f 2977/2977/2977 2966/2966/2966 2978/2978/2978
f 2990/2990/2990 2978/2978/2978 2979/2979/2979
f 2990/2990/2990 2979/2979/2979 2991/2991/2991
f 2991/2991/2991 2979/2979/2979 2980/2980/2980
f 2978/2978/2978 2966/2966/2966 2967/2967/2967
f 2978/2978/2978 2967/2967/2967 2979/2979/2979
f 2966/2966/2966 2955/2955/2955 2967/2967/2967
f 2979/2979/2979 2968/2968/2968 2980/2980/2980
f 2979/2979/2979 2967/2967/2967 2968/2968/2968
f 2967/2967/2967 2955/2955/2955 2956/2956/2956
f 2967/2967/2967 2956/2956/2956 2968/2968/2968
f 2955/2955/2955 2944/2944/2944 2956/2956/2956
f 2980/2980/2980 2968/2968/2968 2969/2969/2969
f 2980/2980/2980 2969/2969/2969 2981/2981/2981
f 2981/2981/2981 2969/2969/2969 2970/2970/2970
f 2956/2956/2956 2944/2944/2944 2945/2945/2945
f 2944/2944/2944 2933/2933/2933 2945/2945/2945
f 2968/2968/2968 2956/2956/2956 2957/2957/2957
f 2968/2968/2968 2957/2957/2957 2969/2969/2969
f 2956/2956/2956 2945/2945/2945 2957/2957/2957
f 2969/2969/2969 2958/2958/2958 2970/2970/2970
f 2969/2969/2969 2957/2957/2957 2958/2958/2958
f 2945/2945/2945 2933/2933/2933 2934/2934/2934
f 2933/2933/2933 2922/2922/2922 2934/2934/2934
f 2957/2957/2957 2945/2945/2945 2946/2946/2946
f 2957/2957/2957 2946/2946/2946 2958/2958/2958
f 2945/2945/2945 2934/2934/2934 2946/2946/2946
f 2970/2970/2970 2958/2958/2958 2959/2959/2959
f 2970/2970/2970 2959/2959/2959 2971/2971/2971
f 2971/2971/2971 2959/2959/2959 2960/2960/2960
f 2934/2934/2934 2922/2922/2922 2923/2923/2923
f 2922/2922/2922 2911/2911/2911 2923/2923/2923
f 2923/2923/2923 2911/2911/2911 2912/2912/2912
f 2946/2946/2946 2934/2934/2934 2935/2935/2935
f 2934/2934/2934 2923/2923/2923 2935/2935/2935
f 2958/2958/2958 2946/2946/2946 2947/2947/2947
f 2958/2958/2958 2947/2947/2947 2959/2959/2959
f 2946/2946/2946 2935/2935/2935 2947/2947/2947
f 2959/2959/2959 2948/2948/2948 2960/2960/2960
f 2959/2959/2959 2947/2947/2947 2948/2948/2948
f 2960/2960/2960 2948/2948/2948 2949/2949/2949
f 2948/2948/2948 2937/2937/2937 2949/2949/2949
f 2923/2923/2923 2912/2912/2912 2924/2924/2924
f 2935/2935/2935 2923/2923/2923 2924/2924/2924
f 2924/2924/2924 2912/2912/2912 2913/2913/2913
f 2924/2924/2924 2913/2913/2913 2925/2925/2925
f 2947/2947/2947 2935/2935/2935 2936/2936/2936
f 2947/2947/2947 2936/2936/2936 2948/2948/2948
f 2948/2948/2948 2936/2936/2936 2937/2937/2937
f 2935/2935/2935 2924/2924/2924 2936/2936/2936
f 2936/2936/2936 2924/2924/2924 2925/2925/2925
f 2936/2936/2936 2925/2925/2925 2937/2937/2937
mtllib ./2000013.mtl
g Cube (71)
v -42.78131 27.47357 114.2254
v -47.74409 27.47357 100.0702
v -42.78131 32.47356 114.2254
v -47.74409 32.47356 100.0702
v -45.07592 32.47356 115.0299
v -50.0387 32.47356 100.8746
v -45.07592 27.47357 115.0299
v -50.0387 27.47357 100.8746
v -42.78131 32.47356 114.2254
v -47.74409 32.47356 100.0702
v -45.07592 32.47356 115.0299
v -50.0387 32.47356 100.8746
v -45.07592 27.47357 115.0299
v -42.78131 27.47357 114.2254
v -47.74409 27.47357 100.0702
v -50.0387 27.47357 100.8746
v -47.74409 27.47357 100.0702
v -47.74409 32.47356 100.0702
v -50.0387 32.47356 100.8746
v -50.0387 27.47357 100.8746
v -45.07592 27.47357 115.0299
v -45.07592 32.47356 115.0299
v -42.78131 32.47356 114.2254
v -42.78131 27.47357 114.2254

vn 0.943683 0 -0.3308513
vn 0.943683 0 -0.3308513
vn 0.943683 0 -0.3308513
vn 0.943683 0 -0.3308513
vn 0 1 0
vn 0 1 0
vn -0.943683 0 0.3308513
vn -0.943683 0 0.3308513
vn 0 1 0
vn 0 1 0
vn -0.943683 0 0.3308513
vn -0.943683 0 0.3308513
vn 0 -1 0
vn 0 -1 0
vn 0 -1 0
vn 0 -1 0
vn -0.3308513 0 -0.943683
vn -0.3308513 0 -0.943683
vn -0.3308513 0 -0.943683
vn -0.3308513 0 -0.943683
vn 0.3308513 0 0.943683
vn 0.3308513 0 0.943683
vn 0.3308513 0 0.943683
vn 0.3308513 0 0.943683

vt 0 0
vt 1 0
vt 0 1
vt 1 1
vt 0 1
vt 1 1
vt 0 1
vt 1 1
vt 0 0
vt 1 0
vt 0 0
vt 1 0
vt 0 0
vt 0 1
vt 1 1
vt 1 0
vt 0 0
vt 0 1
vt 1 1
vt 1 0
vt 0 0
vt 0 1
vt 1 1
vt 1 0

usemtl Default-Material
usemap Default-Material
f 3034/3034/3034 3032/3032/3032 3035/3035/3035
f 3035/3035/3035 3032/3032/3032 3033/3033/3033
f 3036/3036/3036 3040/3040/3040 3037/3037/3037
f 3037/3037/3037 3040/3040/3040 3041/3041/3041
f 3038/3038/3038 3042/3042/3042 3039/3039/3039
f 3039/3039/3039 3042/3042/3042 3043/3043/3043
f 3045/3045/3045 3044/3044/3044 3046/3046/3046
f 3046/3046/3046 3044/3044/3044 3047/3047/3047
f 3049/3049/3049 3048/3048/3048 3050/3050/3050
f 3050/3050/3050 3048/3048/3048 3051/3051/3051
f 3053/3053/3053 3052/3052/3052 3054/3054/3054
f 3054/3054/3054 3052/3052/3052 3055/3055/3055
mtllib ./2000013.mtl
g Cube (2)
v -94.14334 27.47357 154.8328
v -149.4718 27.47357 229.3875
v -94.14334 32.47356 154.8328
v -149.4718 32.47356 229.3875
v -90.1282 32.47356 157.8125
v -145.4567 32.47356 232.3672
v -90.1282 27.47357 157.8125
v -145.4567 27.47357 232.3672
v -94.14334 32.47356 154.8328
v -149.4718 32.47356 229.3875
v -90.1282 32.47356 157.8125
v -145.4567 32.47356 232.3672
v -90.1282 27.47357 157.8125
v -94.14334 27.47357 154.8328
v -149.4718 27.47357 229.3875
v -145.4567 27.47357 232.3672
v -149.4718 27.47357 229.3875
v -149.4718 32.47356 229.3875
v -145.4567 32.47356 232.3672
v -145.4567 27.47357 232.3672
v -90.1282 27.47357 157.8125
v -90.1282 32.47356 157.8125
v -94.14334 32.47356 154.8328
v -94.14334 27.47357 154.8328

vn -0.8030272 0 -0.5959423
vn -0.8030272 0 -0.5959423
vn -0.8030272 0 -0.5959423
vn -0.8030272 0 -0.5959423
vn 0 1 0
vn 0 1 0
vn 0.8030272 0 0.5959423
vn 0.8030272 0 0.5959423
vn 0 1 0
vn 0 1 0
vn 0.8030272 0 0.5959423
vn 0.8030272 0 0.5959423
vn 0 -1 0
vn 0 -1 0
vn 0 -1 0
vn 0 -1 0
vn -0.5959423 0 0.8030272
vn -0.5959423 0 0.8030272
vn -0.5959423 0 0.8030272
vn -0.5959423 0 0.8030272
vn 0.5959423 0 -0.8030272
vn 0.5959423 0 -0.8030272
vn 0.5959423 0 -0.8030272
vn 0.5959423 0 -0.8030272

vt 0 0
vt 1 0
vt 0 1
vt 1 1
vt 0 1
vt 1 1
vt 0 1
vt 1 1
vt 0 0
vt 1 0
vt 0 0
vt 1 0
vt 0 0
vt 0 1
vt 1 1
vt 1 0
vt 0 0
vt 0 1
vt 1 1
vt 1 0
vt 0 0
vt 0 1
vt 1 1
vt 1 0

usemtl Default-Material
usemap Default-Material
f 3058/3058/3058 3056/3056/3056 3059/3059/3059
f 3059/3059/3059 3056/3056/3056 3057/3057/3057
f 3060/3060/3060 3064/3064/3064 3061/3061/3061
f 3061/3061/3061 3064/3064/3064 3065/3065/3065
f 3062/3062/3062 3066/3066/3066 3063/3063/3063
f 3063/3063/3063 3066/3066/3066 3067/3067/3067
f 3069/3069/3069 3068/3068/3068 3070/3070/3070
f 3070/3070/3070 3068/3068/3068 3071/3071/3071
f 3073/3073/3073 3072/3072/3072 3074/3074/3074
f 3074/3074/3074 3072/3072/3072 3075/3075/3075
f 3077/3077/3077 3076/3076/3076 3078/3078/3078
f 3078/3078/3078 3076/3076/3076 3079/3079/3079
mtllib ./2000013.mtl
g Cube (86)
v -87.2397 26.41397 177.1865
v -80.15919 26.34018 182.6469
v -87.23161 31.41363 177.2436
v -80.15109 31.33985 182.704
v -86.22083 31.42695 175.9331
v -79.14032 31.35316 181.3935
v -86.22893 26.42729 175.876
v -79.14841 26.3535 181.3364
v -87.23161 31.41363 177.2436
v -80.15109 31.33985 182.704
v -86.22083 31.42695 175.9331
v -79.14032 31.35316 181.3935
v -86.22893 26.42729 175.876
v -87.2397 26.41397 177.1865
v -80.15919 26.34018 182.6469
v -79.14841 26.3535 181.3364
v -80.15919 26.34018 182.6469
v -80.15109 31.33985 182.704
v -79.14032 31.35316 181.3935
v -79.14841 26.3535 181.3364
v -86.22893 26.42729 175.876
v -86.22083 31.42695 175.9331
v -87.23161 31.41363 177.2436
v -87.2397 26.41397 177.1865

vn -0.6107163 -0.008047587 0.7918085
vn -0.6107163 -0.008047587 0.7918085
vn -0.6107163 -0.008047587 0.7918085
vn -0.6107163 -0.008047587 0.7918085
vn 0.001619716 0.9999335 0.01141215
vn 0.001619716 0.9999335 0.01141215
vn 0.6107163 0.008047587 -0.7918085
vn 0.6107163 0.008047587 -0.7918085
vn 0.001619716 0.9999335 0.01141215
vn 0.001619716 0.9999335 0.01141215
vn 0.6107163 0.008047587 -0.7918085
vn 0.6107163 0.008047587 -0.7918085
vn -0.001619716 -0.9999335 -0.01141215
vn -0.001619716 -0.9999335 -0.01141215
vn -0.001619716 -0.9999335 -0.01141215
vn -0.001619716 -0.9999335 -0.01141215
vn 0.7918478 -0.008252093 0.6106626
vn 0.7918478 -0.008252093 0.6106626
vn 0.7918478 -0.008252093 0.6106626
vn 0.7918478 -0.008252093 0.6106626
vn -0.7918478 0.008252093 -0.6106626
vn -0.7918478 0.008252093 -0.6106626
vn -0.7918478 0.008252093 -0.6106626
vn -0.7918478 0.008252093 -0.6106626

vt 0 0
vt 1 0
vt 0 1
vt 1 1
vt 0 1
vt 1 1
vt 0 1
vt 1 1
vt 0 0
vt 1 0
vt 0 0
vt 1 0
vt 0 0
vt 0 1
vt 1 1
vt 1 0
vt 0 0
vt 0 1
vt 1 1
vt 1 0
vt 0 0
vt 0 1
vt 1 1
vt 1 0

usemtl Default-Material
usemap Default-Material
f 3082/3082/3082 3080/3080/3080 3083/3083/3083
f 3083/3083/3083 3080/3080/3080 3081/3081/3081
f 3084/3084/3084 3088/3088/3088 3085/3085/3085
f 3085/3085/3085 3088/3088/3088 3089/3089/3089
f 3086/3086/3086 3090/3090/3090 3087/3087/3087
f 3087/3087/3087 3090/3090/3090 3091/3091/3091
f 3093/3093/3093 3092/3092/3092 3094/3094/3094
f 3094/3094/3094 3092/3092/3092 3095/3095/3095
f 3097/3097/3097 3096/3096/3096 3098/3098/3098
f 3098/3098/3098 3096/3096/3096 3099/3099/3099
f 3101/3101/3101 3100/3100/3100 3102/3102/3102
f 3102/3102/3102 3100/3100/3100 3103/3103/3103
mtllib ./2000013.mtl
g Cube (57)
v -85.79375 27.47357 -49.39845
v -71.84361 27.47357 -54.91149
v -85.79375 32.47356 -49.39845
v -71.84361 32.47356 -54.91149
v -86.89636 32.47356 -52.18845
v -72.94622 32.47356 -57.70152
v -86.89636 27.47357 -52.18845
v -72.94622 27.47357 -57.70152
v -85.79375 32.47356 -49.39845
v -71.84361 32.47356 -54.91149
v -86.89636 32.47356 -52.18845
v -72.94622 32.47356 -57.70152
v -86.89636 27.47357 -52.18845
v -85.79375 27.47357 -49.39845
v -71.84361 27.47357 -54.91149
v -72.94622 27.47357 -57.70152
v -71.84361 27.47357 -54.91149
v -71.84361 32.47356 -54.91149
v -72.94622 32.47356 -57.70152
v -72.94622 27.47357 -57.70152
v -86.89636 27.47357 -52.18845
v -86.89636 32.47356 -52.18845
v -85.79375 32.47356 -49.39845
v -85.79375 27.47357 -49.39845

vn 0.3675364 0 0.930009
vn 0.3675364 0 0.930009
vn 0.3675364 0 0.930009
vn 0.3675364 0 0.930009
vn 0 1 0
vn 0 1 0
vn -0.3675364 0 -0.930009
vn -0.3675364 0 -0.930009
vn 0 1 0
vn 0 1 0
vn -0.3675364 0 -0.930009
vn -0.3675364 0 -0.930009
vn 0 -1 0
vn 0 -1 0
vn 0 -1 0
vn 0 -1 0
vn 0.930009 0 -0.3675364
vn 0.930009 0 -0.3675364
vn 0.930009 0 -0.3675364
vn 0.930009 0 -0.3675364
vn -0.930009 0 0.3675364
vn -0.930009 0 0.3675364
vn -0.930009 0 0.3675364
vn -0.930009 0 0.3675364

vt 0 0
vt 1 0
vt 0 1
vt 1 1
vt 0 1
vt 1 1
vt 0 1
vt 1 1
vt 0 0
vt 1 0
vt 0 0
vt 1 0
vt 0 0
vt 0 1
vt 1 1
vt 1 0
vt 0 0
vt 0 1
vt 1 1
vt 1 0
vt 0 0
vt 0 1
vt 1 1
vt 1 0

usemtl Default-Material
usemap Default-Material
f 3106/3106/3106 3104/3104/3104 3107/3107/3107
f 3107/3107/3107 3104/3104/3104 3105/3105/3105
f 3108/3108/3108 3112/3112/3112 3109/3109/3109
f 3109/3109/3109 3112/3112/3112 3113/3113/3113
f 3110/3110/3110 3114/3114/3114 3111/3111/3111
f 3111/3111/3111 3114/3114/3114 3115/3115/3115
f 3117/3117/3117 3116/3116/3116 3118/3118/3118
f 3118/3118/3118 3116/3116/3116 3119/3119/3119
f 3121/3121/3121 3120/3120/3120 3122/3122/3122
f 3122/3122/3122 3120/3120/3120 3123/3123/3123
f 3125/3125/3125 3124/3124/3124 3126/3126/3126
f 3126/3126/3126 3124/3124/3124 3127/3127/3127
mtllib ./2000013.mtl
g Cube (12)
v -78.34921 27.47357 192.1123
v -71.22206 27.47357 165.5851
v -78.34921 32.47356 192.1123
v -71.22206 32.47356 165.5851
v -83.17796 32.47356 190.8149
v -76.05081 32.47356 164.2877
v -83.17796 27.47357 190.8149
v -76.05081 27.47357 164.2877
v -78.34921 32.47356 192.1123
v -71.22206 32.47356 165.5851
v -83.17796 32.47356 190.8149
v -76.05081 32.47356 164.2877
v -83.17796 27.47357 190.8149
v -78.34921 27.47357 192.1123
v -71.22206 27.47357 165.5851
v -76.05081 27.47357 164.2877
v -71.22206 27.47357 165.5851
v -71.22206 32.47356 165.5851
v -76.05081 32.47356 164.2877
v -76.05081 27.47357 164.2877
v -83.17796 27.47357 190.8149
v -83.17796 32.47356 190.8149
v -78.34921 32.47356 192.1123
v -78.34921 27.47357 192.1123

vn 0.9657509 0 0.2594712
vn 0.9657509 0 0.2594712
vn 0.9657509 0 0.2594712
vn 0.9657509 0 0.2594712
vn 0 1 0
vn 0 1 0
vn -0.9657509 0 -0.2594712
vn -0.9657509 0 -0.2594712
vn 0 1 0
vn 0 1 0
vn -0.9657509 0 -0.2594712
vn -0.9657509 0 -0.2594712
vn 0 -1 0
vn 0 -1 0
vn 0 -1 0
vn 0 -1 0
vn 0.2594712 0 -0.965751
vn 0.2594712 0 -0.965751
vn 0.2594712 0 -0.965751
vn 0.2594712 0 -0.965751
vn -0.2594712 0 0.965751
vn -0.2594712 0 0.965751
vn -0.2594712 0 0.965751
vn -0.2594712 0 0.965751

vt 0 0
vt 1 0
vt 0 1
vt 1 1
vt 0 1
vt 1 1
vt 0 1
vt 1 1
vt 0 0
vt 1 0
vt 0 0
vt 1 0
vt 0 0
vt 0 1
vt 1 1
vt 1 0
vt 0 0
vt 0 1
vt 1 1
vt 1 0
vt 0 0
vt 0 1
vt 1 1
vt 1 0

usemtl Default-Material
usemap Default-Material
f 3130/3130/3130 3128/3128/3128 3131/3131/3131
f 3131/3131/3131 3128/3128/3128 3129/3129/3129
f 3132/3132/3132 3136/3136/3136 3133/3133/3133
f 3133/3133/3133 3136/3136/3136 3137/3137/3137
f 3134/3134/3134 3138/3138/3138 3135/3135/3135
f 3135/3135/3135 3138/3138/3138 3139/3139/3139
f 3141/3141/3141 3140/3140/3140 3142/3142/3142
f 3142/3142/3142 3140/3140/3140 3143/3143/3143
f 3145/3145/3145 3144/3144/3144 3146/3146/3146
f 3146/3146/3146 3144/3144/3144 3147/3147/3147
f 3149/3149/3149 3148/3148/3148 3150/3150/3150
f 3150/3150/3150 3148/3148/3148 3151/3151/3151
mtllib ./2000013.mtl
g Cube (94)
v -93.51765 27.47357 -52.31315
v -93.98096 27.47357 -48.56391
v -93.51765 32.47356 -52.31315
v -93.98096 32.47356 -48.56391
v -102.119 32.47356 -53.37606
v -102.5823 32.47356 -49.62682
v -102.119 27.47357 -53.37606
v -102.5823 27.47357 -49.62682
v -93.51765 32.47356 -52.31315
v -93.98096 32.47356 -48.56391
v -102.119 32.47356 -53.37606
v -102.5823 32.47356 -49.62682
v -102.119 27.47357 -53.37606
v -93.51765 27.47357 -52.31315
v -93.98096 27.47357 -48.56391
v -102.5823 27.47357 -49.62682
v -93.98096 27.47357 -48.56391
v -93.98096 32.47356 -48.56391
v -102.5823 32.47356 -49.62682
v -102.5823 27.47357 -49.62682
v -102.119 27.47357 -53.37606
v -102.119 32.47356 -53.37606
v -93.51765 32.47356 -52.31315
v -93.51765 27.47357 -52.31315

vn -0.9924511 0 -0.1226403
vn -0.9924511 0 -0.1226403
vn -0.9924511 0 -0.1226403
vn -0.9924511 0 -0.1226403
vn 0 1 0
vn 0 1 0
vn 0.9924511 0 0.1226403
vn 0.9924511 0 0.1226403
vn 0 1 0
vn 0 1 0
vn 0.9924511 0 0.1226403
vn 0.9924511 0 0.1226403
vn 0 -1 0
vn 0 -1 0
vn 0 -1 0
vn 0 -1 0
vn -0.1226403 0 0.9924511
vn -0.1226403 0 0.9924511
vn -0.1226403 0 0.9924511
vn -0.1226403 0 0.9924511
vn 0.1226403 0 -0.9924511
vn 0.1226403 0 -0.9924511
vn 0.1226403 0 -0.9924511
vn 0.1226403 0 -0.9924511

vt 0 0
vt 1 0
vt 0 1
vt 1 1
vt 0 1
vt 1 1
vt 0 1
vt 1 1
vt 0 0
vt 1 0
vt 0 0
vt 1 0
vt 0 0
vt 0 1
vt 1 1
vt 1 0
vt 0 0
vt 0 1
vt 1 1
vt 1 0
vt 0 0
vt 0 1
vt 1 1
vt 1 0

usemtl Default-Material
usemap Default-Material
f 3154/3154/3154 3152/3152/3152 3155/3155/3155
f 3155/3155/3155 3152/3152/3152 3153/3153/3153
f 3156/3156/3156 3160/3160/3160 3157/3157/3157
f 3157/3157/3157 3160/3160/3160 3161/3161/3161
f 3158/3158/3158 3162/3162/3162 3159/3159/3159
f 3159/3159/3159 3162/3162/3162 3163/3163/3163
f 3165/3165/3165 3164/3164/3164 3166/3166/3166
f 3166/3166/3166 3164/3164/3164 3167/3167/3167
f 3169/3169/3169 3168/3168/3168 3170/3170/3170
f 3170/3170/3170 3168/3168/3168 3171/3171/3171
f 3173/3173/3173 3172/3172/3172 3174/3174/3174
f 3174/3174/3174 3172/3172/3172 3175/3175/3175
mtllib ./2000013.mtl
g Cube (7)
v -158.1459 26.22251 290.1605
v -122.5458 28.57812 245.9098
v -158.1563 31.21587 290.418
v -122.5562 33.57147 246.1672
v -162.0542 31.36901 287.2902
v -126.4541 33.72462 243.0395
v -162.0438 26.37566 287.0327
v -126.4437 28.73126 242.782
v -158.1563 31.21587 290.418
v -122.5562 33.57147 246.1672
v -162.0542 31.36901 287.2902
v -126.4541 33.72462 243.0395
v -162.0438 26.37566 287.0327
v -158.1459 26.22251 290.1605
v -122.5458 28.57812 245.9098
v -126.4437 28.73126 242.782
v -122.5458 28.57812 245.9098
v -122.5562 33.57147 246.1672
v -126.4541 33.72462 243.0395
v -126.4437 28.73126 242.782
v -162.0438 26.37566 287.0327
v -162.0542 31.36901 287.2902
v -158.1563 31.21587 290.418
v -158.1459 26.22251 290.1605

vn 0.7795823 -0.03062969 0.6255506
vn 0.7795823 -0.03062969 0.6255506
vn 0.7795823 -0.03062969 0.6255506
vn 0.7795823 -0.03062969 0.6255506
vn -0.002078824 0.9986714 0.05149001
vn -0.002078824 0.9986714 0.05149001
vn -0.7795823 0.03062969 -0.6255506
vn -0.7795823 0.03062969 -0.6255506
vn -0.002078824 0.9986714 0.05149001
vn -0.002078824 0.9986714 0.05149001
vn -0.7795823 0.03062969 -0.6255506
vn -0.7795823 0.03062969 -0.6255506
vn 0.002078824 -0.9986714 -0.05149001
vn 0.002078824 -0.9986714 -0.05149001
vn 0.002078824 -0.9986714 -0.05149001
vn 0.002078824 -0.9986714 -0.05149001
vn 0.6262966 0.0414411 -0.7784828
vn 0.6262966 0.0414411 -0.7784828
vn 0.6262966 0.0414411 -0.7784828
vn 0.6262966 0.0414411 -0.7784828
vn -0.6262966 -0.0414411 0.7784828
vn -0.6262966 -0.0414411 0.7784828
vn -0.6262966 -0.0414411 0.7784828
vn -0.6262966 -0.0414411 0.7784828

vt 0 0
vt 1 0
vt 0 1
vt 1 1
vt 0 1
vt 1 1
vt 0 1
vt 1 1
vt 0 0
vt 1 0
vt 0 0
vt 1 0
vt 0 0
vt 0 1
vt 1 1
vt 1 0
vt 0 0
vt 0 1
vt 1 1
vt 1 0
vt 0 0
vt 0 1
vt 1 1
vt 1 0

usemtl Default-Material
usemap Default-Material
f 3178/3178/3178 3176/3176/3176 3179/3179/3179
f 3179/3179/3179 3176/3176/3176 3177/3177/3177
f 3180/3180/3180 3184/3184/3184 3181/3181/3181
f 3181/3181/3181 3184/3184/3184 3185/3185/3185
f 3182/3182/3182 3186/3186/3186 3183/3183/3183
f 3183/3183/3183 3186/3186/3186 3187/3187/3187
f 3189/3189/3189 3188/3188/3188 3190/3190/3190
f 3190/3190/3190 3188/3188/3188 3191/3191/3191
f 3193/3193/3193 3192/3192/3192 3194/3194/3194
f 3194/3194/3194 3192/3192/3192 3195/3195/3195
f 3197/3197/3197 3196/3196/3196 3198/3198/3198
f 3198/3198/3198 3196/3196/3196 3199/3199/3199
mtllib ./2000013.mtl
g Cube (5)
v -168.9524 27.47357 256.5781
v -180.8641 27.47357 272.644
v -168.9524 32.47356 256.5781
v -180.8641 32.47356 272.644
v -164.9359 32.47356 259.556
v -176.8476 32.47356 275.6219
v -164.9359 27.47357 259.556
v -176.8476 27.47357 275.6219
v -168.9524 32.47356 256.5781
v -180.8641 32.47356 272.644
v -164.9359 32.47356 259.556
v -176.8476 32.47356 275.6219
v -164.9359 27.47357 259.556
v -168.9524 27.47357 256.5781
v -180.8641 27.47357 272.644
v -176.8476 27.47357 275.6219
v -180.8641 27.47357 272.644
v -180.8641 32.47356 272.644
v -176.8476 32.47356 275.6219
v -176.8476 27.47357 275.6219
v -164.9359 27.47357 259.556
v -164.9359 32.47356 259.556
v -168.9524 32.47356 256.5781
v -168.9524 27.47357 256.5781

vn -0.8032937 0 -0.595583
vn -0.8032937 0 -0.595583
vn -0.8032937 0 -0.595583
vn -0.8032937 0 -0.595583
vn 0 1 0
vn 0 1 0
vn 0.8032937 0 0.595583
vn 0.8032937 0 0.595583
vn 0 1 0
vn 0 1 0
vn 0.8032937 0 0.595583
vn 0.8032937 0 0.595583
vn 0 -1 0
vn 0 -1 0
vn 0 -1 0
vn 0 -1 0
vn -0.595583 0 0.8032936
vn -0.595583 0 0.8032936
vn -0.595583 0 0.8032936
vn -0.595583 0 0.8032936
vn 0.595583 0 -0.8032936
vn 0.595583 0 -0.8032936
vn 0.595583 0 -0.8032936
vn 0.595583 0 -0.8032936

vt 0 0
vt 1 0
vt 0 1
vt 1 1
vt 0 1
vt 1 1
vt 0 1
vt 1 1
vt 0 0
vt 1 0
vt 0 0
vt 1 0
vt 0 0
vt 0 1
vt 1 1
vt 1 0
vt 0 0
vt 0 1
vt 1 1
vt 1 0
vt 0 0
vt 0 1
vt 1 1
vt 1 0

usemtl Default-Material
usemap Default-Material
f 3202/3202/3202 3200/3200/3200 3203/3203/3203
f 3203/3203/3203 3200/3200/3200 3201/3201/3201
f 3204/3204/3204 3208/3208/3208 3205/3205/3205
f 3205/3205/3205 3208/3208/3208 3209/3209/3209
f 3206/3206/3206 3210/3210/3210 3207/3207/3207
f 3207/3207/3207 3210/3210/3210 3211/3211/3211
f 3213/3213/3213 3212/3212/3212 3214/3214/3214
f 3214/3214/3214 3212/3212/3212 3215/3215/3215
f 3217/3217/3217 3216/3216/3216 3218/3218/3218
f 3218/3218/3218 3216/3216/3216 3219/3219/3219
f 3221/3221/3221 3220/3220/3220 3222/3222/3222
f 3222/3222/3222 3220/3220/3220 3223/3223/3223
mtllib ./2000013.mtl
g Cube (8)
v -133.8475 27.91126 261.1818
v -112.737 27.08015 235.5172
v -133.8009 32.90952 261.0582
v -112.6905 32.0784 235.3936
v -137.663 32.86699 257.8828
v -116.5525 32.03587 232.2182
v -137.7095 27.86873 258.0064
v -116.5991 27.03762 232.3418
v -133.8009 32.90952 261.0582
v -112.6905 32.0784 235.3936
v -137.663 32.86699 257.8828
v -116.5525 32.03587 232.2182
v -137.7095 27.86873 258.0064
v -133.8475 27.91126 261.1818
v -112.737 27.08015 235.5172
v -116.5991 27.03762 232.3418
v -112.737 27.08015 235.5172
v -112.6905 32.0784 235.3936
v -116.5525 32.03587 232.2182
v -116.5991 27.03762 232.3418
v -137.7095 27.86873 258.0064
v -137.663 32.86699 257.8828
v -133.8009 32.90952 261.0582
v -133.8475 27.91126 261.1818

vn 0.7724078 0.008505935 0.63507
vn 0.7724078 0.008505935 0.63507
vn 0.7724078 0.008505935 0.63507
vn 0.7724078 0.008505935 0.63507
vn 0.00931093 0.9996512 -0.0247135
vn 0.00931093 0.9996512 -0.0247135
vn -0.7724078 -0.008505935 -0.63507
vn -0.7724078 -0.008505935 -0.63507
vn 0.00931093 0.9996512 -0.0247135
vn 0.00931093 0.9996512 -0.0247135
vn -0.7724078 -0.008505935 -0.63507
vn -0.7724078 -0.008505935 -0.63507
vn -0.00931093 -0.9996512 0.0247135
vn -0.00931093 -0.9996512 0.0247135
vn -0.00931093 -0.9996512 0.0247135
vn -0.00931093 -0.9996512 0.0247135
vn 0.6350587 -0.02500199 -0.7720591
vn 0.6350587 -0.02500199 -0.7720591
vn 0.6350587 -0.02500199 -0.7720591
vn 0.6350587 -0.02500199 -0.7720591
vn -0.6350587 0.02500199 0.7720591
vn -0.6350587 0.02500199 0.7720591
vn -0.6350587 0.02500199 0.7720591
vn -0.6350587 0.02500199 0.7720591

vt 0 0
vt 1 0
vt 0 1
vt 1 1
vt 0 1
vt 1 1
vt 0 1
vt 1 1
vt 0 0
vt 1 0
vt 0 0
vt 1 0
vt 0 0
vt 0 1
vt 1 1
vt 1 0
vt 0 0
vt 0 1
vt 1 1
vt 1 0
vt 0 0
vt 0 1
vt 1 1
vt 1 0

usemtl Default-Material
usemap Default-Material
f 3226/3226/3226 3224/3224/3224 3227/3227/3227
f 3227/3227/3227 3224/3224/3224 3225/3225/3225
f 3228/3228/3228 3232/3232/3232 3229/3229/3229
f 3229/3229/3229 3232/3232/3232 3233/3233/3233
f 3230/3230/3230 3234/3234/3234 3231/3231/3231
f 3231/3231/3231 3234/3234/3234 3235/3235/3235
f 3237/3237/3237 3236/3236/3236 3238/3238/3238
f 3238/3238/3238 3236/3236/3236 3239/3239/3239
f 3241/3241/3241 3240/3240/3240 3242/3242/3242
f 3242/3242/3242 3240/3240/3240 3243/3243/3243
f 3245/3245/3245 3244/3244/3244 3246/3246/3246
f 3246/3246/3246 3244/3244/3244 3247/3247/3247
mtllib ./2000013.mtl
g Cube (47)
v -102.4228 27.47357 -44.60203
v -75.44079 27.47357 -49.74638
v -102.4228 32.47356 -44.60203
v -75.44079 32.47356 -49.74638
v -103.3592 32.47356 -49.51356
v -76.37721 32.47356 -54.65792
v -103.3592 27.47357 -49.51356
v -76.37721 27.47357 -54.65792
v -102.4228 32.47356 -44.60203
v -75.44079 32.47356 -49.74638
v -103.3592 32.47356 -49.51356
v -76.37721 32.47356 -54.65792
v -103.3592 27.47357 -49.51356
v -102.4228 27.47357 -44.60203
v -75.44079 27.47357 -49.74638
v -76.37721 27.47357 -54.65792
v -75.44079 27.47357 -49.74638
v -75.44079 32.47356 -49.74638
v -76.37721 32.47356 -54.65792
v -76.37721 27.47357 -54.65792
v -103.3592 27.47357 -49.51356
v -103.3592 32.47356 -49.51356
v -102.4228 32.47356 -44.60203
v -102.4228 27.47357 -44.60203

vn 0.1872849 0 0.9823057
vn 0.1872849 0 0.9823057
vn 0.1872849 0 0.9823057
vn 0.1872849 0 0.9823057
vn 0 1 0
vn 0 1 0
vn -0.1872849 0 -0.9823057
vn -0.1872849 0 -0.9823057
vn 0 1 0
vn 0 1 0
vn -0.1872849 0 -0.9823057
vn -0.1872849 0 -0.9823057
vn 0 -1 0
vn 0 -1 0
vn 0 -1 0
vn 0 -1 0
vn 0.9823057 0 -0.1872849
vn 0.9823057 0 -0.1872849
vn 0.9823057 0 -0.1872849
vn 0.9823057 0 -0.1872849
vn -0.9823057 0 0.1872849
vn -0.9823057 0 0.1872849
vn -0.9823057 0 0.1872849
vn -0.9823057 0 0.1872849

vt 0 0
vt 1 0
vt 0 1
vt 1 1
vt 0 1
vt 1 1
vt 0 1
vt 1 1
vt 0 0
vt 1 0
vt 0 0
vt 1 0
vt 0 0
vt 0 1
vt 1 1
vt 1 0
vt 0 0
vt 0 1
vt 1 1
vt 1 0
vt 0 0
vt 0 1
vt 1 1
vt 1 0

usemtl Default-Material
usemap Default-Material
f 3250/3250/3250 3248/3248/3248 3251/3251/3251
f 3251/3251/3251 3248/3248/3248 3249/3249/3249
f 3252/3252/3252 3256/3256/3256 3253/3253/3253
f 3253/3253/3253 3256/3256/3256 3257/3257/3257
f 3254/3254/3254 3258/3258/3258 3255/3255/3255
f 3255/3255/3255 3258/3258/3258 3259/3259/3259
f 3261/3261/3261 3260/3260/3260 3262/3262/3262
f 3262/3262/3262 3260/3260/3260 3263/3263/3263
f 3265/3265/3265 3264/3264/3264 3266/3266/3266
f 3266/3266/3266 3264/3264/3264 3267/3267/3267
f 3269/3269/3269 3268/3268/3268 3270/3270/3270
f 3270/3270/3270 3268/3268/3268 3271/3271/3271
mtllib ./2000013.mtl
g Cube (56)
v -72.39989 27.47357 -59.29819
v -75.4763 27.47357 -44.61706
v -72.39989 32.47356 -59.29819
v -75.4763 32.47356 -44.61706
v -69.46367 32.47356 -58.68291
v -72.54008 32.47356 -44.00178
v -69.46367 27.47357 -58.68291
v -72.54008 27.47357 -44.00178
v -72.39989 32.47356 -59.29819
v -75.4763 32.47356 -44.61706
v -69.46367 32.47356 -58.68291
v -72.54008 32.47356 -44.00178
v -69.46367 27.47357 -58.68291
v -72.39989 27.47357 -59.29819
v -75.4763 27.47357 -44.61706
v -72.54008 27.47357 -44.00178
v -75.4763 27.47357 -44.61706
v -75.4763 32.47356 -44.61706
v -72.54008 32.47356 -44.00178
v -72.54008 27.47357 -44.00178
v -69.46367 27.47357 -58.68291
v -69.46367 32.47356 -58.68291
v -72.39989 32.47356 -59.29819
v -72.39989 27.47357 -59.29819

vn -0.9787422 0 -0.2050937
vn -0.9787422 0 -0.2050937
vn -0.9787422 0 -0.2050937
vn -0.9787422 0 -0.2050937
vn 0 1 0
vn 0 1 0
vn 0.9787422 0 0.2050937
vn 0.9787422 0 0.2050937
vn 0 1 0
vn 0 1 0
vn 0.9787422 0 0.2050937
vn 0.9787422 0 0.2050937
vn 0 -1 0
vn 0 -1 0
vn 0 -1 0
vn 0 -1 0
vn -0.2050938 0 0.9787423
vn -0.2050938 0 0.9787423
vn -0.2050938 0 0.9787423
vn -0.2050938 0 0.9787423
vn 0.2050938 0 -0.9787423
vn 0.2050938 0 -0.9787423
vn 0.2050938 0 -0.9787423
vn 0.2050938 0 -0.9787423

vt 0 0
vt 1 0
vt 0 1
vt 1 1
vt 0 1
vt 1 1
vt 0 1
vt 1 1
vt 0 0
vt 1 0
vt 0 0
vt 1 0
vt 0 0
vt 0 1
vt 1 1
vt 1 0
vt 0 0
vt 0 1
vt 1 1
vt 1 0
vt 0 0
vt 0 1
vt 1 1
vt 1 0

usemtl Default-Material
usemap Default-Material
f 3274/3274/3274 3272/3272/3272 3275/3275/3275
f 3275/3275/3275 3272/3272/3272 3273/3273/3273
f 3276/3276/3276 3280/3280/3280 3277/3277/3277
f 3277/3277/3277 3280/3280/3280 3281/3281/3281
f 3278/3278/3278 3282/3282/3282 3279/3279/3279
f 3279/3279/3279 3282/3282/3282 3283/3283/3283
f 3285/3285/3285 3284/3284/3284 3286/3286/3286
f 3286/3286/3286 3284/3284/3284 3287/3287/3287
f 3289/3289/3289 3288/3288/3288 3290/3290/3290
f 3290/3290/3290 3288/3288/3288 3291/3291/3291
f 3293/3293/3293 3292/3292/3292 3294/3294/3294
f 3294/3294/3294 3292/3292/3292 3295/3295/3295
mtllib ./2000013.mtl
g Cube (4)
v -181.8272 27.47357 272.2596
v -181.3715 27.47357 292.2544
v -181.8272 32.47356 272.2596
v -181.3715 32.47356 292.2544
v -176.8285 32.47356 272.1456
v -176.3728 32.47356 292.1404
v -176.8285 27.47357 272.1456
v -176.3728 27.47357 292.1404
v -181.8272 32.47356 272.2596
v -181.3715 32.47356 292.2544
v -176.8285 32.47356 272.1456
v -176.3728 32.47356 292.1404
v -176.8285 27.47357 272.1456
v -181.8272 27.47357 272.2596
v -181.3715 27.47357 292.2544
v -176.3728 27.47357 292.1404
v -181.3715 27.47357 292.2544
v -181.3715 32.47356 292.2544
v -176.3728 32.47356 292.1404
v -176.3728 27.47357 292.1404
v -176.8285 27.47357 272.1456
v -176.8285 32.47356 272.1456
v -181.8272 32.47356 272.2596
v -181.8272 27.47357 272.2596

vn -0.9997403 0 0.02278566
vn -0.9997403 0 0.02278566
vn -0.9997403 0 0.02278566
vn -0.9997403 0 0.02278566
vn 0 1 0
vn 0 1 0
vn 0.9997403 0 -0.02278566
vn 0.9997403 0 -0.02278566
vn 0 1 0
vn 0 1 0
vn 0.9997403 0 -0.02278566
vn 0.9997403 0 -0.02278566
vn 0 -1 0
vn 0 -1 0
vn 0 -1 0
vn 0 -1 0
vn 0.02278567 0 0.9997403
vn 0.02278567 0 0.9997403
vn 0.02278567 0 0.9997403
vn 0.02278567 0 0.9997403
vn -0.02278567 0 -0.9997403
vn -0.02278567 0 -0.9997403
vn -0.02278567 0 -0.9997403
vn -0.02278567 0 -0.9997403

vt 0 0
vt 1 0
vt 0 1
vt 1 1
vt 0 1
vt 1 1
vt 0 1
vt 1 1
vt 0 0
vt 1 0
vt 0 0
vt 1 0
vt 0 0
vt 0 1
vt 1 1
vt 1 0
vt 0 0
vt 0 1
vt 1 1
vt 1 0
vt 0 0
vt 0 1
vt 1 1
vt 1 0

usemtl Default-Material
usemap Default-Material
f 3298/3298/3298 3296/3296/3296 3299/3299/3299
f 3299/3299/3299 3296/3296/3296 3297/3297/3297
f 3300/3300/3300 3304/3304/3304 3301/3301/3301
f 3301/3301/3301 3304/3304/3304 3305/3305/3305
f 3302/3302/3302 3306/3306/3306 3303/3303/3303
f 3303/3303/3303 3306/3306/3306 3307/3307/3307
f 3309/3309/3309 3308/3308/3308 3310/3310/3310
f 3310/3310/3310 3308/3308/3308 3311/3311/3311
f 3313/3313/3313 3312/3312/3312 3314/3314/3314
f 3314/3314/3314 3312/3312/3312 3315/3315/3315
f 3317/3317/3317 3316/3316/3316 3318/3318/3318
f 3318/3318/3318 3316/3316/3316 3319/3319/3319
mtllib ./2000013.mtl
g Cube (14)
v -40.33609 27.47357 147.8692
v -27.2662 27.47357 123.7099
v -40.33609 32.47356 147.8692
v -27.2662 32.47356 123.7099
v -44.73381 32.47356 145.4901
v -31.66391 32.47356 121.3308
v -44.73381 27.47357 145.4901
v -31.66391 27.47357 121.3308
v -40.33609 32.47356 147.8692
v -27.2662 32.47356 123.7099
v -44.73381 32.47356 145.4901
v -31.66391 32.47356 121.3308
v -44.73381 27.47357 145.4901
v -40.33609 27.47357 147.8692
v -27.2662 27.47357 123.7099
v -31.66391 27.47357 121.3308
v -27.2662 27.47357 123.7099
v -27.2662 32.47356 123.7099
v -31.66391 32.47356 121.3308
v -31.66391 27.47357 121.3308
v -44.73381 27.47357 145.4901
v -44.73381 32.47356 145.4901
v -40.33609 32.47356 147.8692
v -40.33609 27.47357 147.8692

vn 0.8795414 0 0.4758225
vn 0.8795414 0 0.4758225
vn 0.8795414 0 0.4758225
vn 0.8795414 0 0.4758225
vn 0 1 0
vn 0 1 0
vn -0.8795414 0 -0.4758225
vn -0.8795414 0 -0.4758225
vn 0 1 0
vn 0 1 0
vn -0.8795414 0 -0.4758225
vn -0.8795414 0 -0.4758225
vn 0 -1 0
vn 0 -1 0
vn 0 -1 0
vn 0 -1 0
vn 0.4758225 0 -0.8795414
vn 0.4758225 0 -0.8795414
vn 0.4758225 0 -0.8795414
vn 0.4758225 0 -0.8795414
vn -0.4758225 0 0.8795414
vn -0.4758225 0 0.8795414
vn -0.4758225 0 0.8795414
vn -0.4758225 0 0.8795414

vt 0 0
vt 1 0
vt 0 1
vt 1 1
vt 0 1
vt 1 1
vt 0 1
vt 1 1
vt 0 0
vt 1 0
vt 0 0
vt 1 0
vt 0 0
vt 0 1
vt 1 1
vt 1 0
vt 0 0
vt 0 1
vt 1 1
vt 1 0
vt 0 0
vt 0 1
vt 1 1
vt 1 0

usemtl Default-Material
usemap Default-Material
f 3322/3322/3322 3320/3320/3320 3323/3323/3323
f 3323/3323/3323 3320/3320/3320 3321/3321/3321
f 3324/3324/3324 3328/3328/3328 3325/3325/3325
f 3325/3325/3325 3328/3328/3328 3329/3329/3329
f 3326/3326/3326 3330/3330/3330 3327/3327/3327
f 3327/3327/3327 3330/3330/3330 3331/3331/3331
f 3333/3333/3333 3332/3332/3332 3334/3334/3334
f 3334/3334/3334 3332/3332/3332 3335/3335/3335
f 3337/3337/3337 3336/3336/3336 3338/3338/3338
f 3338/3338/3338 3336/3336/3336 3339/3339/3339
f 3341/3341/3341 3340/3340/3340 3342/3342/3342
f 3342/3342/3342 3340/3340/3340 3343/3343/3343
mtllib ./2000013.mtl
g Cube (95)
v -148.316 27.47357 -30.03645
v -155.0312 27.47357 -36.71111
v -148.316 32.47356 -30.03645
v -155.0312 32.47356 -36.71111
v -147.4688 32.47356 -30.88885
v -154.1839 32.47356 -37.56351
v -147.4688 27.47357 -30.88885
v -154.1839 27.47357 -37.56351
v -148.316 32.47356 -30.03645
v -155.0312 32.47356 -36.71111
v -147.4688 32.47356 -30.88885
v -154.1839 32.47356 -37.56351
v -147.4688 27.47357 -30.88885
v -148.316 27.47357 -30.03645
v -155.0312 27.47357 -36.71111
v -154.1839 27.47357 -37.56351
v -155.0312 27.47357 -36.71111
v -155.0312 32.47356 -36.71111
v -154.1839 32.47356 -37.56351
v -154.1839 27.47357 -37.56351
v -147.4688 27.47357 -30.88885
v -147.4688 32.47356 -30.88885
v -148.316 32.47356 -30.03645
v -148.316 27.47357 -30.03645

vn 0.7049663 0 -0.7092409
vn 0.7049663 0 -0.7092409
vn 0.7049663 0 -0.7092409
vn 0.7049663 0 -0.7092409
vn 0 1 0
vn 0 1 0
vn -0.7049663 0 0.7092409
vn -0.7049663 0 0.7092409
vn 0 1 0
vn 0 1 0
vn -0.7049663 0 0.7092409
vn -0.7049663 0 0.7092409
vn 0 -1 0
vn 0 -1 0
vn 0 -1 0
vn 0 -1 0
vn -0.7092409 0 -0.7049663
vn -0.7092409 0 -0.7049663
vn -0.7092409 0 -0.7049663
vn -0.7092409 0 -0.7049663
vn 0.7092409 0 0.7049663
vn 0.7092409 0 0.7049663
vn 0.7092409 0 0.7049663
vn 0.7092409 0 0.7049663

vt 0 0
vt 1 0
vt 0 1
vt 1 1
vt 0 1
vt 1 1
vt 0 1
vt 1 1
vt 0 0
vt 1 0
vt 0 0
vt 1 0
vt 0 0
vt 0 1
vt 1 1
vt 1 0
vt 0 0
vt 0 1
vt 1 1
vt 1 0
vt 0 0
vt 0 1
vt 1 1
vt 1 0

usemtl Default-Material
usemap Default-Material
f 3346/3346/3346 3344/3344/3344 3347/3347/3347
f 3347/3347/3347 3344/3344/3344 3345/3345/3345
f 3348/3348/3348 3352/3352/3352 3349/3349/3349
f 3349/3349/3349 3352/3352/3352 3353/3353/3353
f 3350/3350/3350 3354/3354/3354 3351/3351/3351
f 3351/3351/3351 3354/3354/3354 3355/3355/3355
f 3357/3357/3357 3356/3356/3356 3358/3358/3358
f 3358/3358/3358 3356/3356/3356 3359/3359/3359
f 3361/3361/3361 3360/3360/3360 3362/3362/3362
f 3362/3362/3362 3360/3360/3360 3363/3363/3363
f 3365/3365/3365 3364/3364/3364 3366/3366/3366
f 3366/3366/3366 3364/3364/3364 3367/3367/3367
mtllib ./2000013.mtl
g Campfire
v -247.2232 28.12532 53.0555
v -247.4446 28.0836 52.88975
v -247.0573 28.0969 52.88975
v -247.0573 28.0969 52.88975
v -247.093 28.05583 52.69621
v -247.4355 28.10287 52.75916
v -247.3836 28.0381 52.6586
v -247.093 28.05583 52.69621
v -247.4082 27.98479 52.57746
v -247.0375 27.98479 52.63298
v -247.6722 27.96426 51.63124
v -247.7258 28.1852 51.63772
v -247.9035 27.96426 51.35639
v -247.7258 28.1852 51.63772
v -247.8839 28.22693 51.41079
v -248.1629 27.96426 51.47138
v -247.9035 27.96426 51.35639
v -248.0935 28.19851 51.51599
v -247.8839 28.22693 51.41079
v -248.0935 28.19851 51.51599
v -247.7778 27.99099 51.91937
v -247.8474 28.16981 51.88755
v -247.9592 27.99099 51.79779
v -247.8474 28.16981 51.88755
v -247.9631 28.12283 51.84041
v -246.5446 27.99059 51.38416
v -246.5589 28.12146 51.4128
v -246.756 27.99059 51.40881
v -246.5589 28.12146 51.4128
v -246.7227 28.14618 51.41685
v -246.7838 27.99059 51.57456
v -246.756 27.99059 51.40881
v -246.7391 28.12935 51.55479
v -246.7227 28.14618 51.41685
v -246.7391 28.12935 51.55479
v -247.1829 27.98961 51.46113
v -247.1129 28.13428 51.3904
v -246.9534 27.98961 51.29424
v -247.1129 28.13428 51.3904
v -247.0037 28.07325 51.27049
v -246.3826 27.97509 52.04874
v -246.6294 27.97509 51.96058
v -246.4132 28.15915 52.01762
v -246.6294 27.97509 51.96058
v -246.5712 28.23715 51.91114
v -246.6622 27.934 52.60524
v -246.7247 27.89116 52.47466
v -246.7012 28.02823 52.56687
v -246.7247 27.89116 52.47466
v -246.7391 28.04666 52.45599
v -247.0359 28.00021 52.7102
v -247.0073 28.16059 52.77265
v -246.9841 28.00021 52.89911
v -247.0073 28.16059 52.77265
v -246.9565 28.11846 52.87243
v -247.6379 27.95688 51.59089
v -247.368 28.12388 52.04201
v -247.2392 28.0469 51.99007
v -247.5091 27.8799 51.53895
v -247.1298 28.12388 51.9045
v -247.3997 27.95688 51.45338
v -247.1492 28.27784 51.87088
v -247.4191 28.11084 51.41975
v -247.278 28.35482 51.92282
v -247.5479 28.18782 51.4717
v -247.3874 28.27784 52.00838
v -247.6573 28.11084 51.55727
v -247.368 28.12388 52.04201
v -247.6379 27.95688 51.59089
v -247.6379 27.95688 51.59089
v -247.5091 27.8799 51.53895
v -247.3997 27.95688 51.45338
v -247.4191 28.11084 51.41975
v -247.6573 28.11084 51.55727
v -247.5479 28.18782 51.4717
v -247.1298 28.12388 51.9045
v -247.2392 28.0469 51.99007
v -247.368 28.12388 52.04201
v -247.1492 28.27784 51.87088
v -247.3874 28.27784 52.00838
v -247.278 28.35482 51.92282
v -247.6991 27.97603 52.15577
v -247.1393 28.2922 52.00576
v -247.205 28.37909 51.94366
v -247.7648 28.06292 52.09367
v -247.2465 28.48108 52.00367
v -247.8064 28.16491 52.15368
v -247.2223 28.49617 52.12579
v -247.7822 28.18 52.27579
v -247.1566 28.40927 52.18789
v -247.7164 28.0931 52.3379
v -247.1151 28.30729 52.12788
v -247.6749 27.99112 52.27789
v -247.1393 28.2922 52.00576
v -247.6991 27.97603 52.15577
v -247.7822 28.18 52.27579
v -247.7164 28.0931 52.3379
v -247.6749 27.99112 52.27789
v -247.6991 27.97603 52.15577
v -247.8064 28.16491 52.15368
v -247.7648 28.06292 52.09367
v -247.1151 28.30729 52.12788
v -247.1566 28.40927 52.18789
v -247.2223 28.49617 52.12579
v -247.1393 28.2922 52.00576
v -247.2465 28.48108 52.00367
v -247.205 28.37909 51.94366
v -246.5891 28.16754 51.81863
v -247.0791 28.29548 51.94994
v -247.1184 28.18841 51.90762
v -246.6283 28.06047 51.77632
v -247.1237 28.09202 51.98163
v -246.6337 27.96408 51.85032
v -247.0898 28.10269 52.09795
v -246.5997 27.97475 51.96664
v -247.0505 28.20975 52.14026
v -246.5604 28.08182 52.00896
v -247.0451 28.30615 52.06626
v -246.5551 28.17821 51.93495
v -247.0791 28.29548 51.94994
v -246.5891 28.16754 51.81863
v -246.5997 27.97475 51.96664
v -246.5604 28.08182 52.00896
v -246.5551 28.17821 51.93495
v -246.6337 27.96408 51.85032
v -246.5891 28.16754 51.81863
v -246.6283 28.06047 51.77632
v -247.0451 28.30615 52.06626
v -247.0505 28.20975 52.14026
v -247.0898 28.10269 52.09795
v -247.1237 28.09202 51.98163
v -247.0791 28.29548 51.94994
v -247.1184 28.18841 51.90762
v -247.0679 28.02373 52.60345
v -247.0679 28.17936 52.08244
v -247.1515 28.12056 52.06761
v -247.1515 27.96493 52.58863
v -247.2458 28.16141 52.07791
v -247.2458 28.00578 52.59893
v -247.2565 28.26106 52.10304
v -247.2565 28.10543 52.62406
v -247.1729 28.31986 52.11787
v -247.1729 28.16424 52.63889
v -247.0785 28.27901 52.10757
v -247.0785 28.12338 52.62859
v -247.0679 28.17936 52.08244
v -247.0679 28.02373 52.60345
v -247.0679 28.02373 52.60345
v -247.1515 27.96493 52.58863
v -247.2458 28.00578 52.59893
v -247.2565 28.10543 52.62406
v -247.0785 28.12338 52.62859
v -247.1729 28.16424 52.63889
v -247.2458 28.16141 52.07791
v -247.1515 28.12056 52.06761
v -247.0679 28.17936 52.08244
v -247.2565 28.26106 52.10304
v -247.0785 28.27901 52.10757
v -247.1729 28.31986 52.11787
v -246.9041 27.96974 51.44073
v -247.0361 28.24798 51.93342
v -246.9599 28.32445 51.91066
v -246.8278 28.04621 51.41797
v -246.9873 28.4142 51.85262
v -246.8553 28.13596 51.35992
v -247.091 28.42748 51.81733
v -246.959 28.14924 51.32463
v -247.1673 28.35101 51.84008
v -247.0353 28.07277 51.34739
v -247.1398 28.26126 51.89813
v -247.0078 27.98302 51.40543
v -247.0361 28.24798 51.93342
v -246.9041 27.96974 51.44073
v -247.0078 27.98302 51.40543
v -246.9041 27.96974 51.44073
v -246.8278 28.04621 51.41797
v -247.0353 28.07277 51.34739
v -246.8553 28.13596 51.35992
v -246.959 28.14924 51.32463
v -246.9599 28.32445 51.91066
v -247.0361 28.24798 51.93342
v -247.1398 28.26126 51.89813
v -247.1673 28.35101 51.84008
v -246.9873 28.4142 51.85262
v -247.091 28.42748 51.81733
v -246.6986 28.1195 52.43283
v -247.0868 28.11005 52.0421
v -247.0713 28.02296 52.02882
v -246.6831 28.03242 52.41956
v -247.1169 27.96181 52.07557
v -246.7287 27.97127 52.4663
v -247.1779 27.98775 52.13559
v -246.7897 27.99721 52.52632
v -247.1934 28.07484 52.14885
v -246.8052 28.0843 52.53959
v -247.1478 28.13599 52.10211
v -246.7596 28.14544 52.49284
v -247.0868 28.11005 52.0421
v -246.6986 28.1195 52.43283
v -246.6831 28.03242 52.41956
v -246.7287 27.97127 52.4663
v -246.7897 27.99721 52.52632
v -246.8052 28.0843 52.53959
v -246.6986 28.1195 52.43283
v -246.7596 28.14544 52.49284
v -247.1779 27.98775 52.13559
v -247.1169 27.96181 52.07557
v -247.0713 28.02296 52.02882
v -247.1934 28.07484 52.14885
v -247.0868 28.11005 52.0421
v -247.1478 28.13599 52.10211
v -247.2882 27.98716 52.03545
v -247.239 28.12298 51.98907
v -247.0917 28.09735 52.00624
v -247.0718 27.98584 52.02039
v -247.239 28.12298 51.98907
v -247.2228 28.09831 51.88979
v -247.0727 28.06817 51.94262
v -247.0917 28.09735 52.00624
v -247.2228 28.09831 51.88979
v -247.2665 27.98862 51.839
v -247.0645 27.98716 51.89433
v -247.0727 28.06817 51.94262
v -247.0718 27.98584 52.02039
v -247.0917 28.09735 52.00624
v -247.0727 28.06817 51.94262
v -247.0645 27.98716 51.89433
v -247.2665 27.98862 51.839
v -247.2228 28.09831 51.88979
v -247.239 28.12298 51.98907
v -247.2882 27.98716 52.03545
v -247.2621 27.98716 52.02984
v -247.2086 28.12298 52.07107
v -247.238 28.09735 52.22793
v -247.238 27.98584 52.22793
v -247.2086 28.12298 52.07107
v -247.108 28.09831 52.11879
v -247.0862 28.06817 52.2543
v -247.238 28.09735 52.22793
v -247.108 28.09831 52.11879
v -247.0647 27.98862 52.06752
v -247.0373 27.98716 52.25471
v -247.0862 28.06817 52.2543
v -247.238 27.98584 52.22793
v -247.238 28.09735 52.22793
v -247.0862 28.06817 52.2543
v -247.0373 27.98716 52.25471
v -247.0647 27.98862 52.06752
v -247.108 28.09831 52.11879
v -247.2086 28.12298 52.07107
v -247.2621 27.98716 52.02984
v -247.0686 27.98716 52.04837
v -247.0343 28.13419 52.01658
v -246.9131 28.09808 52.0271
v -246.8812 27.98584 52.05592
v -247.0343 28.13419 52.01658
v -247.0524 28.09942 51.90854
v -246.9593 28.05696 51.90559
v -246.9131 28.09808 52.0271
v -247.0524 28.09942 51.90854
v -247.0759 27.98862 51.87453
v -246.9192 27.98716 51.86849
v -246.9593 28.05696 51.90559
v -246.8812 27.98584 52.05592
v -246.9131 28.09808 52.0271
v -246.9593 28.05696 51.90559
v -246.9192 27.98716 51.86849
v -247.0759 27.98862 51.87453
v -247.0524 28.09942 51.90854
v -247.0343 28.13419 52.01658
v -247.0686 27.98716 52.04837
v -247.165 27.98716 52.04689
v -247.1284 28.12298 52.06943
v -246.9301 28.09735 52.2229
v -246.923 27.98584 52.24618
v -247.1284 28.12298 52.06943
v -247.0696 28.09831 52.03013
v -246.8636 28.06817 52.14082
v -246.9301 28.09735 52.2229
v -247.0696 28.09831 52.03013
v -247.0754 27.98862 51.96575
v -246.8405 27.98716 52.15063
v -246.8636 28.06817 52.14082
v -246.923 27.98584 52.24618
v -246.9301 28.09735 52.2229
v -246.8636 28.06817 52.14082
v -246.8405 27.98716 52.15063
v -247.0754 27.98862 51.96575
v -247.0696 28.09831 52.03013
v -247.1284 28.12298 52.06943
v -247.165 27.98716 52.04689
v -247.1055 27.99806 51.83688
v -247.1815 28.12868 51.82379
v -247.2638 28.09147 51.70325
v -247.2588 27.97898 51.68465
v -247.1815 28.12868 51.82379
v -247.2652 28.10114 51.87835
v -247.3221 28.05981 51.73248
v -247.2638 28.09147 51.70325
v -247.2652 28.10114 51.87835
v -247.2674 27.99454 51.95017
v -247.3584 27.97762 51.76228
v -247.3221 28.05981 51.73248
v -247.2588 27.97898 51.68465
v -247.2638 28.09147 51.70325
v -247.3221 28.05981 51.73248
v -247.3584 27.97762 51.76228
v -247.2674 27.99454 51.95017
v -247.2652 28.10114 51.87835
v -247.1815 28.12868 51.82379
v -247.1055 27.99806 51.83688
v -247.32 27.98716 52.21704
v -247.325 28.12298 52.14962
v -247.1885 28.09735 52.06696
v -247.1885 27.98584 52.06696
v -247.325 28.12298 52.14962
v -247.3566 28.09831 52.04284
v -247.2701 28.06817 51.93627
v -247.1885 28.09735 52.06696
v -247.3566 28.09831 52.04284
v -247.4236 27.98862 52.04483
v -247.3024 27.98716 51.89952
v -247.2701 28.06817 51.93627
v -247.1885 27.98584 52.06696
v -247.1885 28.09735 52.06696
v -247.2701 28.06817 51.93627
v -247.3024 27.98716 51.89952
v -247.4236 27.98862 52.04483
v -247.3566 28.09831 52.04284
v -247.325 28.12298 52.14962
v -247.32 27.98716 52.21704
v -246.9421 27.98716 51.79987
v -246.9886 28.13419 51.79557
v -247.0616 28.09808 51.69826
v -247.0614 27.98584 51.65527
v -246.9886 28.13419 51.79557
v -247.0571 28.09942 51.88108
v -247.1214 28.05696 51.81365
v -247.0616 28.09808 51.69826
v -247.0571 28.09942 51.88108
v -247.0667 27.98862 51.92131
v -247.1758 27.98716 51.80852
v -247.1214 28.05696 51.81365
v -247.0614 27.98584 51.65527
v -247.0616 28.09808 51.69826
v -247.1214 28.05696 51.81365
v -247.1758 27.98716 51.80852
v -247.0667 27.98862 51.92131
v -247.0571 28.09942 51.88108
v -246.9886 28.13419 51.79557
v -246.9421 27.98716 51.79987
v -247.051 27.98716 51.98315
v -247.0586 28.12298 51.94087
v -247.0765 28.09735 51.69075
v -247.0639 27.98584 51.66993
v -247.0586 28.12298 51.94087
v -247.1271 28.09831 51.92327
v -247.182 28.06817 51.69592
v -247.0765 28.09735 51.69075
v -247.1271 28.09831 51.92327
v -247.1712 27.98862 51.9705
v -247.1901 27.98716 51.67215
v -247.182 28.06817 51.69592
v -247.0639 27.98584 51.66993
v -247.0765 28.09735 51.69075
v -247.182 28.06817 51.69592
v -247.1901 27.98716 51.67215
v -247.1712 27.98862 51.9705
v -247.1271 28.09831 51.92327
v -247.0586 28.12298 51.94087
v -247.051 27.98716 51.98315
v -247.5342 27.98716 51.95334
v -247.4728 28.12298 51.92522
v -247.3478 28.09735 52.02454
v -247.3478 27.98584 52.02454
v -247.4728 28.12298 51.92522
v -247.3836 28.09831 51.85855
v -247.2536 28.06817 51.90266
v -247.3478 28.09735 52.02454
v -247.3836 28.09831 51.85855
v -247.4087 27.98862 51.7964
v -247.2304 27.98716 51.85956
v -247.2536 28.06817 51.90266
v -247.3478 27.98584 52.02454
v -247.3478 28.09735 52.02454
v -247.2536 28.06817 51.90266
v -247.2304 27.98716 51.85956
v -247.4087 27.98862 51.7964
v -247.3836 28.09831 51.85855
v -247.4728 28.12298 51.92522
v -247.5342 27.98716 51.95334
v -247.4685 27.9887 51.62354
v -247.427 28.07691 51.63807
v -247.3929 28.06026 51.72818
v -247.3952 27.98784 51.74383
v -247.427 28.07691 51.63807
v -247.3649 28.06088 51.61779
v -247.3506 28.04131 51.72012
v -247.3929 28.06026 51.72818
v -247.3649 28.06088 51.61779
v -247.3487 27.98965 51.57738
v -247.3203 27.9887 51.7104
v -247.3506 28.04131 51.72012
v -247.3952 27.98784 51.74383
v -247.3929 28.06026 51.72818
v -247.3506 28.04131 51.72012
v -247.3203 27.9887 51.7104
v -247.3487 27.98965 51.57738
v -247.3649 28.06088 51.61779
v -247.427 28.07691 51.63807
v -247.4685 27.9887 51.62354
v -246.9712 27.9887 52.2456
v -246.979 28.07691 52.28881
v -247.0783 28.06026 52.31867
v -247.0783 27.98784 52.31867
v -246.979 28.07691 52.28881
v -246.9765 28.06088 52.36108
v -247.0481 28.04131 52.41408
v -247.0783 28.06026 52.31867
v -246.9765 28.06088 52.36108
v -246.934 27.98965 52.37069
v -247.0338 27.9887 52.44244
v -247.0481 28.04131 52.41408
v -247.0783 27.98784 52.31867
v -247.0783 28.06026 52.31867
v -247.0481 28.04131 52.41408
v -247.0338 27.9887 52.44244
v -246.934 27.98965 52.37069
v -246.9765 28.06088 52.36108
v -246.979 28.07691 52.28881
v -246.9712 27.9887 52.2456
v -246.8676 27.9887 52.06639
v -246.839 28.08419 52.07664
v -246.8089 28.06073 52.14967
v -246.816 27.98784 52.17667
v -246.839 28.08419 52.07664
v -246.7821 28.06161 52.03396
v -246.7526 28.03403 52.08679
v -246.8089 28.06073 52.14967
v -246.7821 28.06161 52.03396
v -246.7696 27.98965 52.01022
v -246.7192 27.9887 52.09883
v -246.7526 28.03403 52.08679
v -246.816 27.98784 52.17667
v -246.8089 28.06073 52.14967
v -246.7526 28.03403 52.08679
v -246.7192 27.9887 52.09883
v -246.7696 27.98965 52.01022
v -246.7821 28.06161 52.03396
v -246.839 28.08419 52.07664
v -246.8676 27.9887 52.06639
v -247.1902 27.9887 52.28608
v -247.1923 28.07691 52.3139
v -247.2215 28.06026 52.47409
v -247.2328 27.98784 52.48514
v -247.1923 28.07691 52.3139
v -247.152 28.06088 52.33607
v -247.1543 28.04131 52.48795
v -247.2215 28.06026 52.47409
v -247.152 28.06088 52.33607
v -247.1166 27.98965 52.31352
v -247.1531 27.9887 52.50421
v -247.1543 28.04131 52.48795
v -247.2328 27.98784 52.48514
v -247.2215 28.06026 52.47409
v -247.1543 28.04131 52.48795
v -247.1531 27.9887 52.50421
v -247.1166 27.98965 52.31352
v -247.152 28.06088 52.33607
v -247.1923 28.07691 52.3139
v -247.1902 27.9887 52.28608
v -247.497 27.99586 51.94626
v -247.5122 28.08068 51.89848
v -247.4672 28.05652 51.81506
v -247.455 27.98346 51.81236
v -247.5122 28.08068 51.89848
v -247.5686 28.06279 51.86654
v -247.5015 28.03596 51.79015
v -247.4672 28.05652 51.81506
v -247.5686 28.06279 51.86654
v -247.6107 27.99357 51.88672
v -247.5295 27.98258 51.77812
v -247.5015 28.03596 51.79015
v -247.455 27.98346 51.81236
v -247.4672 28.05652 51.81506
v -247.5015 28.03596 51.79015
v -247.5295 27.98258 51.77812
v -247.6107 27.99357 51.88672
v -247.5686 28.06279 51.86654
v -247.5122 28.08068 51.89848
v -247.497 27.99586 51.94626
v -247.4197 27.9887 52.35476
v -247.3824 28.07691 52.33173
v -247.2939 28.06026 52.38578
v -247.2939 27.98784 52.38578
v -247.3824 28.07691 52.33173
v -247.3302 28.06088 52.28165
v -247.2429 28.04131 52.29971
v -247.2939 28.06026 52.38578
v -247.3302 28.06088 52.28165
v -247.3514 27.98965 52.2436
v -247.2314 27.9887 52.27007
v -247.2429 28.04131 52.29971
v -247.2939 27.98784 52.38578
v -247.2939 28.06026 52.38578
v -247.2429 28.04131 52.29971
v -247.2314 27.9887 52.27007
v -247.3514 27.98965 52.2436
v -247.3302 28.06088 52.28165
v -247.3824 28.07691 52.33173
v -247.4197 27.9887 52.35476
v -246.8272 27.9887 51.88342
v -246.8386 28.08419 51.8553
v -246.8043 28.06073 51.78416
v -246.7794 27.98784 51.77143
v -246.8386 28.08419 51.8553
v -246.9084 28.06161 51.84137
v -246.8887 28.03403 51.78414
v -246.8043 28.06073 51.78416
v -246.9084 28.06161 51.84137
v -246.9344 27.98965 51.84783
v -246.902 27.9887 51.75124
v -246.8887 28.03403 51.78414
v -246.7794 27.98784 51.77143
v -246.8043 28.06073 51.78416
v -246.8887 28.03403 51.78414
v -246.902 27.9887 51.75124
v -246.9344 27.98965 51.84783
v -246.9084 28.06161 51.84137
v -246.8386 28.08419 51.8553
v -246.8272 27.9887 51.88342
v -247.26 27.9887 51.67956
v -247.2379 28.07691 51.66256
v -247.099 28.06026 51.57753
v -247.0833 27.98784 51.57858
v -247.2379 28.07691 51.66256
v -247.2482 28.06088 51.6178
v -247.1335 28.04131 51.51822
v -247.099 28.06026 51.57753
v -247.2482 28.06088 51.6178
v -247.2887 27.98965 51.60646
v -247.1223 27.9887 51.50644
v -247.1335 28.04131 51.51822
v -247.0833 27.98784 51.57858
v -247.099 28.06026 51.57753
v -247.1335 28.04131 51.51822
v -247.1223 27.9887 51.50644
v -247.2887 27.98965 51.60646
v -247.2482 28.06088 51.6178
v -247.2379 28.07691 51.66256
v -247.26 27.9887 51.67956
v -247.5826 27.9887 52.01275
v -247.548 28.07691 52.03981
v -247.5679 28.06026 52.14152
v -247.5679 27.98784 52.14152
v -247.548 28.07691 52.03981
v -247.4829 28.06088 52.07133
v -247.4695 28.04131 52.15945
v -247.5679 28.06026 52.14152
v -247.4829 28.06088 52.07133
v -247.4546 27.98965 52.03827
v -247.4377 27.9887 52.15998
v -247.4695 28.04131 52.15945
v -247.5679 27.98784 52.14152
v -247.5679 28.06026 52.14152
v -247.4695 28.04131 52.15945
v -247.4377 27.9887 52.15998
v -247.4546 27.98965 52.03827
v -247.4829 28.06088 52.07133
v -247.548 28.07691 52.03981
v -247.5826 27.9887 52.01275
v -247.4935 27.98479 52.91277
v -247.4446 28.0836 52.88975
v -247.1875 27.98479 53.10096
v -247.2232 28.12532 53.0555
v -246.9774 27.98479 52.91027
v -247.1875 27.98479 53.10096
v -247.0573 28.0969 52.88975
v -247.2232 28.12532 53.0555
v -247.0375 27.98479 52.63298
v -246.9774 27.98479 52.91027
v -247.093 28.05583 52.69621
v -247.0573 28.0969 52.88975
v -247.4082 27.98479 52.57746
v -247.3836 28.0381 52.6586
v -247.5177 27.98479 52.73708
v -247.4355 28.10287 52.75916
v -247.4935 27.98479 52.91277
v -247.5177 27.98479 52.73708
v -247.4446 28.0836 52.88975
v -247.4355 28.10287 52.75916
v -247.4059 27.96426 52.57978
v -247.4807 27.96426 52.87903
v -247.5005 28.14013 52.58712
v -247.5826 28.17398 52.85727
v -247.7173 27.96426 52.94008
v -247.7369 28.18438 52.86378
v -247.88 27.96426 52.83868
v -247.832 28.20005 52.75011
v -247.8674 28.10847 52.55959
v -247.8967 27.96426 52.55367
v -247.6438 27.96426 52.42506
v -247.6258 28.06789 52.45304
v -247.4059 27.96426 52.57978
v -247.4059 27.96426 52.57978
v -248.193 27.96426 51.7535
v -248.1629 27.96426 51.47138
v -248.1204 28.15744 51.71094
v -248.0935 28.19851 51.51599
v -248.193 27.96426 51.7535
v -248.1204 28.15744 51.71094
v -247.8586 27.96426 51.92274
v -247.8564 28.13971 51.83799
v -247.8586 27.96426 51.92274
v -247.8564 28.13971 51.83799
v -247.7044 27.96426 51.80566
v -247.7755 28.20448 51.75885
v -247.6722 27.96426 51.63124
v -247.7044 27.96426 51.80566
v -247.7258 28.1852 51.63772
v -247.7755 28.20448 51.75885
v -247.8839 28.22693 51.41079
v -247.7258 28.1852 51.63772
v -248.0935 28.19851 51.51599
v -248.1204 28.15744 51.71094
v -247.7755 28.20448 51.75885
v -247.8564 28.13971 51.83799
v -248.1552 27.99099 51.89415
v -248.1249 28.10943 51.91899
v -248.1454 27.99099 52.11372
v -248.1083 28.11283 52.09887
v -248.1454 27.99099 52.11372
v -248.1083 28.11283 52.09887
v -248.0212 27.99099 52.19346
v -248.0252 28.1361 52.15001
v -247.8385 27.99099 52.14893
v -248.0212 27.99099 52.19346
v -247.8788 28.14039 52.13116
v -248.0252 28.1361 52.15001
v -247.8385 27.99099 52.14893
v -247.8788 28.14039 52.13116
v -247.7778 27.99099 51.91937
v -247.8474 28.16981 51.88755
v -248.1552 27.99099 51.89415
v -247.9592 27.99099 51.79779
v -248.1249 28.10943 51.91899
v -247.9631 28.12283 51.84041
v -247.8474 28.16981 51.88755
v -247.8788 28.14039 52.13116
v -247.9631 28.12283 51.84041
v -248.1249 28.10943 51.91899
v -248.0252 28.1361 52.15001
v -248.1083 28.11283 52.09887
v -247.4734 27.97899 51.51136
v -247.7339 27.97899 51.60365
v -247.5378 28.23326 51.47486
v -247.7758 28.16856 51.55025
v -247.8967 27.97899 51.45715
v -247.8629 28.16856 51.44108
v -247.9015 27.97899 51.28541
v -247.837 28.23326 51.32191
v -247.7025 28.15757 51.17715
v -247.6968 27.97899 51.13186
v -247.4755 27.97899 51.2571
v -247.4937 28.15757 51.29535
v -247.4734 27.97899 51.51136
v -247.4734 27.97899 51.51136
v -246.6542 27.99059 51.68154
v -246.7838 27.99059 51.57456
v -246.6515 28.10502 51.63174
v -246.7391 28.12935 51.55479
v -246.6542 27.99059 51.68154
v -246.6515 28.10502 51.63174
v -246.4613 27.99059 51.57145
v -246.5025 28.09451 51.5427
v -246.4613 27.99059 51.57145
v -246.5025 28.09451 51.5427
v -246.4689 27.99059 51.45702
v -246.5152 28.13288 51.47689
v -246.5446 27.99059 51.38416
v -246.4689 27.99059 51.45702
v -246.5589 28.12146 51.4128
v -246.5152 28.13288 51.47689
v -246.7227 28.14618 51.41685
v -246.5589 28.12146 51.4128
v -246.7391 28.12935 51.55479
v -246.6515 28.10502 51.63174
v -246.5152 28.13288 51.47689
v -246.5025 28.09451 51.5427
v -246.9832 27.98961 51.01208
v -247.0271 28.05584 51.038
v -247.2554 27.98961 50.92585
v -247.2539 28.06026 50.97771
v -247.2554 27.98961 50.92585
v -247.2539 28.06026 50.97771
v -247.4082 27.98961 51.04161
v -247.3535 28.09048 51.05621
v -247.4357 27.98961 51.28439
v -247.4082 27.98961 51.04161
v -247.396 28.09606 51.24317
v -247.3535 28.09048 51.05621
v -247.4357 27.98961 51.28439
v -247.396 28.09606 51.24317
v -247.1829 27.98961 51.46113
v -247.1129 28.13428 51.3904
v -246.9832 27.98961 51.01208
v -246.9534 27.98961 51.29424
v -247.0271 28.05584 51.038
v -247.0037 28.07325 51.27049
v -247.1129 28.13428 51.3904
v -247.396 28.09606 51.24317
v -247.0037 28.07325 51.27049
v -247.0271 28.05584 51.038
v -247.3535 28.09048 51.05621
v -247.2539 28.06026 50.97771
v -246.1829 27.97509 51.87909
v -246.2247 28.15915 51.85751
v -246.2588 27.97509 51.62656
v -246.317 28.23715 51.67599
v -246.4267 27.97509 51.57024
v -246.2588 27.97509 51.62656
v -246.4231 28.17047 51.60858
v -246.317 28.23715 51.67599
v -246.6262 27.97509 51.6757
v -246.4267 27.97509 51.57024
v -246.5597 28.17047 51.65416
v -246.4231 28.17047 51.60858
v -246.6294 27.97509 51.96058
v -246.6262 27.97509 51.6757
v -246.5712 28.23715 51.91114
v -246.5597 28.17047 51.65416
v -246.1829 27.97509 51.87909
v -246.3826 27.97509 52.04874
v -246.2247 28.15915 51.85751
v -246.4132 28.15915 52.01762
v -246.4132 28.15915 52.01762
v -246.5712 28.23715 51.91114
v -246.2247 28.15915 51.85751
v -246.317 28.23715 51.67599
v -246.4231 28.17047 51.60858
v -246.5597 28.17047 51.65416
v -246.6724 27.97467 52.19085
v -246.6134 28.18613 52.25962
v -246.5381 27.97467 52.41149
v -246.4931 27.97467 51.97469
v -246.4587 28.15134 52.0138
v -246.6134 28.18613 52.25962
v -246.5128 28.13058 52.36766
v -246.6134 28.18613 52.25962
v -246.2749 27.97467 52.01773
v -246.3001 28.11473 52.36377
v -246.2799 27.97467 52.40551
v -246.1813 27.97467 52.16501
v -246.2285 28.11875 52.16251
v -246.2923 28.14626 52.06632
v -246.5219 27.98992 52.60702
v -246.5689 28.08102 52.56856
v -246.4574 27.99663 52.46967
v -246.5535 28.11952 52.44995
v -246.5013 27.96717 52.38242
v -246.4574 27.99663 52.46967
v -246.5553 28.06829 52.38598
v -246.5535 28.11952 52.44995
v -246.6175 27.91695 52.35304
v -246.5013 27.96717 52.38242
v -246.625 28.03626 52.3544
v -246.5553 28.06829 52.38598
v -246.7247 27.89116 52.47466
v -246.6175 27.91695 52.35304
v -246.7391 28.04666 52.45599
v -246.625 28.03626 52.3544
v -246.5219 27.98992 52.60702
v -246.6622 27.934 52.60524
v -246.5689 28.08102 52.56856
v -246.7012 28.02823 52.56687
v -246.7012 28.02823 52.56687
v -246.7391 28.04666 52.45599
v -246.5689 28.08102 52.56856
v -246.5535 28.11952 52.44995
v -246.5553 28.06829 52.38598
v -246.625 28.03626 52.3544
v -246.7945 28.00021 52.94863
v -246.8006 28.10644 52.91396
v -246.6725 28.00021 52.79382
v -246.7063 28.10949 52.78217
v -246.6725 28.00021 52.79382
v -246.7063 28.10949 52.78217
v -246.71 28.00021 52.66689
v -246.7328 28.13035 52.69871
v -246.8602 28.00021 52.58998
v -246.71 28.00021 52.66689
v -246.8432 28.1342 52.62568
v -246.7328 28.13035 52.69871
v -246.8602 28.00021 52.58998
v -246.8432 28.1342 52.62568
v -247.0359 28.00021 52.7102
v -247.0073 28.16059 52.77265
v -246.7945 28.00021 52.94863
v -246.9841 28.00021 52.89911
v -246.8006 28.10644 52.91396
v -246.9565 28.11846 52.87243
v -247.0073 28.16059 52.77265
v -246.8432 28.1342 52.62568
v -246.9565 28.11846 52.87243
v -246.8006 28.10644 52.91396
v -246.7328 28.13035 52.69871
v -246.7063 28.10949 52.78217

vn -0.03363301 0.9789043 -0.2015317
vn 0.037722 0.9965113 -0.07444683
vn -0.03363301 0.9789043 -0.2015322
vn -0.03363301 0.9789043 -0.2015322
vn -0.004617839 0.9800703 -0.198597
vn 0.1262417 0.9905577 -0.05346498
vn 0.02082422 0.8326763 -0.5533683
vn 0.09638693 0.7204535 -0.6867723
vn 0.04710681 0.797188 -0.6018906
vn 0.1049244 0.7057586 -0.7006394
vn 0.7494838 0.2005473 -0.6309159
vn 0.7809195 0.1454106 -0.6074705
vn 0.7931698 0.1218309 -0.5966898
vn 0.7809195 0.1454106 -0.6074705
vn 0.8240628 0.05511853 -0.5638105
vn -0.3887881 0.2822941 -0.877014
vn -0.4230555 0.2503057 -0.870845
vn -0.4228525 0.2504995 -0.8708879
vn -0.4612394 0.2128817 -0.8613592
vn -0.4228525 0.2504995 -0.8708879
vn 0.5552987 0.06888157 -0.8287933
vn 0.5039626 0.1146696 -0.8560798
vn 0.4978922 0.1198862 -0.8589124
vn 0.5039626 0.1146696 -0.8560798
vn 0.2509763 0.3043518 -0.9189018
vn -0.1134705 0.2005443 -0.9730911
vn -0.07658362 0.1454076 -0.9864033
vn -0.06083732 0.121828 -0.9906849
vn -0.07658362 0.1454076 -0.9864033
vn -0.01637724 0.05511554 -0.9983457
vn -0.9460838 0.2822925 -0.1588594
vn -0.9598192 0.2503048 -0.1268643
vn -0.9597432 0.2504986 -0.1270573
vn -0.9729452 0.2128816 -0.089773
vn -0.9597432 0.2504986 -0.1270573
vn 0.5846086 0.1101948 0.8037972
vn 0.6080109 0.1523626 0.7791715
vn 0.6555002 0.2486399 0.7130902
vn 0.6080109 0.1523626 0.7791715
vn 0.736509 0.5531232 0.3893701
vn -0.3346328 0.1028046 0.9367242
vn -0.3983333 0.1898279 0.8973826
vn -0.3971163 0.1881197 0.8982814
vn -0.3983333 0.1898279 0.8973826
vn -0.4476373 0.2607744 0.8553464
vn -0.8665706 -0.1677381 0.4700203
vn -0.9157315 -0.104161 0.3880543
vn -0.9148706 -0.1054402 0.3897361
vn -0.9157315 -0.104161 0.3880543
vn -0.9476182 -0.04986922 0.315488
vn -0.9620018 0.06888443 0.2642108
vn -0.9409888 0.1146725 0.3184182
vn -0.9382466 0.1198891 0.3245302
vn -0.9409888 0.1146725 0.3184182
vn -0.7906013 0.3043548 0.5313357
vn -0.6590583 -0.4857736 0.5741656
vn -0.6751588 -0.4620692 0.5750238
vn 0.1553766 -0.9530665 0.2598507
vn 0.1472582 -0.9530231 0.2646922
vn 0.8249789 -0.4647696 -0.3215569
vn 0.8135821 -0.4961978 -0.3031034
vn 0.6590582 0.4857742 -0.5741652
vn 0.6751589 0.4620696 -0.5750235
vn -0.1472585 0.9530231 -0.2646918
vn -0.1553775 0.9530665 -0.2598501
vn -0.8135816 0.4961985 0.3031039
vn -0.8249784 0.4647702 0.3215576
vn -0.6751588 -0.4620692 0.5750238
vn -0.6590583 -0.4857736 0.5741656
vn -0.484821 -0.2445315 -0.8397338
vn -0.484821 -0.2445314 -0.8397338
vn -0.4848209 -0.2445315 -0.8397338
vn -0.4848209 -0.2445315 -0.8397339
vn -0.484821 -0.2445315 -0.8397338
vn -0.484821 -0.2445314 -0.8397338
vn 0.4848216 0.2445314 0.8397334
vn 0.4848216 0.2445314 0.8397334
vn 0.4848216 0.2445313 0.8397334
vn 0.4848216 0.2445314 0.8397334
vn 0.4848216 0.2445314 0.8397334
vn 0.4848216 0.2445314 0.8397334
vn 0.3310534 -0.8132589 -0.4785535
vn 0.3310532 -0.8132588 -0.4785538
vn -0.1929673 -0.1203394 -0.9737977
vn -0.1929677 -0.1203388 -0.9737977
vn -0.5240204 0.6929185 -0.4952439
vn -0.5240204 0.6929189 -0.4952433
vn -0.3310528 0.8132579 0.4785556
vn -0.3310531 0.8132581 0.4785551
vn 0.1929682 0.1203387 0.9737976
vn 0.192968 0.1203391 0.9737976
vn 0.5240207 -0.6929188 0.4952431
vn 0.5240207 -0.6929188 0.4952432
vn 0.3310532 -0.8132588 -0.4785538
vn 0.3310534 -0.8132589 -0.4785535
vn -0.8479658 -0.4788829 0.2272117
vn -0.8479657 -0.4788829 0.2272117
vn -0.8479657 -0.478883 0.2272117
vn -0.8479657 -0.4788829 0.2272117
vn -0.8479658 -0.4788829 0.2272117
vn -0.8479657 -0.4788829 0.2272117
vn 0.8479658 0.4788832 -0.2272107
vn 0.8479658 0.4788832 -0.2272107
vn 0.8479658 0.4788832 -0.2272107
vn 0.8479658 0.4788832 -0.2272106
vn 0.8479658 0.4788831 -0.2272106
vn 0.8479658 0.4788832 -0.2272106
vn 0.04387446 0.7924298 -0.6083831
vn 0.04387441 0.7924297 -0.6083832
vn -0.2791262 -0.08772158 -0.9562393
vn -0.2791263 -0.08772246 -0.956239
vn -0.3230007 -0.8801518 -0.3478553
vn -0.3230007 -0.8801516 -0.3478556
vn -0.04387429 -0.792429 0.6083841
vn -0.04387452 -0.7924293 0.6083836
vn 0.2791261 0.08772287 0.9562391
vn 0.2791261 0.08772328 0.956239
vn 0.3230004 0.8801519 0.3478553
vn 0.3230005 0.8801517 0.3478557
vn 0.04387441 0.7924297 -0.6083832
vn 0.04387446 0.7924298 -0.6083831
vn 0.9366018 -0.2445316 -0.2509611
vn 0.9366018 -0.2445316 -0.2509611
vn 0.9366018 -0.2445316 -0.2509609
vn 0.9366018 -0.2445316 -0.2509609
vn 0.9366018 -0.2445316 -0.2509609
vn 0.9366018 -0.2445316 -0.2509611
vn -0.9366019 0.2445296 0.2509622
vn -0.9366019 0.2445296 0.2509622
vn -0.9366019 0.2445296 0.2509621
vn -0.9366019 0.2445295 0.2509621
vn -0.9366019 0.2445296 0.2509621
vn -0.9366019 0.2445295 0.2509621
vn 0.9077308 -0.4020024 -0.1200774
vn 0.9179908 -0.3800111 -0.1135086
vn 0.1047506 -0.9528974 -0.2846294
vn 0.1019214 -0.953179 -0.2847136
vn -0.8158336 -0.5540961 -0.1655082
vn -0.8027442 -0.5713784 -0.1706704
vn -0.9077308 0.4020023 0.120078
vn -0.9179908 0.3800109 0.1135091
vn -0.1019208 0.9531791 0.2847136
vn -0.10475 0.9528974 0.2846294
vn 0.8027443 0.5713785 0.1706698
vn 0.8158337 0.5540962 0.1655076
vn 0.9179908 -0.3800111 -0.1135086
vn 0.9077308 -0.4020024 -0.1200774
vn -1.192093E-07 -0.2445306 0.9696416
vn -1.192093E-07 -0.2445306 0.9696416
vn -1.192093E-07 -0.2445306 0.9696416
vn -1.192093E-07 -0.2445306 0.9696416
vn -1.192093E-07 -0.2445306 0.9696416
vn -1.192093E-07 -0.2445306 0.9696416
vn 1.192093E-07 0.2445302 -0.9696416
vn 1.192093E-07 0.2445302 -0.9696416
vn 1.192093E-07 0.2445302 -0.9696416
vn 1.192093E-07 0.2445302 -0.9696416
vn 1.192093E-07 0.2445302 -0.9696416
vn 1.192093E-07 0.2445302 -0.9696416
vn 0.248913 -0.8132587 0.5259777
vn 0.2489135 -0.8132585 0.5259778
vn 0.939817 -0.12034 0.3197848
vn 0.939817 -0.1203398 0.3197846
vn 0.6909039 0.6929185 -0.206193
vn 0.6909038 0.6929186 -0.206193
vn -0.2489133 0.8132588 -0.5259774
vn -0.2489134 0.8132588 -0.5259774
vn -0.9398172 0.1203402 -0.3197838
vn -0.9398172 0.1203403 -0.3197838
vn -0.6909043 -0.6929181 0.2061934
vn -0.6909047 -0.6929178 0.206193
vn 0.2489135 -0.8132585 0.5259778
vn 0.248913 -0.8132587 0.5259777
vn 0.2272116 -0.478882 -0.8479663
vn 0.2272116 -0.478882 -0.8479663
vn 0.2272116 -0.478882 -0.8479663
vn 0.2272115 -0.478882 -0.8479663
vn 0.2272116 -0.478882 -0.8479663
vn 0.2272116 -0.478882 -0.8479663
vn -0.2272121 0.4788817 0.8479663
vn -0.2272121 0.4788816 0.8479663
vn -0.2272121 0.4788816 0.8479663
vn -0.2272121 0.4788816 0.8479663
vn -0.2272121 0.4788816 0.8479663
vn -0.2272121 0.4788817 0.8479663
vn 0.5093697 0.6836511 -0.5226506
vn 0.50937 0.6836507 -0.5226508
vn 0.6823822 -0.2900328 -0.6709958
vn 0.6823825 -0.2900315 -0.670996
vn 0.1730141 -0.9736833 -0.1483469
vn 0.173014 -0.9736833 -0.1483469
vn -0.5093693 -0.6836519 0.5226499
vn -0.5093693 -0.6836518 0.52265
vn -0.6823825 0.2900321 0.6709959
vn -0.6823822 0.2900328 0.6709957
vn -0.1730136 0.9736835 0.1483461
vn -0.1730133 0.9736837 0.1483457
vn 0.50937 0.6836507 -0.5226508
vn 0.5093697 0.6836511 -0.5226506
vn 0.7047284 0.0171609 0.7092695
vn 0.7047284 0.0171609 0.7092695
vn 0.7047284 0.0171609 0.7092695
vn 0.7047284 0.0171609 0.7092695
vn 0.7047284 0.0171609 0.7092695
vn 0.7047284 0.0171609 0.7092695
vn -0.7047293 -0.01715989 -0.7092687
vn -0.7047293 -0.01715989 -0.7092687
vn -0.7047293 -0.01715989 -0.7092687
vn -0.7047293 -0.01715988 -0.7092687
vn -0.7047293 -0.01715989 -0.7092687
vn -0.7047293 -0.01715988 -0.7092687
vn 0.01189884 0.2363286 0.9716003
vn 0.01189884 0.2363286 0.9716003
vn 0.01189884 0.2363286 0.9716003
vn 0.01189884 0.2363286 0.9716003
vn 0.2364192 0.9366271 -0.2585257
vn 0.2364192 0.9366271 -0.2585257
vn 0.2364192 0.936627 -0.2585257
vn 0.2364192 0.9366271 -0.2585257
vn 0.3019928 0.3944887 -0.8678587
vn 0.3019928 0.3944888 -0.8678587
vn 0.3019928 0.3944888 -0.8678587
vn 0.3019928 0.3944888 -0.8678588
vn 0.9854038 0.1221098 0.1186106
vn 0.9854038 0.1221099 0.1186106
vn 0.9854038 0.1221099 0.1186106
vn 0.9854038 0.1221098 0.1186106
vn -0.924261 0.3526283 -0.1462703
vn -0.924261 0.3526283 -0.1462703
vn -0.924261 0.3526282 -0.1462703
vn -0.924261 0.3526282 -0.1462703
vn -0.9773739 0.2115143 0.001354992
vn -0.9773739 0.2115143 0.001354992
vn -0.9773739 0.2115143 0.001354992
vn -0.9773739 0.2115143 0.001354992
vn 0.1515252 0.9702021 0.1890714
vn 0.1515252 0.9702021 0.1890714
vn 0.1515252 0.9702021 0.1890714
vn 0.1515253 0.9702021 0.1890714
vn 0.8869116 0.4529289 -0.09079194
vn 0.8869116 0.452929 -0.09079194
vn 0.8869116 0.452929 -0.09079194
vn 0.8869116 0.452929 -0.09079194
vn -0.1518174 -0.03654664 0.9877326
vn -0.1518174 -0.03654664 0.9877325
vn -0.1518174 -0.03654664 0.9877325
vn -0.1518174 -0.03654664 0.9877326
vn 0.2837586 0.3275416 -0.90122
vn 0.2837587 0.3275416 -0.90122
vn 0.2837587 0.3275416 -0.90122
vn 0.2837587 0.3275416 -0.90122
vn -0.02939451 0.2277667 0.973272
vn -0.02939451 0.2277667 0.973272
vn -0.02939451 0.2277667 0.973272
vn -0.02939452 0.2277667 0.973272
vn 0.3304343 0.8647232 -0.3782418
vn 0.3304342 0.8647232 -0.3782418
vn 0.3304343 0.8647232 -0.3782418
vn 0.3304342 0.8647233 -0.3782418
vn 0.03137277 0.3686887 -0.9290233
vn 0.03137277 0.3686887 -0.9290233
vn 0.03137277 0.3686887 -0.9290233
vn 0.03137277 0.3686887 -0.9290233
vn 0.8860098 0.3635433 -0.2877896
vn 0.8860098 0.3635433 -0.2877896
vn 0.8860098 0.3635433 -0.2877896
vn 0.8860098 0.3635433 -0.2877896
vn -0.974018 0.2177619 0.06219614
vn -0.974018 0.2177619 0.06219614
vn -0.974018 0.2177619 0.06219614
vn -0.974018 0.217762 0.06219614
vn -0.6205845 0.07625932 0.7804224
vn -0.6205844 0.07625932 0.7804225
vn -0.6205844 0.07625932 0.7804225
vn -0.6205844 0.07625932 0.7804225
vn 0.2438309 0.9544907 -0.1717381
vn 0.2438309 0.9544907 -0.1717381
vn 0.2438309 0.9544907 -0.1717381
vn 0.2438309 0.9544907 -0.1717381
vn 0.5487497 0.2757356 -0.7892044
vn 0.5487497 0.2757356 -0.7892044
vn 0.5487497 0.2757356 -0.7892044
vn 0.5487497 0.2757356 -0.7892044
vn 0.7635241 0.2239522 0.6057031
vn 0.7635242 0.2239523 0.6057031
vn 0.7635241 0.2239522 0.6057031
vn 0.7635242 0.2239523 0.6057031
vn -0.5528957 0.3612035 -0.7508917
vn -0.5528957 0.3612034 -0.7508916
vn -0.5528957 0.3612034 -0.7508917
vn -0.5528957 0.3612034 -0.7508917
vn 0.7065136 0.2505244 -0.6618731
vn 0.7065136 0.2505244 -0.6618731
vn 0.7065136 0.2505244 -0.6618731
vn 0.7065136 0.2505244 -0.6618731
vn -0.4110998 0.9100158 -0.05355537
vn -0.4110997 0.9100158 -0.05355534
vn -0.4110998 0.9100158 -0.05355534
vn -0.4110998 0.9100158 -0.05355534
vn -0.8762379 0.3544025 0.3265055
vn -0.8762379 0.3544025 0.3265057
vn -0.8762379 0.3544025 0.3265056
vn -0.8762379 0.3544025 0.3265057
vn -0.5661175 0.0437986 -0.82316
vn -0.5661175 0.0437986 -0.82316
vn -0.5661175 0.0437986 -0.82316
vn -0.5661175 0.0437986 -0.8231601
vn 0.4739583 0.4239081 0.7717935
vn 0.4739583 0.4239081 0.7717935
vn 0.4739583 0.4239082 0.7717935
vn 0.4739583 0.4239081 0.7717935
vn 0.6528599 0.2115125 0.7273486
vn 0.6528599 0.2115125 0.7273487
vn 0.65286 0.2115125 0.7273487
vn 0.6528599 0.2115125 0.7273487
vn 0.03981987 0.9702018 -0.2390039
vn 0.03981987 0.9702018 -0.2390039
vn 0.03981987 0.9702018 -0.2390039
vn 0.03981987 0.9702018 -0.2390039
vn -0.6591731 0.4529318 -0.6002861
vn -0.6591731 0.4529318 -0.600286
vn -0.6591731 0.4529318 -0.6002861
vn -0.6591731 0.4529318 -0.6002861
vn 0.8372191 -0.03654656 -0.5456449
vn 0.8372191 -0.03654656 -0.5456449
vn 0.8372191 -0.03654656 -0.5456449
vn 0.8372191 -0.03654656 -0.5456448
vn -0.8607557 0.3275468 0.3896314
vn -0.8607557 0.3275468 0.3896314
vn -0.8607557 0.3275468 0.3896314
vn -0.8607557 0.3275468 0.3896314
vn 0.7447979 0.2277683 -0.6272142
vn 0.7447979 0.2277683 -0.6272142
vn 0.7447979 0.2277683 -0.6272142
vn 0.7447979 0.2277683 -0.6272142
vn -0.5022108 0.8647239 0.006060958
vn -0.5022108 0.8647239 0.006060958
vn -0.5022108 0.8647239 0.006060958
vn -0.5022108 0.8647239 0.006060958
vn -0.7131434 0.3686895 0.5962335
vn -0.7131433 0.3686895 0.5962335
vn -0.7131434 0.3686895 0.5962336
vn -0.7131433 0.3686896 0.5962335
vn -0.8053548 0.3635384 -0.4682342
vn -0.8053548 0.3635384 -0.4682342
vn -0.8053548 0.3635384 -0.4682342
vn -0.8053548 0.3635384 -0.4682342
vn 0.6959624 0.217764 0.6842623
vn 0.6959624 0.217764 0.6842623
vn 0.6959624 0.217764 0.6842623
vn 0.6959624 0.217764 0.6842624
vn 0.9953942 0.07625989 -0.05809379
vn 0.9953942 0.07625988 -0.05809379
vn 0.9953942 0.07625989 -0.05809379
vn 0.9953942 0.07625988 -0.05809379
vn -0.2905849 0.9544907 -0.06714046
vn -0.2905849 0.9544907 -0.06714046
vn -0.2905849 0.9544907 -0.06714046
vn -0.2905849 0.9544908 -0.06714046
vn -0.9540277 0.2757339 0.1174812
vn -0.9540277 0.2757339 0.1174812
vn -0.9540277 0.275734 0.1174812
vn -0.9540277 0.275734 0.1174812
vn -0.05791217 0.2239523 -0.9728779
vn -0.05791217 0.2239524 -0.9728779
vn -0.05791217 0.2239524 -0.9728779
vn -0.05791217 0.2239524 -0.9728779
vn -0.1907412 0.3612083 0.9127685
vn -0.1907412 0.3612084 0.9127685
vn -0.1907412 0.3612083 0.9127684
vn -0.1907412 0.3612084 0.9127685
vn -0.4553634 0.2115149 0.8648154
vn -0.4553634 0.2115149 0.8648154
vn -0.4553634 0.2115149 0.8648154
vn -0.4553634 0.2115149 0.8648154
vn 0.2379581 0.9702018 -0.04565531
vn 0.2379581 0.9702018 -0.04565533
vn 0.2379581 0.9702018 -0.04565531
vn 0.2379581 0.9702018 -0.04565531
vn 0.3340231 0.452932 -0.8266082
vn 0.3340231 0.4529321 -0.8266081
vn 0.3340232 0.4529321 -0.8266082
vn 0.3340231 0.4529321 -0.8266081
vn 0.8024231 -0.03654637 0.5956353
vn 0.8024231 -0.03654638 0.5956353
vn 0.8024231 -0.03654638 0.5956353
vn 0.8024231 -0.03654638 0.5956353
vn -0.6642933 0.3275438 -0.6718848
vn -0.6642933 0.3275438 -0.6718847
vn -0.6642933 0.3275438 -0.6718848
vn -0.6642933 0.3275438 -0.6718848
vn -0.8572949 0.2363245 0.4573795
vn -0.8572949 0.2363245 0.4573795
vn -0.8572949 0.2363245 0.4573796
vn -0.8572949 0.2363245 0.4573795
vn 0.3382885 0.9366274 0.09104839
vn 0.3382885 0.9366274 0.09104839
vn 0.3382885 0.9366274 0.09104839
vn 0.3382885 0.9366274 0.09104839
vn 0.9095235 0.3944902 -0.1309357
vn 0.9095237 0.3944902 -0.1309357
vn 0.9095235 0.3944902 -0.1309357
vn 0.9095237 0.3944902 -0.1309357
vn 0.3478306 0.1221112 0.9295713
vn 0.3478306 0.1221112 0.9295713
vn 0.3478307 0.1221112 0.9295712
vn 0.3478306 0.1221112 0.9295713
vn -0.2951526 0.3526279 -0.8879968
vn -0.2951526 0.3526279 -0.8879968
vn -0.2951526 0.3526279 -0.8879968
vn -0.2951526 0.3526279 -0.8879968
vn -0.4506672 0.2115149 -0.8672718
vn -0.4506673 0.2115149 -0.8672718
vn -0.4506673 0.2115149 -0.8672718
vn -0.4506673 0.2115149 -0.8672718
vn -0.09821104 0.970202 0.2215006
vn -0.09821104 0.970202 0.2215006
vn -0.09821104 0.970202 0.2215007
vn -0.09821103 0.970202 0.2215006
vn 0.4884881 0.452933 0.745809
vn 0.4884881 0.452933 0.745809
vn 0.488488 0.452933 0.745809
vn 0.4884881 0.452933 0.745809
vn -0.9469075 -0.03654774 0.3194214
vn -0.9469075 -0.03654774 0.3194214
vn -0.9469075 -0.03654774 0.3194214
vn -0.9469075 -0.03654774 0.3194215
vn 0.9307619 0.3275421 -0.162475
vn 0.9307621 0.3275421 -0.162475
vn 0.9307619 0.3275421 -0.162475
vn 0.9307619 0.3275421 -0.162475
vn -0.8777709 0.2277659 0.4214746
vn -0.8777709 0.2277659 0.4214746
vn -0.8777709 0.2277659 0.4214746
vn -0.8777709 0.2277659 0.4214746
vn 0.4878308 0.8647227 0.1194805
vn 0.4878308 0.8647228 0.1194805
vn 0.4878308 0.8647227 0.1194805
vn 0.4878308 0.8647227 0.1194805
vn 0.8393877 0.3686942 -0.3993654
vn 0.8393877 0.3686942 -0.3993654
vn 0.8393877 0.3686942 -0.3993654
vn 0.8393877 0.3686942 -0.3993655
vn 0.6630014 0.3635455 0.6544186
vn 0.6630013 0.3635455 0.6544186
vn 0.6630014 0.3635455 0.6544186
vn 0.6630013 0.3635455 0.6544187
vn -0.5031499 0.2177635 -0.8363127
vn -0.5031499 0.2177634 -0.8363127
vn -0.5031499 0.2177635 -0.8363127
vn -0.5031499 0.2177634 -0.8363127
vn -0.9783926 0.07626106 -0.1921769
vn -0.9783926 0.07626105 -0.1921769
vn -0.9783926 0.07626106 -0.1921769
vn -0.9783926 0.07626106 -0.1921769
vn 0.2646328 0.9544902 0.1375422
vn 0.2646328 0.9544902 0.1375422
vn 0.2646328 0.9544902 0.1375422
vn 0.2646328 0.9544902 0.1375422
vn 0.953156 0.2757367 0.1243497
vn 0.953156 0.2757367 0.1243497
vn 0.953156 0.2757367 0.1243497
vn 0.953156 0.2757367 0.1243497
vn -0.1867373 0.2239562 0.9565421
vn -0.1867373 0.2239562 0.9565421
vn -0.1867372 0.2239561 0.9565421
vn -0.1867373 0.2239562 0.9565421
vn 0.4125158 0.361205 -0.8362784
vn 0.4125158 0.361205 -0.8362783
vn 0.4125158 0.361205 -0.8362784
vn 0.4125158 0.361205 -0.8362784
vn 0.9126397 0.2505243 0.3229955
vn 0.9126397 0.2505243 0.3229955
vn 0.9126397 0.2505243 0.3229955
vn 0.9126397 0.2505243 0.3229955
vn -0.1414967 0.9100164 -0.389678
vn -0.1414966 0.9100164 -0.3896779
vn -0.1414966 0.9100164 -0.389678
vn -0.1414967 0.9100164 -0.3896781
vn -0.6928857 0.3544076 -0.6279367
vn -0.6928858 0.3544076 -0.6279367
vn -0.6928858 0.3544076 -0.6279367
vn -0.6928858 0.3544076 -0.6279367
vn 0.4706127 0.04379911 -0.8812522
vn 0.4706128 0.04379911 -0.8812519
vn 0.4706128 0.0437991 -0.8812519
vn 0.4706128 0.0437991 -0.8812519
vn -0.4673871 0.4239079 0.7757908
vn -0.4673871 0.4239078 0.7757908
vn -0.4673871 0.4239079 0.7757908
vn -0.4673871 0.4239079 0.7757908
vn -0.3456409 0.2115134 0.9142178
vn -0.3456408 0.2115134 0.9142178
vn -0.3456408 0.2115134 0.9142178
vn -0.3456409 0.2115134 0.9142178
vn 0.2305442 0.9702018 -0.0745524
vn 0.2305442 0.9702018 -0.0745524
vn 0.2305442 0.9702017 -0.07455239
vn 0.2305441 0.9702018 -0.07455237
vn 0.2299138 0.4529358 -0.8613877
vn 0.2299138 0.4529358 -0.8613877
vn 0.2299138 0.4529358 -0.8613877
vn 0.2299138 0.4529358 -0.8613877
vn 0.8695418 -0.03654201 0.4925056
vn 0.8695418 -0.036542 0.4925056
vn 0.8695418 -0.03654201 0.4925056
vn 0.8695418 -0.03654201 0.4925056
vn -0.7418205 0.3275394 -0.5851666
vn -0.7418205 0.3275394 -0.5851667
vn -0.7418206 0.3275394 -0.5851667
vn -0.7418205 0.3275394 -0.5851666
vn 0.8994684 0.2277631 0.3729348
vn 0.8994684 0.2277631 0.3729348
vn 0.8994684 0.2277631 0.3729348
vn 0.8994684 0.2277631 0.3729348
vn -0.2363295 0.864722 -0.4431753
vn -0.2363295 0.864722 -0.4431753
vn -0.2363296 0.864722 -0.4431753
vn -0.2363296 0.864722 -0.4431753
vn -0.8574015 0.3686885 -0.3590701
vn -0.8574015 0.3686885 -0.3590701
vn -0.8574015 0.3686886 -0.3590701
vn -0.8574015 0.3686885 -0.3590701
vn 0.04542626 0.3635389 -0.9304708
vn 0.04542626 0.3635389 -0.9304707
vn 0.04542626 0.3635389 -0.9304707
vn 0.04542626 0.3635389 -0.9304707
vn -0.2875681 0.2177639 0.9326754
vn -0.2875681 0.2177639 0.9326754
vn -0.2875682 0.2177639 0.9326754
vn -0.2875682 0.2177639 0.9326754
vn 0.509339 0.07626043 0.8571802
vn 0.509339 0.07626043 0.8571802
vn 0.509339 0.07626042 0.8571802
vn 0.509339 0.07626043 0.8571802
vn -0.07401114 0.9544912 -0.2889096
vn -0.07401114 0.9544912 -0.2889096
vn -0.07401115 0.9544912 -0.2889097
vn -0.07401114 0.9544912 -0.2889096
vn -0.5430495 0.2757345 -0.7931378
vn -0.5430495 0.2757344 -0.7931378
vn -0.5430495 0.2757345 -0.7931378
vn -0.5430495 0.2757345 -0.7931378
vn 0.8372656 0.2239564 -0.4988285
vn 0.8372656 0.2239564 -0.4988285
vn 0.8372656 0.2239564 -0.4988285
vn 0.8372656 0.2239564 -0.4988285
vn -0.8982391 0.3612104 0.2503867
vn -0.8982391 0.3612104 0.2503867
vn -0.898239 0.3612104 0.2503867
vn -0.898239 0.3612104 0.2503867
vn -0.9773515 0.2115174 -0.006650031
vn -0.9773515 0.2115174 -0.006650031
vn -0.9773515 0.2115174 -0.006650031
vn -0.9773515 0.2115174 -0.006650031
vn 0.1499719 0.9702018 0.1903076
vn 0.1499719 0.9702018 0.1903076
vn 0.1499719 0.9702018 0.1903076
vn 0.1499719 0.9702018 0.1903076
vn 0.8876225 0.4529349 -0.08352339
vn 0.8876225 0.452935 -0.08352339
vn 0.8876225 0.4529349 -0.08352339
vn 0.8876225 0.4529349 -0.08352339
vn -0.1599028 -0.03654766 0.9864559
vn -0.1599028 -0.03654766 0.9864559
vn -0.1599028 -0.03654766 0.9864559
vn -0.1599028 -0.03654766 0.9864559
vn 0.2911305 0.3275407 -0.8988659
vn 0.2911304 0.3275407 -0.898866
vn 0.2911304 0.3275407 -0.898866
vn 0.2911304 0.3275407 -0.898866
vn -0.476274 0.416226 0.7745444
vn -0.5128128 0.3454618 0.7859257
vn -0.5818184 0.1808848 0.7929489
vn -0.6083302 0.09995063 0.7873653
vn 0.5725391 0.523764 0.6307695
vn 0.6508449 0.4270817 0.6276959
vn 0.6075467 0.4828866 0.6306404
vn 0.686395 0.3759992 0.6224841
vn 0.7074602 0.6899184 -0.1533377
vn 0.7813672 0.5802753 -0.2296644
vn 0.7370574 0.6507722 -0.1823234
vn 0.8078411 0.5283632 -0.2611991
vn -0.5172497 0.7787135 -0.3550467
vn -0.551366 0.6839241 -0.477748
vn -0.564226 0.6243949 -0.5401666
vn -0.575869 0.5190895 -0.6316018
vn -0.8780878 0.4628965 0.1211966
vn -0.8503744 0.5215023 0.06998974
vn -0.8570315 0.5087929 0.08140463
vn -0.8226908 0.5678605 0.02672327
vn 0.8799455 0.4583727 -0.124861
vn 0.7226054 0.4120453 0.5550315
vn 0.5730714 0.7832409 -0.2410868
vn 0.5041161 0.7144421 0.4852209
vn -0.1310568 0.2645095 0.9554363
vn -0.1636644 0.8213252 0.5464786
vn -0.8382124 0.2756437 0.4705534
vn -0.4702969 0.8822178 -0.02263805
vn -0.5876362 0.6616833 -0.465681
vn -0.8632803 0.1940451 -0.465933
vn 0.003843439 0.2136966 -0.9768924
vn 0.11674 0.6192657 -0.7764546
vn 0.8799455 0.4583727 -0.124861
vn 0.8799455 0.4583727 -0.124861
vn -0.9383907 0.3307446 -0.1001534
vn -0.9452235 0.3148562 -0.08612818
vn -0.9447153 0.316082 -0.08720684
vn -0.9527609 0.2956994 -0.0693422
vn -0.4239304 0.3439741 0.8378333
vn -0.4126014 0.3587403 0.8372964
vn -0.3983091 0.3769352 0.8362234
vn -0.3736709 0.4072228 0.8333904
vn 0.5658625 0.3528736 0.7451711
vn 0.5437214 0.3287085 0.772216
vn 0.553377 0.3391882 0.7607399
vn 0.5263683 0.3100852 0.7916965
vn 0.9576063 0.2274133 0.1768422
vn 0.9410249 0.25787 0.219032
vn 0.9230522 0.2855518 0.2577489
vn 0.8920051 0.3252347 0.3139258
vn -0.03142285 0.9789044 0.2018878
vn -0.05921226 0.9965113 0.0588151
vn -0.0314231 0.9789043 0.201888
vn -0.058045 0.9800704 0.1899805
vn -0.1366495 0.9905576 0.01107366
vn -0.1849799 0.8446839 0.5022861
vn -0.9699086 0.2395513 0.04350215
vn -0.9647671 0.2573228 0.05485624
vn -0.9593431 0.2744529 0.06584978
vn -0.9506573 0.2992505 0.08185208
vn -0.5220753 0.2579068 0.8129706
vn -0.5377311 0.2424642 0.8075001
vn -0.5349643 0.2452223 0.8085042
vn -0.5553917 0.2245534 0.800697
vn 0.2330151 0.1766421 0.9562957
vn 0.1823793 0.22524 0.9570813
vn 0.1889752 0.2190206 0.9572451
vn 0.1140008 0.2878346 0.9508706
vn 0.9281853 0.2797182 0.2454172
vn 0.9210321 0.3303874 0.2062621
vn 0.9167327 0.3519751 0.1889829
vn 0.9090961 0.3832573 0.1632732
vn -0.4223998 0.2885055 -0.8592688
vn -0.4321909 0.2745192 -0.858982
vn -0.4279191 0.2806533 -0.8591384
vn -0.4388949 0.2647902 -0.8586369
vn -0.3965225 0.9160875 0.05961132
vn -0.1337982 0.9901732 -0.04068235
vn -0.1844175 0.9828303 -0.005896941
vn -0.0971763 0.9943739 -0.04215793
vn -0.06961478 0.9939721 -0.08469499
vn -0.2734946 0.9618482 0.006991625
vn 0.6995111 0.2412023 0.6726853
vn -0.03789992 0.2146199 0.975962
vn 0.507697 0.7453372 0.4321067
vn -0.2435176 0.5562524 0.7945329
vn -0.9005579 0.1480615 0.4087456
vn -0.7192489 0.6161371 0.3210232
vn -0.829024 0.2411776 -0.5045319
vn -0.4176762 0.859489 -0.2946615
vn -0.04421138 0.6192039 -0.7839845
vn -0.04695337 0.2441353 -0.9686038
vn 0.8271719 0.1967194 -0.5263914
vn 0.7398182 0.5497921 -0.3878112
vn 0.6995111 0.2412023 0.6726853
vn 0.6995111 0.2412023 0.6726853
vn -0.6006808 0.3307448 0.727867
vn -0.5927428 0.314856 0.7412971
vn -0.593363 0.316082 0.7402787
vn -0.5828897 0.2956989 0.7568366
vn 0.465535 0.3439764 0.815449
vn 0.4713292 0.358742 0.8057002
vn 0.478309 0.3769361 0.7931832
vn 0.4895206 0.4072226 0.7710636
vn 0.9336448 0.3528707 -0.06155849
vn 0.9440116 0.3287063 -0.02818334
vn 0.939756 0.3391855 -0.04256266
vn 0.9507047 0.3100835 -0.002970934
vn 0.6752658 0.2274117 -0.7016408
vn 0.7013336 0.2578684 -0.6645561
vn 0.7237365 0.28555 -0.6282249
vn 0.7535042 0.3252325 -0.5713625
vn 0.1511531 0.9789041 0.1374751
vn 0.01644965 0.9965113 0.08182154
vn 0.1511531 0.9789042 0.1374742
vn 0.1265462 0.9800704 0.153127
vn -0.06606182 0.9905576 0.1201311
vn 0.3172028 0.8446863 0.4311466
vn 0.2620494 0.4972724 -0.8270733
vn 0.2557742 0.5095469 -0.8215481
vn 0.2303345 0.5571135 -0.7978538
vn 0.2208275 0.5740328 -0.7884932
vn -0.5182153 0.5132495 -0.6841255
vn -0.5132254 0.4739479 -0.7155229
vn -0.5070264 0.4340408 -0.7446695
vn -0.4975345 0.3827705 -0.7784254
vn -0.9443958 0.3109676 -0.1068429
vn -0.8902301 0.4229004 -0.1692497
vn -0.9262365 0.3536386 -0.1304823
vn -0.8468823 0.4897564 -0.2071927
vn -0.5060301 0.4691119 0.7237869
vn -0.4814155 0.5042788 0.7168975
vn -0.4524947 0.5428844 0.7074779
vn -0.4411419 0.5573066 0.7034225
vn 0.8147084 0.5734509 -0.08604789
vn 0.8547017 0.5062397 -0.1149184
vn 0.8252828 0.55695 -0.09335309
vn 0.865689 0.4850976 -0.123542
vn 0.08062296 0.9160882 -0.392788
vn 0.08428067 0.9901732 -0.111596
vn 0.06906018 0.9828305 -0.1710992
vn 0.07305086 0.9943739 -0.07670724
vn 0.1034913 0.9939721 -0.03618004
vn 0.08764245 0.9618472 -0.2591694
vn 0.9418983 0.1806802 -0.2831641
vn 0.9210982 0.2265384 -0.3166358
vn 0.9198252 0.2290994 -0.3184885
vn 0.9006984 0.2649946 -0.3442675
vn 0.3129861 0.1773626 -0.9330499
vn 0.346837 0.2075191 -0.9146802
vn 0.3703066 0.2285741 -0.9003481
vn 0.3993789 0.2548336 -0.8806566
vn -0.4663907 0.06151044 -0.8824375
vn -0.4206148 0.1009098 -0.9016099
vn -0.4109846 0.1089679 -0.9051064
vn -0.3108821 0.1884854 -0.9315715
vn -0.9765892 0.2148296 -0.01102203
vn -0.9655879 0.2537689 -0.05693179
vn -0.9681239 0.245909 -0.04759115
vn -0.9435867 0.3077644 -0.1221683
vn 0.629974 0.230067 0.7417558
vn 0.6299756 0.2300642 0.7417554
vn 0.6299751 0.2300651 0.7417555
vn 0.6299769 0.2300622 0.741755
vn 0.2533248 0.9202505 0.2982706
vn 0.1185629 0.9863114 0.1145979
vn 0.2517256 0.9269537 0.2781924
vn 0.02081203 0.9995302 0.02249924
vn -0.2549119 0.9105451 -0.3254651
vn -0.08470576 0.963533 -0.2538287
vn -0.9443282 0.2872671 -0.1603798
vn -0.6327978 0.7741109 0.0178678
vn -0.488151 0.2149614 0.8458725
vn -0.4162791 0.2731229 -0.8672459
vn -0.2595543 0.7814676 -0.5673976
vn -0.6327978 0.7741109 0.0178678
vn -0.01274493 0.8619362 0.5068566
vn -0.6327978 0.7741109 0.0178678
vn 0.4922186 0.249102 -0.8340677
vn 0.3577245 0.7905843 0.4970005
vn 0.5252662 0.3118746 0.7917256
vn 0.9550502 0.2958677 -0.01847243
vn 0.8101229 0.5861242 -0.01261735
vn 0.3131997 0.8817254 -0.3527975
vn 0.7480784 0.5451689 0.3783773
vn 0.7389547 0.5851673 0.3339537
vn 0.7383598 0.5873589 0.3314126
vn 0.729039 0.6175895 0.2951023
vn 0.7471358 0.4177516 -0.5169833
vn 0.746936 0.4547879 -0.4850302
vn 0.7457138 0.480357 -0.4617013
vn 0.7428837 0.5118976 -0.4313753
vn 0.2343817 0.02579137 -0.9718024
vn 0.2630262 0.081343 -0.9613534
vn 0.2687902 0.09273481 -0.9587241
vn 0.3238802 0.2057242 -0.9234603
vn -0.7262206 -0.1478661 -0.6713711
vn -0.7034646 -0.101025 -0.7035135
vn -0.7083169 -0.1106034 -0.6971757
vn -0.6663704 -0.03343013 -0.744871
vn -0.1406349 0.3227686 0.9359713
vn -0.1406334 0.3227679 0.9359717
vn -0.1406339 0.3227681 0.9359715
vn -0.1406323 0.3227672 0.9359721
vn -0.3595186 0.8928712 0.2711591
vn -0.3554905 0.9339241 0.03758058
vn -0.3500833 0.9015564 0.2542396
vn -0.3664157 0.9254167 -0.09666124
vn -0.2940997 0.7985119 -0.5252466
vn -0.2456266 0.8969784 -0.3675557
vn 0.7624355 0.2395467 0.6010901
vn 0.7659652 0.2573184 0.5891387
vn 0.7690455 0.2744489 0.5772752
vn 0.772931 0.2992471 0.5594898
vn 0.9265171 0.2579052 -0.2739544
vn 0.9347892 0.2424607 -0.2595802
vn 0.9333518 0.2452192 -0.2621487
vn 0.9437076 0.2245479 -0.2428871
vn 0.4487793 0.1766412 -0.8760107
vn 0.4876111 0.2252378 -0.8435066
vn 0.4827269 0.2190186 -0.847942
vn 0.5352967 0.2878312 -0.7941099
vn -0.5419943 0.2797179 -0.7924644
vn -0.5621756 0.3303891 -0.7581565
vn -0.5702172 0.3519778 -0.7422695
vn -0.5812436 0.3832611 -0.7178208
vn -0.2420362 0.288509 0.9263806
vn -0.2344385 0.27452 0.9325649
vn -0.2377737 0.2806553 0.9298904
vn -0.229139 0.2647894 0.9366866
vn 0.3390419 0.9160876 0.2140891
vn 0.07466011 0.9901732 0.118249
vn 0.1357063 0.9828304 0.1250129
vn 0.04598162 0.9943739 0.09542584
vn -0.00268189 0.993972 0.1096014
vn 0.2115452 0.9618475 0.1734875

vt 0.9460291 0.6712319
vt 0.9160298 0.6464792
vt 0.9417452 0.7000623
vt 0.9417452 0.7000623
vt 0.912017 0.7135313
vt 0.8980963 0.6615314
vt 0.8808346 0.6719398
vt 0.912017 0.7135313
vt 0.8491292 0.6746233
vt 0.9003594 0.7444479
vt 0.9122097 0.6143934
vt 0.9160298 0.6464792
vt 0.9852921 0.660603
vt 0.9160298 0.6464792
vt 0.9460291 0.6712319
vt 0.9679441 0.7295607
vt 0.9852921 0.660603
vt 0.9417452 0.7000623
vt 0.9460291 0.6712319
vt 0.9417452 0.7000623
vt 0.9796757 0.6479717
vt 0.9502469 0.672142
vt 0.9703631 0.7187689
vt 0.9502469 0.672142
vt 0.9444345 0.698297
vt 0.9122097 0.6143934
vt 0.9160298 0.6464792
vt 0.9852921 0.660603
vt 0.9160298 0.6464792
vt 0.9460291 0.6712319
vt 0.9679441 0.7295607
vt 0.9852921 0.660603
vt 0.9417452 0.7000623
vt 0.9460291 0.6712319
vt 0.9417452 0.7000623
vt 0.9796757 0.6479717
vt 0.9502469 0.672142
vt 0.9703631 0.7187689
vt 0.9502469 0.672142
vt 0.9444345 0.698297
vt 0.9852532 0.6789728
vt 0.9441022 0.6255097
vt 0.9550439 0.6768124
vt 0.9441022 0.6255097
vt 0.9303713 0.6616374
vt 0.9852532 0.6789728
vt 0.9441022 0.6255097
vt 0.9550439 0.6768124
vt 0.9441022 0.6255097
vt 0.9303713 0.6616374
vt 0.9796757 0.6479717
vt 0.9502469 0.672142
vt 0.9703631 0.7187689
vt 0.9502469 0.672142
vt 0.9444345 0.698297
vt 0.5605278 0.4726478
vt 0.5605278 0.628293
vt 0.5797143 0.628293
vt 0.5797143 0.4726478
vt 0.5989007 0.628293
vt 0.5989007 0.4726478
vt 0.6180872 0.628293
vt 0.6180872 0.4726478
vt 0.6372737 0.628293
vt 0.6372737 0.4726478
vt 0.6564602 0.628293
vt 0.6564602 0.4726478
vt 0.6756467 0.628293
vt 0.6756467 0.4726478
vt 0.7398293 0.7353854
vt 0.7205797 0.7353854
vt 0.710955 0.752056
vt 0.7205797 0.7687266
vt 0.7494541 0.752056
vt 0.7398293 0.7687266
vt 0.6217598 0.6593455
vt 0.6311863 0.6756728
vt 0.6500394 0.6756728
vt 0.6311863 0.6430182
vt 0.6594659 0.6593455
vt 0.6500394 0.6430182
vt 0.5605278 0.4726478
vt 0.5605278 0.628293
vt 0.5797143 0.628293
vt 0.5797143 0.4726478
vt 0.5989007 0.628293
vt 0.5989007 0.4726478
vt 0.6180872 0.628293
vt 0.6180872 0.4726478
vt 0.6372737 0.628293
vt 0.6372737 0.4726478
vt 0.6564602 0.628293
vt 0.6564602 0.4726478
vt 0.6756467 0.628293
vt 0.6756467 0.4726478
vt 0.7205797 0.7687266
vt 0.7398293 0.7687266
vt 0.7494541 0.752056
vt 0.7398293 0.7353854
vt 0.710955 0.752056
vt 0.7205797 0.7353854
vt 0.6594659 0.6593455
vt 0.6500394 0.6430182
vt 0.6311863 0.6430182
vt 0.6500394 0.6756728
vt 0.6217598 0.6593455
vt 0.6311863 0.6756728
vt 0.5605278 0.4726478
vt 0.5605278 0.628293
vt 0.5797143 0.628293
vt 0.5797143 0.4726478
vt 0.5989007 0.628293
vt 0.5989007 0.4726478
vt 0.6180872 0.628293
vt 0.6180872 0.4726478
vt 0.6372737 0.628293
vt 0.6372737 0.4726478
vt 0.6564602 0.628293
vt 0.6564602 0.4726478
vt 0.6756467 0.628293
vt 0.6756467 0.4726478
vt 0.7205797 0.7687266
vt 0.7398293 0.7687266
vt 0.7494541 0.752056
vt 0.710955 0.752056
vt 0.7398293 0.7353854
vt 0.7205797 0.7353854
vt 0.6594659 0.6593455
vt 0.6500394 0.6430182
vt 0.6311863 0.6430182
vt 0.6217598 0.6593455
vt 0.6500394 0.6756728
vt 0.6311863 0.6756728
vt 0.5605278 0.4726478
vt 0.5605278 0.628293
vt 0.5797143 0.628293
vt 0.5797143 0.4726478
vt 0.5989007 0.628293
vt 0.5989007 0.4726478
vt 0.6180872 0.628293
vt 0.6180872 0.4726478
vt 0.6372737 0.628293
vt 0.6372737 0.4726478
vt 0.6564602 0.628293
vt 0.6564602 0.4726478
vt 0.6756467 0.628293
vt 0.6756467 0.4726478
vt 0.7398293 0.7353854
vt 0.7205797 0.7353854
vt 0.710955 0.752056
vt 0.7205797 0.7687266
vt 0.7494541 0.752056
vt 0.7398293 0.7687266
vt 0.6217598 0.6593455
vt 0.6311863 0.6756728
vt 0.6500394 0.6756728
vt 0.6311863 0.6430182
vt 0.6594659 0.6593455
vt 0.6500394 0.6430182
vt 0.5605278 0.5276033
vt 0.5605278 0.628293
vt 0.5797143 0.628293
vt 0.5797143 0.5276033
vt 0.5989007 0.628293
vt 0.5989007 0.5276033
vt 0.6180872 0.628293
vt 0.6180872 0.5276033
vt 0.6372737 0.628293
vt 0.6372737 0.5276033
vt 0.6564602 0.628293
vt 0.6564602 0.5276033
vt 0.6756467 0.628293
vt 0.6756467 0.5276033
vt 0.7494541 0.752056
vt 0.7398293 0.7353854
vt 0.7205797 0.7353854
vt 0.7398293 0.7687266
vt 0.710955 0.752056
vt 0.7205797 0.7687266
vt 0.6311863 0.6756728
vt 0.6500394 0.6756728
vt 0.6594659 0.6593455
vt 0.6500394 0.6430182
vt 0.6217598 0.6593455
vt 0.6311863 0.6430182
vt 0.5605278 0.4726478
vt 0.5605278 0.628293
vt 0.5797143 0.628293
vt 0.5797143 0.4726478
vt 0.5989007 0.628293
vt 0.5989007 0.4726478
vt 0.6180872 0.628293
vt 0.6180872 0.4726478
vt 0.6372737 0.628293
vt 0.6372737 0.4726478
vt 0.6564602 0.628293
vt 0.6564602 0.4726478
vt 0.6756467 0.628293
vt 0.6756467 0.4726478
vt 0.7205797 0.7353854
vt 0.710955 0.752056
vt 0.7205797 0.7687266
vt 0.7398293 0.7687266
vt 0.7398293 0.7353854
vt 0.7494541 0.752056
vt 0.6311863 0.6430182
vt 0.6217598 0.6593455
vt 0.6311863 0.6756728
vt 0.6500394 0.6430182
vt 0.6500394 0.6756728
vt 0.6594659 0.6593455
vt 0.7423487 0.513167
vt 0.7254042 0.5155995
vt 0.7253931 0.5325911
vt 0.7374527 0.537138
vt 0.7254042 0.5155995
vt 0.713752 0.5165744
vt 0.7174293 0.5344759
vt 0.7253931 0.5325911
vt 0.713752 0.5165744
vt 0.6993207 0.5151105
vt 0.7071511 0.5374021
vt 0.7174293 0.5344759
vt 0.724085 0.5454053
vt 0.7253931 0.5325911
vt 0.7174293 0.5344759
vt 0.7101743 0.5423096
vt 0.7049263 0.5050653
vt 0.713752 0.5165744
vt 0.7254042 0.5155995
vt 0.7262419 0.4984907
vt 0.7202713 0.5012673
vt 0.7227437 0.5185888
vt 0.7413834 0.5177584
vt 0.7429547 0.5049752
vt 0.7227437 0.5185888
vt 0.7269614 0.5310651
vt 0.7424833 0.5358466
vt 0.7413834 0.5177584
vt 0.7269614 0.5310651
vt 0.7204573 0.5444232
vt 0.7421903 0.5467858
vt 0.7424833 0.5358466
vt 0.7541713 0.5193792
vt 0.7413834 0.5177584
vt 0.7424833 0.5358466
vt 0.7511044 0.5425843
vt 0.7151706 0.5401008
vt 0.7269614 0.5310651
vt 0.7227437 0.5185888
vt 0.7052926 0.5191669
vt 0.7593399 0.516126
vt 0.7393195 0.5175179
vt 0.7417221 0.533871
vt 0.7559875 0.5402871
vt 0.7393195 0.5175179
vt 0.7243605 0.517592
vt 0.7242919 0.5309067
vt 0.7417221 0.533871
vt 0.7243605 0.517592
vt 0.7093091 0.5207736
vt 0.7168704 0.5397164
vt 0.7242919 0.5309067
vt 0.7397172 0.5493868
vt 0.7417221 0.533871
vt 0.7242919 0.5309067
vt 0.7169341 0.5397483
vt 0.715282 0.5051597
vt 0.7243605 0.517592
vt 0.7393195 0.5175179
vt 0.7366261 0.4976216
vt 0.7150139 0.5017314
vt 0.719026 0.5207811
vt 0.7534765 0.5206441
vt 0.7576742 0.505622
vt 0.719026 0.5207811
vt 0.7224564 0.5304193
vt 0.7542562 0.5356
vt 0.7534765 0.5206441
vt 0.7224564 0.5304193
vt 0.7166226 0.5468023
vt 0.757361 0.5467796
vt 0.7542562 0.5356
vt 0.7690043 0.5220696
vt 0.7534765 0.5206441
vt 0.7542562 0.5356
vt 0.7653563 0.5389305
vt 0.7117628 0.5440931
vt 0.7224564 0.5304193
vt 0.719026 0.5207811
vt 0.7022532 0.5305972
vt 0.7423487 0.513167
vt 0.7254042 0.5155995
vt 0.7253931 0.5325911
vt 0.7374527 0.537138
vt 0.7254042 0.5155995
vt 0.713752 0.5165744
vt 0.7174293 0.5344759
vt 0.7253931 0.5325911
vt 0.713752 0.5165744
vt 0.6993207 0.5151105
vt 0.7071511 0.5374021
vt 0.7174293 0.5344759
vt 0.724085 0.5454053
vt 0.7253931 0.5325911
vt 0.7174293 0.5344759
vt 0.7101743 0.5423096
vt 0.7049263 0.5050653
vt 0.713752 0.5165744
vt 0.7254042 0.5155995
vt 0.7262419 0.4984907
vt 0.7202713 0.5012673
vt 0.7227437 0.5185888
vt 0.7413834 0.5177584
vt 0.7429547 0.5049752
vt 0.7227437 0.5185888
vt 0.7269614 0.5310651
vt 0.7424833 0.5358466
vt 0.7413834 0.5177584
vt 0.7269614 0.5310651
vt 0.7204573 0.5444232
vt 0.7421903 0.5467858
vt 0.7424833 0.5358466
vt 0.7541713 0.5193792
vt 0.7413834 0.5177584
vt 0.7424833 0.5358466
vt 0.7511044 0.5425843
vt 0.7151706 0.5401008
vt 0.7269614 0.5310651
vt 0.7227437 0.5185888
vt 0.7052926 0.5191669
vt 0.7593399 0.516126
vt 0.7393195 0.5175179
vt 0.7417221 0.533871
vt 0.7559875 0.5402871
vt 0.7393195 0.5175179
vt 0.7243605 0.517592
vt 0.7242919 0.5309067
vt 0.7417221 0.533871
vt 0.7243605 0.517592
vt 0.7093091 0.5207736
vt 0.7168704 0.5397164
vt 0.7242919 0.5309067
vt 0.7397172 0.5493868
vt 0.7417221 0.533871
vt 0.7242919 0.5309067
vt 0.7169341 0.5397483
vt 0.715282 0.5051597
vt 0.7243605 0.517592
vt 0.7393195 0.5175179
vt 0.7366261 0.4976216
vt 0.7150139 0.5017314
vt 0.719026 0.5207811
vt 0.7534765 0.5206441
vt 0.7576742 0.505622
vt 0.719026 0.5207811
vt 0.7224564 0.5304193
vt 0.7542562 0.5356
vt 0.7534765 0.5206441
vt 0.7224564 0.5304193
vt 0.7166226 0.5468023
vt 0.757361 0.5467796
vt 0.7542562 0.5356
vt 0.7690043 0.5220696
vt 0.7534765 0.5206441
vt 0.7542562 0.5356
vt 0.7653563 0.5389305
vt 0.7117628 0.5440931
vt 0.7224564 0.5304193
vt 0.719026 0.5207811
vt 0.7022532 0.5305972
vt 0.7202713 0.5012673
vt 0.7227437 0.5185888
vt 0.7413834 0.5177584
vt 0.7429547 0.5049752
vt 0.7227437 0.5185888
vt 0.7269614 0.5310651
vt 0.7424833 0.5358466
vt 0.7413834 0.5177584
vt 0.7269614 0.5310651
vt 0.7204573 0.5444232
vt 0.7421903 0.5467858
vt 0.7424833 0.5358466
vt 0.7541713 0.5193792
vt 0.7413834 0.5177584
vt 0.7424833 0.5358466
vt 0.7511044 0.5425843
vt 0.7151706 0.5401008
vt 0.7269614 0.5310651
vt 0.7227437 0.5185888
vt 0.7052926 0.5191669
vt 0.5969905 0.6012237
vt 0.5855162 0.6028709
vt 0.5855086 0.6143771
vt 0.5936751 0.6174561
vt 0.5855162 0.6028709
vt 0.5776257 0.6035311
vt 0.5801159 0.6156535
vt 0.5855086 0.6143771
vt 0.5776257 0.6035311
vt 0.5678533 0.6025398
vt 0.5731557 0.617635
vt 0.5801159 0.6156535
vt 0.5846229 0.6230544
vt 0.5855086 0.6143771
vt 0.5801159 0.6156535
vt 0.5752029 0.6209581
vt 0.5716491 0.5957375
vt 0.5776257 0.6035311
vt 0.5855162 0.6028709
vt 0.5860835 0.5912853
vt 0.5820404 0.5931656
vt 0.5837146 0.6048952
vt 0.5963368 0.6043328
vt 0.5974008 0.5956764
vt 0.5837146 0.6048952
vt 0.5865707 0.6133437
vt 0.5970817 0.6165816
vt 0.5963368 0.6043328
vt 0.5865707 0.6133437
vt 0.5821663 0.6223894
vt 0.5968832 0.6239893
vt 0.5970817 0.6165816
vt 0.6049964 0.6054304
vt 0.5963368 0.6043328
vt 0.5970817 0.6165816
vt 0.6029196 0.6211442
vt 0.5785863 0.6194624
vt 0.5865707 0.6133437
vt 0.5837146 0.6048952
vt 0.5718972 0.6052866
vt 0.6562577 0.6009531
vt 0.6427006 0.6018957
vt 0.6443275 0.6129695
vt 0.6539876 0.6173143
vt 0.6427006 0.6018957
vt 0.6325707 0.6019458
vt 0.6325243 0.6109621
vt 0.6443275 0.6129695
vt 0.6325707 0.6019458
vt 0.6223784 0.6041003
vt 0.6274987 0.6169277
vt 0.6325243 0.6109621
vt 0.6429698 0.6234763
vt 0.6443275 0.6129695
vt 0.6325243 0.6109621
vt 0.6275418 0.6169493
vt 0.6264231 0.5935271
vt 0.6325707 0.6019458
vt 0.6427006 0.6018957
vt 0.6408767 0.5884224
vt 0.5784802 0.5934798
vt 0.581197 0.6063797
vt 0.6045259 0.6062869
vt 0.6073685 0.5961144
vt 0.581197 0.6063797
vt 0.5835201 0.6129065
vt 0.6050539 0.6164147
vt 0.6045259 0.6062869
vt 0.5835201 0.6129065
vt 0.5795696 0.6240005
vt 0.6071564 0.6239851
vt 0.6050539 0.6164147
vt 0.6150408 0.6072522
vt 0.6045259 0.6062869
vt 0.6050539 0.6164147
vt 0.6125705 0.61867
vt 0.5762787 0.6221659
vt 0.5835201 0.6129065
vt 0.581197 0.6063797
vt 0.569839 0.6130269
vt 0.5969905 0.6012237
vt 0.5855162 0.6028709
vt 0.5855086 0.6143771
vt 0.5936751 0.6174561
vt 0.5855162 0.6028709
vt 0.5776257 0.6035311
vt 0.5801159 0.6156535
vt 0.5855086 0.6143771
vt 0.5776257 0.6035311
vt 0.5678533 0.6025398
vt 0.5731557 0.617635
vt 0.5801159 0.6156535
vt 0.5846229 0.6230544
vt 0.5855086 0.6143771
vt 0.5801159 0.6156535
vt 0.5752029 0.6209581
vt 0.5716491 0.5957375
vt 0.5776257 0.6035311
vt 0.5855162 0.6028709
vt 0.5860835 0.5912853
vt 0.5820404 0.5931656
vt 0.5837146 0.6048952
vt 0.5963368 0.6043328
vt 0.5974008 0.5956764
vt 0.5837146 0.6048952
vt 0.5865707 0.6133437
vt 0.5970817 0.6165816
vt 0.5963368 0.6043328
vt 0.5865707 0.6133437
vt 0.5821663 0.6223894
vt 0.5968832 0.6239893
vt 0.5970817 0.6165816
vt 0.6049964 0.6054304
vt 0.5963368 0.6043328
vt 0.5970817 0.6165816
vt 0.6029196 0.6211442
vt 0.5785863 0.6194624
vt 0.5865707 0.6133437
vt 0.5837146 0.6048952
vt 0.5718972 0.6052866
vt 0.6084964 0.6032274
vt 0.5949392 0.60417
vt 0.5965662 0.6152438
vt 0.6062263 0.6195886
vt 0.5949392 0.60417
vt 0.5848094 0.6042202
vt 0.584763 0.6132364
vt 0.5965662 0.6152438
vt 0.5848094 0.6042202
vt 0.5746171 0.6063746
vt 0.5797374 0.6192021
vt 0.584763 0.6132364
vt 0.5952085 0.6257507
vt 0.5965662 0.6152438
vt 0.584763 0.6132364
vt 0.5797805 0.6192237
vt 0.5786617 0.5958014
vt 0.5848094 0.6042202
vt 0.5949392 0.60417
vt 0.5931153 0.5906968
vt 0.5784802 0.5934798
vt 0.581197 0.6063797
vt 0.6045259 0.6062869
vt 0.6073685 0.5961144
vt 0.581197 0.6063797
vt 0.5835201 0.6129065
vt 0.6050539 0.6164147
vt 0.6045259 0.6062869
vt 0.5835201 0.6129065
vt 0.5795696 0.6240005
vt 0.6071564 0.6239851
vt 0.6050539 0.6164147
vt 0.6150408 0.6072522
vt 0.6045259 0.6062869
vt 0.6050539 0.6164147
vt 0.6125705 0.61867
vt 0.5762787 0.6221659
vt 0.5835201 0.6129065
vt 0.581197 0.6063797
vt 0.569839 0.6130269
vt 0.5820404 0.5931656
vt 0.5837146 0.6048952
vt 0.5963368 0.6043328
vt 0.5974008 0.5956764
vt 0.5837146 0.6048952
vt 0.5865707 0.6133437
vt 0.5970817 0.6165816
vt 0.5963368 0.6043328
vt 0.5865707 0.6133437
vt 0.5821663 0.6223894
vt 0.5968832 0.6239893
vt 0.5970817 0.6165816
vt 0.6049964 0.6054304
vt 0.5963368 0.6043328
vt 0.5970817 0.6165816
vt 0.6029196 0.6211442
vt 0.5785863 0.6194624
vt 0.5865707 0.6133437
vt 0.5837146 0.6048952
vt 0.5718972 0.6052866
vt 0.9122097 0.6143934
vt 0.9160298 0.6464792
vt 0.9852921 0.660603
vt 0.9460291 0.6712319
vt 0.9679441 0.7295607
vt 0.9852921 0.660603
vt 0.9417452 0.7000623
vt 0.9460291 0.6712319
vt 0.9003594 0.7444479
vt 0.9679441 0.7295607
vt 0.912017 0.7135313
vt 0.9417452 0.7000623
vt 0.8491292 0.6746233
vt 0.8808346 0.6719398
vt 0.8699522 0.6289539
vt 0.8980963 0.6615314
vt 0.9122097 0.6143934
vt 0.8699522 0.6289539
vt 0.9160298 0.6464792
vt 0.8980963 0.6615314
vt 0.9441022 0.6255097
vt 0.8756537 0.6430453
vt 0.9303713 0.6616374
vt 0.8923159 0.6702211
vt 0.8595393 0.7010095
vt 0.8901305 0.6956326
vt 0.8880795 0.738316
vt 0.9077575 0.7032663
vt 0.9374659 0.7143776
vt 0.9556013 0.7382681
vt 0.9852532 0.6789728
vt 0.9550439 0.6768124
vt 0.9441022 0.6255097
vt 0.9441022 0.6255097
vt 0.9003594 0.7444479
vt 0.9679441 0.7295607
vt 0.912017 0.7135313
vt 0.9417452 0.7000623
vt 0.9003594 0.7444479
vt 0.912017 0.7135313
vt 0.8491292 0.6746233
vt 0.8808346 0.6719398
vt 0.8491292 0.6746233
vt 0.8808346 0.6719398
vt 0.8699522 0.6289539
vt 0.8980963 0.6615314
vt 0.9122097 0.6143934
vt 0.8699522 0.6289539
vt 0.9160298 0.6464792
vt 0.8980963 0.6615314
vt 0.9460291 0.6712319
vt 0.9160298 0.6464792
vt 0.9417452 0.7000623
vt 0.912017 0.7135313
vt 0.8980963 0.6615314
vt 0.8808346 0.6719398
vt 0.903224 0.740262
vt 0.9085034 0.7136939
vt 0.8524982 0.691271
vt 0.880304 0.6823515
vt 0.8524982 0.691271
vt 0.880304 0.6823515
vt 0.859188 0.6424108
vt 0.8883024 0.6620756
vt 0.9134673 0.611048
vt 0.859188 0.6424108
vt 0.9120014 0.6432992
vt 0.8883024 0.6620756
vt 0.9134673 0.611048
vt 0.9120014 0.6432992
vt 0.9796757 0.6479717
vt 0.9502469 0.672142
vt 0.903224 0.740262
vt 0.9703631 0.7187689
vt 0.9085034 0.7136939
vt 0.9444345 0.698297
vt 0.9502469 0.672142
vt 0.9120014 0.6432992
vt 0.9444345 0.698297
vt 0.9085034 0.7136939
vt 0.8883024 0.6620756
vt 0.880304 0.6823515
vt 0.9441022 0.6255097
vt 0.8756537 0.6430453
vt 0.9303713 0.6616374
vt 0.8923159 0.6702211
vt 0.8595393 0.7010095
vt 0.8901305 0.6956326
vt 0.8880795 0.738316
vt 0.9077575 0.7032663
vt 0.9374659 0.7143776
vt 0.9556013 0.7382681
vt 0.9852532 0.6789728
vt 0.9550439 0.6768124
vt 0.9441022 0.6255097
vt 0.9441022 0.6255097
vt 0.9003594 0.7444479
vt 0.9679441 0.7295607
vt 0.912017 0.7135313
vt 0.9417452 0.7000623
vt 0.9003594 0.7444479
vt 0.912017 0.7135313
vt 0.8491292 0.6746233
vt 0.8808346 0.6719398
vt 0.8491292 0.6746233
vt 0.8808346 0.6719398
vt 0.8699522 0.6289539
vt 0.8980963 0.6615314
vt 0.9122097 0.6143934
vt 0.8699522 0.6289539
vt 0.9160298 0.6464792
vt 0.8980963 0.6615314
vt 0.9460291 0.6712319
vt 0.9160298 0.6464792
vt 0.9417452 0.7000623
vt 0.912017 0.7135313
vt 0.8980963 0.6615314
vt 0.8808346 0.6719398
vt 0.903224 0.740262
vt 0.9085034 0.7136939
vt 0.8524982 0.691271
vt 0.880304 0.6823515
vt 0.8524982 0.691271
vt 0.880304 0.6823515
vt 0.859188 0.6424108
vt 0.8883024 0.6620756
vt 0.9134673 0.611048
vt 0.859188 0.6424108
vt 0.9120014 0.6432992
vt 0.8883024 0.6620756
vt 0.9134673 0.611048
vt 0.9120014 0.6432992
vt 0.9796757 0.6479717
vt 0.9502469 0.672142
vt 0.903224 0.740262
vt 0.9703631 0.7187689
vt 0.9085034 0.7136939
vt 0.9444345 0.698297
vt 0.9502469 0.672142
vt 0.9120014 0.6432992
vt 0.9444345 0.698297
vt 0.9085034 0.7136939
vt 0.8883024 0.6620756
vt 0.880304 0.6823515
vt 0.9556013 0.7382681
vt 0.9374659 0.7143776
vt 0.8880795 0.738316
vt 0.9077575 0.7032663
vt 0.8595393 0.7010095
vt 0.8880795 0.738316
vt 0.8901305 0.6956326
vt 0.9077575 0.7032663
vt 0.8756537 0.6430453
vt 0.8595393 0.7010095
vt 0.8923159 0.6702211
vt 0.8901305 0.6956326
vt 0.9441022 0.6255097
vt 0.8756537 0.6430453
vt 0.9303713 0.6616374
vt 0.8923159 0.6702211
vt 0.9556013 0.7382681
vt 0.9852532 0.6789728
vt 0.9374659 0.7143776
vt 0.9550439 0.6768124
vt 0.9550439 0.6768124
vt 0.9303713 0.6616374
vt 0.9374659 0.7143776
vt 0.9077575 0.7032663
vt 0.8901305 0.6956326
vt 0.8923159 0.6702211
vt 0.9796757 0.6479717
vt 0.9502469 0.672142
vt 0.9703631 0.7187689
vt 0.9134673 0.611048
vt 0.9120014 0.6432992
vt 0.9502469 0.672142
vt 0.9444345 0.698297
vt 0.9502469 0.672142
vt 0.859188 0.6424108
vt 0.9085034 0.7136939
vt 0.903224 0.740262
vt 0.8524982 0.691271
vt 0.880304 0.6823515
vt 0.8883024 0.6620756
vt 0.9556013 0.7382681
vt 0.9374659 0.7143776
vt 0.8880795 0.738316
vt 0.9077575 0.7032663
vt 0.8595393 0.7010095
vt 0.8880795 0.738316
vt 0.8901305 0.6956326
vt 0.9077575 0.7032663
vt 0.8756537 0.6430453
vt 0.8595393 0.7010095
vt 0.8923159 0.6702211
vt 0.8901305 0.6956326
vt 0.9441022 0.6255097
vt 0.8756537 0.6430453
vt 0.9303713 0.6616374
vt 0.8923159 0.6702211
vt 0.9556013 0.7382681
vt 0.9852532 0.6789728
vt 0.9374659 0.7143776
vt 0.9550439 0.6768124
vt 0.9550439 0.6768124
vt 0.9303713 0.6616374
vt 0.9374659 0.7143776
vt 0.9077575 0.7032663
vt 0.8901305 0.6956326
vt 0.8923159 0.6702211
vt 0.903224 0.740262
vt 0.9085034 0.7136939
vt 0.8524982 0.691271
vt 0.880304 0.6823515
vt 0.8524982 0.691271
vt 0.880304 0.6823515
vt 0.859188 0.6424108
vt 0.8883024 0.6620756
vt 0.9134673 0.611048
vt 0.859188 0.6424108
vt 0.9120014 0.6432992
vt 0.8883024 0.6620756
vt 0.9134673 0.611048
vt 0.9120014 0.6432992
vt 0.9796757 0.6479717
vt 0.9502469 0.672142
vt 0.903224 0.740262
vt 0.9703631 0.7187689
vt 0.9085034 0.7136939
vt 0.9444345 0.698297
vt 0.9502469 0.672142
vt 0.9120014 0.6432992
vt 0.9444345 0.698297
vt 0.9085034 0.7136939
vt 0.8883024 0.6620756
vt 0.880304 0.6823515

usemtl tent_stump
usemap tent_stump
f 3369/3369/3369 3368/3368/3368 3370/3370/3370
f 3369/3369/3369 3371/3371/3371 3372/3372/3372
f 3373/3373/3373 3369/3369/3369 3372/3372/3372
f 3373/3373/3373 3372/3372/3372 3374/3374/3374
f 3374/3374/3374 3375/3375/3375 3376/3376/3376
f 3375/3375/3375 3377/3377/3377 3376/3376/3376
f 3379/3379/3379 3378/3378/3378 3380/3380/3380
f 3382/3382/3382 3381/3381/3381 3380/3380/3380
f 3384/3384/3384 3383/3383/3383 3385/3385/3385
f 3386/3386/3386 3384/3384/3384 3387/3387/3387
f 3389/3389/3389 3388/3388/3388 3390/3390/3390
f 3392/3392/3392 3391/3391/3391 3390/3390/3390
f 3394/3394/3394 3393/3393/3393 3395/3395/3395
f 3397/3397/3397 3396/3396/3396 3395/3395/3395
f 3399/3399/3399 3398/3398/3398 3400/3400/3400
f 3401/3401/3401 3399/3399/3399 3402/3402/3402
f 3404/3404/3404 3403/3403/3403 3405/3405/3405
f 3407/3407/3407 3406/3406/3406 3405/3405/3405
f 3409/3409/3409 3408/3408/3408 3410/3410/3410
f 3412/3412/3412 3411/3411/3411 3410/3410/3410
f 3414/3414/3414 3413/3413/3413 3415/3415/3415
f 3417/3417/3417 3416/3416/3416 3415/3415/3415
f 3419/3419/3419 3418/3418/3418 3420/3420/3420
f 3422/3422/3422 3421/3421/3421 3420/3420/3420
f 3424/3424/3424 3423/3423/3423 3425/3425/3425
f 3425/3425/3425 3423/3423/3423 3426/3426/3426
f 3425/3425/3425 3426/3426/3426 3427/3427/3427
f 3427/3427/3427 3426/3426/3426 3428/3428/3428
f 3427/3427/3427 3428/3428/3428 3429/3429/3429
f 3429/3429/3429 3428/3428/3428 3430/3430/3430
f 3429/3429/3429 3430/3430/3430 3431/3431/3431
f 3431/3431/3431 3430/3430/3430 3432/3432/3432
f 3431/3431/3431 3432/3432/3432 3433/3433/3433
f 3433/3433/3433 3432/3432/3432 3434/3434/3434
f 3433/3433/3433 3434/3434/3434 3435/3435/3435
f 3435/3435/3435 3434/3434/3434 3436/3436/3436
f 3438/3438/3438 3437/3437/3437 3439/3439/3439
f 3440/3440/3440 3439/3439/3439 3437/3437/3437
f 3441/3441/3441 3440/3440/3440 3437/3437/3437
f 3442/3442/3442 3440/3440/3440 3441/3441/3441
f 3444/3444/3444 3443/3443/3443 3445/3445/3445
f 3446/3446/3446 3445/3445/3445 3443/3443/3443
f 3447/3447/3447 3445/3445/3445 3446/3446/3446
f 3448/3448/3448 3447/3447/3447 3446/3446/3446
f 3450/3450/3450 3449/3449/3449 3451/3451/3451
f 3451/3451/3451 3449/3449/3449 3452/3452/3452
f 3451/3451/3451 3452/3452/3452 3453/3453/3453
f 3453/3453/3453 3452/3452/3452 3454/3454/3454
f 3453/3453/3453 3454/3454/3454 3455/3455/3455
f 3455/3455/3455 3454/3454/3454 3456/3456/3456
f 3455/3455/3455 3456/3456/3456 3457/3457/3457
f 3457/3457/3457 3456/3456/3456 3458/3458/3458
f 3457/3457/3457 3458/3458/3458 3459/3459/3459
f 3459/3459/3459 3458/3458/3458 3460/3460/3460
f 3459/3459/3459 3460/3460/3460 3461/3461/3461
f 3461/3461/3461 3460/3460/3460 3462/3462/3462
f 3464/3464/3464 3463/3463/3463 3465/3465/3465
f 3466/3466/3466 3465/3465/3465 3463/3463/3463
f 3467/3467/3467 3466/3466/3466 3463/3463/3463
f 3468/3468/3468 3466/3466/3466 3467/3467/3467
f 3470/3470/3470 3469/3469/3469 3471/3471/3471
f 3472/3472/3472 3471/3471/3471 3469/3469/3469
f 3473/3473/3473 3471/3471/3471 3472/3472/3472
f 3474/3474/3474 3473/3473/3473 3472/3472/3472
f 3476/3476/3476 3475/3475/3475 3477/3477/3477
f 3477/3477/3477 3475/3475/3475 3478/3478/3478
f 3477/3477/3477 3478/3478/3478 3479/3479/3479
f 3479/3479/3479 3478/3478/3478 3480/3480/3480
f 3479/3479/3479 3480/3480/3480 3481/3481/3481
f 3481/3481/3481 3480/3480/3480 3482/3482/3482
f 3481/3481/3481 3482/3482/3482 3483/3483/3483
f 3483/3483/3483 3482/3482/3482 3484/3484/3484
f 3483/3483/3483 3484/3484/3484 3485/3485/3485
f 3485/3485/3485 3484/3484/3484 3486/3486/3486
f 3485/3485/3485 3486/3486/3486 3487/3487/3487
f 3487/3487/3487 3486/3486/3486 3488/3488/3488
f 3490/3490/3490 3489/3489/3489 3491/3491/3491
f 3492/3492/3492 3491/3491/3491 3489/3489/3489
f 3493/3493/3493 3491/3491/3491 3492/3492/3492
f 3494/3494/3494 3493/3493/3493 3492/3492/3492
f 3496/3496/3496 3495/3495/3495 3497/3497/3497
f 3498/3498/3498 3497/3497/3497 3495/3495/3495
f 3499/3499/3499 3498/3498/3498 3495/3495/3495
f 3500/3500/3500 3498/3498/3498 3499/3499/3499
f 3502/3502/3502 3501/3501/3501 3503/3503/3503
f 3503/3503/3503 3501/3501/3501 3504/3504/3504
f 3503/3503/3503 3504/3504/3504 3505/3505/3505
f 3505/3505/3505 3504/3504/3504 3506/3506/3506
f 3505/3505/3505 3506/3506/3506 3507/3507/3507
f 3507/3507/3507 3506/3506/3506 3508/3508/3508
f 3507/3507/3507 3508/3508/3508 3509/3509/3509
f 3509/3509/3509 3508/3508/3508 3510/3510/3510
f 3509/3509/3509 3510/3510/3510 3511/3511/3511
f 3511/3511/3511 3510/3510/3510 3512/3512/3512
f 3511/3511/3511 3512/3512/3512 3513/3513/3513
f 3513/3513/3513 3512/3512/3512 3514/3514/3514
f 3516/3516/3516 3515/3515/3515 3517/3517/3517
f 3518/3518/3518 3517/3517/3517 3515/3515/3515
f 3519/3519/3519 3518/3518/3518 3515/3515/3515
f 3520/3520/3520 3518/3518/3518 3519/3519/3519
f 3522/3522/3522 3521/3521/3521 3523/3523/3523
f 3524/3524/3524 3523/3523/3523 3521/3521/3521
f 3525/3525/3525 3523/3523/3523 3524/3524/3524
f 3526/3526/3526 3525/3525/3525 3524/3524/3524
f 3528/3528/3528 3527/3527/3527 3529/3529/3529
f 3529/3529/3529 3527/3527/3527 3530/3530/3530
f 3529/3529/3529 3530/3530/3530 3531/3531/3531
f 3531/3531/3531 3530/3530/3530 3532/3532/3532
f 3531/3531/3531 3532/3532/3532 3533/3533/3533
f 3533/3533/3533 3532/3532/3532 3534/3534/3534
f 3533/3533/3533 3534/3534/3534 3535/3535/3535
f 3535/3535/3535 3534/3534/3534 3536/3536/3536
f 3535/3535/3535 3536/3536/3536 3537/3537/3537
f 3537/3537/3537 3536/3536/3536 3538/3538/3538
f 3537/3537/3537 3538/3538/3538 3539/3539/3539
f 3539/3539/3539 3538/3538/3538 3540/3540/3540
f 3542/3542/3542 3541/3541/3541 3543/3543/3543
f 3544/3544/3544 3543/3543/3543 3541/3541/3541
f 3545/3545/3545 3543/3543/3543 3544/3544/3544
f 3546/3546/3546 3545/3545/3545 3544/3544/3544
f 3548/3548/3548 3547/3547/3547 3549/3549/3549
f 3550/3550/3550 3549/3549/3549 3547/3547/3547
f 3551/3551/3551 3550/3550/3550 3547/3547/3547
f 3552/3552/3552 3550/3550/3550 3551/3551/3551
f 3554/3554/3554 3553/3553/3553 3555/3555/3555
f 3555/3555/3555 3553/3553/3553 3556/3556/3556
f 3555/3555/3555 3556/3556/3556 3557/3557/3557
f 3557/3557/3557 3556/3556/3556 3558/3558/3558
f 3557/3557/3557 3558/3558/3558 3559/3559/3559
f 3559/3559/3559 3558/3558/3558 3560/3560/3560
f 3559/3559/3559 3560/3560/3560 3561/3561/3561
f 3561/3561/3561 3560/3560/3560 3562/3562/3562
f 3561/3561/3561 3562/3562/3562 3563/3563/3563
f 3563/3563/3563 3562/3562/3562 3564/3564/3564
f 3563/3563/3563 3564/3564/3564 3565/3565/3565
f 3565/3565/3565 3564/3564/3564 3566/3566/3566
f 3568/3568/3568 3567/3567/3567 3569/3569/3569
f 3570/3570/3570 3569/3569/3569 3567/3567/3567
f 3571/3571/3571 3570/3570/3570 3567/3567/3567
f 3572/3572/3572 3570/3570/3570 3571/3571/3571
f 3574/3574/3574 3573/3573/3573 3575/3575/3575
f 3576/3576/3576 3575/3575/3575 3573/3573/3573
f 3577/3577/3577 3575/3575/3575 3576/3576/3576
f 3578/3578/3578 3577/3577/3577 3576/3576/3576
f 3580/3580/3580 3579/3579/3579 3581/3581/3581
f 3581/3581/3581 3579/3579/3579 3582/3582/3582
f 3584/3584/3584 3583/3583/3583 3585/3585/3585
f 3585/3585/3585 3583/3583/3583 3586/3586/3586
f 3588/3588/3588 3587/3587/3587 3589/3589/3589
f 3589/3589/3589 3587/3587/3587 3590/3590/3590
f 3592/3592/3592 3591/3591/3591 3593/3593/3593
f 3593/3593/3593 3591/3591/3591 3594/3594/3594
f 3596/3596/3596 3595/3595/3595 3597/3597/3597
f 3597/3597/3597 3595/3595/3595 3598/3598/3598
f 3600/3600/3600 3599/3599/3599 3601/3601/3601
f 3601/3601/3601 3599/3599/3599 3602/3602/3602
f 3604/3604/3604 3603/3603/3603 3605/3605/3605
f 3605/3605/3605 3603/3603/3603 3606/3606/3606
f 3608/3608/3608 3607/3607/3607 3609/3609/3609
f 3609/3609/3609 3607/3607/3607 3610/3610/3610
f 3612/3612/3612 3611/3611/3611 3613/3613/3613
f 3613/3613/3613 3611/3611/3611 3614/3614/3614
f 3616/3616/3616 3615/3615/3615 3617/3617/3617
f 3617/3617/3617 3615/3615/3615 3618/3618/3618
f 3620/3620/3620 3619/3619/3619 3621/3621/3621
f 3621/3621/3621 3619/3619/3619 3622/3622/3622
f 3624/3624/3624 3623/3623/3623 3625/3625/3625
f 3625/3625/3625 3623/3623/3623 3626/3626/3626
f 3628/3628/3628 3627/3627/3627 3629/3629/3629
f 3629/3629/3629 3627/3627/3627 3630/3630/3630
f 3632/3632/3632 3631/3631/3631 3633/3633/3633
f 3633/3633/3633 3631/3631/3631 3634/3634/3634
f 3636/3636/3636 3635/3635/3635 3637/3637/3637
f 3637/3637/3637 3635/3635/3635 3638/3638/3638
f 3640/3640/3640 3639/3639/3639 3641/3641/3641
f 3641/3641/3641 3639/3639/3639 3642/3642/3642
f 3644/3644/3644 3643/3643/3643 3645/3645/3645
f 3645/3645/3645 3643/3643/3643 3646/3646/3646
f 3648/3648/3648 3647/3647/3647 3649/3649/3649
f 3649/3649/3649 3647/3647/3647 3650/3650/3650
f 3652/3652/3652 3651/3651/3651 3653/3653/3653
f 3653/3653/3653 3651/3651/3651 3654/3654/3654
f 3656/3656/3656 3655/3655/3655 3657/3657/3657
f 3657/3657/3657 3655/3655/3655 3658/3658/3658
f 3660/3660/3660 3659/3659/3659 3661/3661/3661
f 3661/3661/3661 3659/3659/3659 3662/3662/3662
f 3664/3664/3664 3663/3663/3663 3665/3665/3665
f 3665/3665/3665 3663/3663/3663 3666/3666/3666
f 3668/3668/3668 3667/3667/3667 3669/3669/3669
f 3669/3669/3669 3667/3667/3667 3670/3670/3670
f 3672/3672/3672 3671/3671/3671 3673/3673/3673
f 3673/3673/3673 3671/3671/3671 3674/3674/3674
f 3676/3676/3676 3675/3675/3675 3677/3677/3677
f 3677/3677/3677 3675/3675/3675 3678/3678/3678
f 3680/3680/3680 3679/3679/3679 3681/3681/3681
f 3681/3681/3681 3679/3679/3679 3682/3682/3682
f 3684/3684/3684 3683/3683/3683 3685/3685/3685
f 3685/3685/3685 3683/3683/3683 3686/3686/3686
f 3688/3688/3688 3687/3687/3687 3689/3689/3689
f 3689/3689/3689 3687/3687/3687 3690/3690/3690
f 3692/3692/3692 3691/3691/3691 3693/3693/3693
f 3693/3693/3693 3691/3691/3691 3694/3694/3694
f 3696/3696/3696 3695/3695/3695 3697/3697/3697
f 3697/3697/3697 3695/3695/3695 3698/3698/3698
f 3700/3700/3700 3699/3699/3699 3701/3701/3701
f 3701/3701/3701 3699/3699/3699 3702/3702/3702
f 3704/3704/3704 3703/3703/3703 3705/3705/3705
f 3705/3705/3705 3703/3703/3703 3706/3706/3706
f 3708/3708/3708 3707/3707/3707 3709/3709/3709
f 3709/3709/3709 3707/3707/3707 3710/3710/3710
f 3712/3712/3712 3711/3711/3711 3713/3713/3713
f 3713/3713/3713 3711/3711/3711 3714/3714/3714
f 3716/3716/3716 3715/3715/3715 3717/3717/3717
f 3717/3717/3717 3715/3715/3715 3718/3718/3718
f 3720/3720/3720 3719/3719/3719 3721/3721/3721
f 3721/3721/3721 3719/3719/3719 3722/3722/3722
f 3724/3724/3724 3723/3723/3723 3725/3725/3725
f 3725/3725/3725 3723/3723/3723 3726/3726/3726
f 3728/3728/3728 3727/3727/3727 3729/3729/3729
f 3729/3729/3729 3727/3727/3727 3730/3730/3730
f 3732/3732/3732 3731/3731/3731 3733/3733/3733
f 3733/3733/3733 3731/3731/3731 3734/3734/3734
f 3736/3736/3736 3735/3735/3735 3737/3737/3737
f 3737/3737/3737 3735/3735/3735 3738/3738/3738
f 3740/3740/3740 3739/3739/3739 3741/3741/3741
f 3741/3741/3741 3739/3739/3739 3742/3742/3742
f 3744/3744/3744 3743/3743/3743 3745/3745/3745
f 3745/3745/3745 3743/3743/3743 3746/3746/3746
f 3748/3748/3748 3747/3747/3747 3749/3749/3749
f 3749/3749/3749 3747/3747/3747 3750/3750/3750
f 3752/3752/3752 3751/3751/3751 3753/3753/3753
f 3753/3753/3753 3751/3751/3751 3754/3754/3754
f 3756/3756/3756 3755/3755/3755 3757/3757/3757
f 3757/3757/3757 3755/3755/3755 3758/3758/3758
f 3760/3760/3760 3759/3759/3759 3761/3761/3761
f 3761/3761/3761 3759/3759/3759 3762/3762/3762
f 3764/3764/3764 3763/3763/3763 3765/3765/3765
f 3765/3765/3765 3763/3763/3763 3766/3766/3766
f 3768/3768/3768 3767/3767/3767 3769/3769/3769
f 3769/3769/3769 3767/3767/3767 3770/3770/3770
f 3772/3772/3772 3771/3771/3771 3773/3773/3773
f 3773/3773/3773 3771/3771/3771 3774/3774/3774
f 3776/3776/3776 3775/3775/3775 3777/3777/3777
f 3777/3777/3777 3775/3775/3775 3778/3778/3778
f 3780/3780/3780 3779/3779/3779 3781/3781/3781
f 3781/3781/3781 3779/3779/3779 3782/3782/3782
f 3784/3784/3784 3783/3783/3783 3785/3785/3785
f 3785/3785/3785 3783/3783/3783 3786/3786/3786
f 3788/3788/3788 3787/3787/3787 3789/3789/3789
f 3789/3789/3789 3787/3787/3787 3790/3790/3790
f 3792/3792/3792 3791/3791/3791 3793/3793/3793
f 3793/3793/3793 3791/3791/3791 3794/3794/3794
f 3796/3796/3796 3795/3795/3795 3797/3797/3797
f 3797/3797/3797 3795/3795/3795 3798/3798/3798
f 3800/3800/3800 3799/3799/3799 3801/3801/3801
f 3801/3801/3801 3799/3799/3799 3802/3802/3802
f 3804/3804/3804 3803/3803/3803 3805/3805/3805
f 3805/3805/3805 3803/3803/3803 3806/3806/3806
f 3808/3808/3808 3807/3807/3807 3809/3809/3809
f 3809/3809/3809 3807/3807/3807 3810/3810/3810
f 3812/3812/3812 3811/3811/3811 3813/3813/3813
f 3813/3813/3813 3811/3811/3811 3814/3814/3814
f 3816/3816/3816 3815/3815/3815 3817/3817/3817
f 3817/3817/3817 3815/3815/3815 3818/3818/3818
f 3820/3820/3820 3819/3819/3819 3821/3821/3821
f 3821/3821/3821 3819/3819/3819 3822/3822/3822
f 3824/3824/3824 3823/3823/3823 3825/3825/3825
f 3825/3825/3825 3823/3823/3823 3826/3826/3826
f 3828/3828/3828 3827/3827/3827 3829/3829/3829
f 3829/3829/3829 3827/3827/3827 3830/3830/3830
f 3832/3832/3832 3831/3831/3831 3833/3833/3833
f 3833/3833/3833 3831/3831/3831 3834/3834/3834
f 3836/3836/3836 3835/3835/3835 3837/3837/3837
f 3837/3837/3837 3835/3835/3835 3838/3838/3838
f 3840/3840/3840 3839/3839/3839 3841/3841/3841
f 3841/3841/3841 3839/3839/3839 3842/3842/3842
f 3844/3844/3844 3843/3843/3843 3845/3845/3845
f 3845/3845/3845 3843/3843/3843 3846/3846/3846
f 3848/3848/3848 3847/3847/3847 3849/3849/3849
f 3849/3849/3849 3847/3847/3847 3850/3850/3850
f 3852/3852/3852 3851/3851/3851 3853/3853/3853
f 3853/3853/3853 3851/3851/3851 3854/3854/3854
f 3856/3856/3856 3855/3855/3855 3857/3857/3857
f 3857/3857/3857 3855/3855/3855 3858/3858/3858
f 3860/3860/3860 3859/3859/3859 3861/3861/3861
f 3861/3861/3861 3859/3859/3859 3862/3862/3862
f 3864/3864/3864 3863/3863/3863 3865/3865/3865
f 3865/3865/3865 3863/3863/3863 3866/3866/3866
f 3868/3868/3868 3867/3867/3867 3869/3869/3869
f 3869/3869/3869 3867/3867/3867 3870/3870/3870
f 3872/3872/3872 3871/3871/3871 3873/3873/3873
f 3873/3873/3873 3871/3871/3871 3874/3874/3874
f 3876/3876/3876 3875/3875/3875 3877/3877/3877
f 3877/3877/3877 3875/3875/3875 3878/3878/3878
f 3880/3880/3880 3879/3879/3879 3881/3881/3881
f 3881/3881/3881 3879/3879/3879 3882/3882/3882
f 3884/3884/3884 3883/3883/3883 3885/3885/3885
f 3885/3885/3885 3883/3883/3883 3886/3886/3886
f 3888/3888/3888 3887/3887/3887 3889/3889/3889
f 3889/3889/3889 3887/3887/3887 3890/3890/3890
f 3892/3892/3892 3891/3891/3891 3893/3893/3893
f 3893/3893/3893 3891/3891/3891 3894/3894/3894
f 3896/3896/3896 3895/3895/3895 3897/3897/3897
f 3897/3897/3897 3895/3895/3895 3898/3898/3898
f 3900/3900/3900 3899/3899/3899 3901/3901/3901
f 3901/3901/3901 3899/3899/3899 3902/3902/3902
f 3904/3904/3904 3903/3903/3903 3905/3905/3905
f 3905/3905/3905 3903/3903/3903 3906/3906/3906
f 3908/3908/3908 3907/3907/3907 3909/3909/3909
f 3909/3909/3909 3907/3907/3907 3910/3910/3910
f 3912/3912/3912 3911/3911/3911 3913/3913/3913
f 3913/3913/3913 3911/3911/3911 3914/3914/3914
f 3916/3916/3916 3915/3915/3915 3917/3917/3917
f 3917/3917/3917 3915/3915/3915 3918/3918/3918
f 3920/3920/3920 3919/3919/3919 3921/3921/3921
f 3921/3921/3921 3919/3919/3919 3922/3922/3922
f 3924/3924/3924 3923/3923/3923 3925/3925/3925
f 3925/3925/3925 3923/3923/3923 3926/3926/3926
f 3928/3928/3928 3927/3927/3927 3929/3929/3929
f 3929/3929/3929 3927/3927/3927 3930/3930/3930
f 3932/3932/3932 3931/3931/3931 3933/3933/3933
f 3933/3933/3933 3931/3931/3931 3934/3934/3934
f 3936/3936/3936 3935/3935/3935 3937/3937/3937
f 3937/3937/3937 3935/3935/3935 3938/3938/3938
f 3940/3940/3940 3939/3939/3939 3941/3941/3941
f 3942/3942/3942 3940/3940/3940 3941/3941/3941
f 3944/3944/3944 3943/3943/3943 3945/3945/3945
f 3946/3946/3946 3944/3944/3944 3945/3945/3945
f 3948/3948/3948 3947/3947/3947 3949/3949/3949
f 3950/3950/3950 3948/3948/3948 3949/3949/3949
f 3952/3952/3952 3951/3951/3951 3953/3953/3953
f 3954/3954/3954 3952/3952/3952 3953/3953/3953
f 3956/3956/3956 3955/3955/3955 3957/3957/3957
f 3958/3958/3958 3956/3956/3956 3957/3957/3957
f 3960/3960/3960 3959/3959/3959 3961/3961/3961
f 3962/3962/3962 3960/3960/3960 3961/3961/3961
f 3963/3963/3963 3960/3960/3960 3962/3962/3962
f 3964/3964/3964 3963/3963/3963 3962/3962/3962
f 3961/3961/3961 3964/3964/3964 3962/3962/3962
f 3965/3965/3965 3963/3963/3963 3964/3964/3964
f 3966/3966/3966 3965/3965/3965 3964/3964/3964
f 3961/3961/3961 3966/3966/3966 3964/3964/3964
f 3966/3966/3966 3967/3967/3967 3965/3965/3965
f 3966/3966/3966 3961/3961/3961 3967/3967/3967
f 3967/3967/3967 3968/3968/3968 3965/3965/3965
f 3969/3969/3969 3968/3968/3968 3967/3967/3967
f 3961/3961/3961 3970/3970/3970 3967/3967/3967
f 3970/3970/3970 3969/3969/3969 3967/3967/3967
f 3961/3961/3961 3971/3971/3971 3970/3970/3970
f 3972/3972/3972 3969/3969/3969 3970/3970/3970
f 3974/3974/3974 3973/3973/3973 3975/3975/3975
f 3976/3976/3976 3974/3974/3974 3975/3975/3975
f 3978/3978/3978 3977/3977/3977 3979/3979/3979
f 3980/3980/3980 3978/3978/3978 3979/3979/3979
f 3982/3982/3982 3981/3981/3981 3983/3983/3983
f 3984/3984/3984 3982/3982/3982 3983/3983/3983
f 3986/3986/3986 3985/3985/3985 3987/3987/3987
f 3988/3988/3988 3986/3986/3986 3987/3987/3987
f 3990/3990/3990 3989/3989/3989 3991/3991/3991
f 3990/3990/3990 3991/3991/3991 3992/3992/3992
f 3993/3993/3993 3990/3990/3990 3992/3992/3992
f 3993/3993/3993 3992/3992/3992 3994/3994/3994
f 3996/3996/3996 3995/3995/3995 3997/3997/3997
f 3998/3998/3998 3996/3996/3996 3997/3997/3997
f 4000/4000/4000 3999/3999/3999 4001/4001/4001
f 4002/4002/4002 4000/4000/4000 4001/4001/4001
f 4004/4004/4004 4003/4003/4003 4005/4005/4005
f 4006/4006/4006 4004/4004/4004 4005/4005/4005
f 4008/4008/4008 4007/4007/4007 4009/4009/4009
f 4010/4010/4010 4008/4008/4008 4009/4009/4009
f 4012/4012/4012 4011/4011/4011 4013/4013/4013
f 4014/4014/4014 4012/4012/4012 4013/4013/4013
f 4016/4016/4016 4015/4015/4015 4017/4017/4017
f 4016/4016/4016 4017/4017/4017 4018/4018/4018
f 4019/4019/4019 4016/4016/4016 4018/4018/4018
f 4019/4019/4019 4018/4018/4018 4020/4020/4020
f 4022/4022/4022 4021/4021/4021 4023/4023/4023
f 4024/4024/4024 4022/4022/4022 4023/4023/4023
f 4025/4025/4025 4022/4022/4022 4024/4024/4024
f 4026/4026/4026 4025/4025/4025 4024/4024/4024
f 4023/4023/4023 4026/4026/4026 4024/4024/4024
f 4027/4027/4027 4025/4025/4025 4026/4026/4026
f 4028/4028/4028 4027/4027/4027 4026/4026/4026
f 4023/4023/4023 4028/4028/4028 4026/4026/4026
f 4028/4028/4028 4029/4029/4029 4027/4027/4027
f 4028/4028/4028 4023/4023/4023 4029/4029/4029
f 4029/4029/4029 4030/4030/4030 4027/4027/4027
f 4031/4031/4031 4030/4030/4030 4029/4029/4029
f 4023/4023/4023 4032/4032/4032 4029/4029/4029
f 4032/4032/4032 4031/4031/4031 4029/4029/4029
f 4023/4023/4023 4033/4033/4033 4032/4032/4032
f 4034/4034/4034 4031/4031/4031 4032/4032/4032
f 4036/4036/4036 4035/4035/4035 4037/4037/4037
f 4038/4038/4038 4036/4036/4036 4037/4037/4037
f 4040/4040/4040 4039/4039/4039 4041/4041/4041
f 4042/4042/4042 4040/4040/4040 4041/4041/4041
f 4044/4044/4044 4043/4043/4043 4045/4045/4045
f 4046/4046/4046 4044/4044/4044 4045/4045/4045
f 4048/4048/4048 4047/4047/4047 4049/4049/4049
f 4050/4050/4050 4048/4048/4048 4049/4049/4049
f 4052/4052/4052 4051/4051/4051 4053/4053/4053
f 4052/4052/4052 4053/4053/4053 4054/4054/4054
f 4055/4055/4055 4052/4052/4052 4054/4054/4054
f 4055/4055/4055 4054/4054/4054 4056/4056/4056
f 4058/4058/4058 4057/4057/4057 4059/4059/4059
f 4060/4060/4060 4058/4058/4058 4059/4059/4059
f 4062/4062/4062 4061/4061/4061 4063/4063/4063
f 4064/4064/4064 4062/4062/4062 4063/4063/4063
f 4066/4066/4066 4065/4065/4065 4067/4067/4067
f 4068/4068/4068 4066/4066/4066 4067/4067/4067
f 4070/4070/4070 4069/4069/4069 4071/4071/4071
f 4072/4072/4072 4070/4070/4070 4071/4071/4071
f 4074/4074/4074 4073/4073/4073 4075/4075/4075
f 4076/4076/4076 4074/4074/4074 4075/4075/4075
f 4078/4078/4078 4077/4077/4077 4079/4079/4079
f 4078/4078/4078 4079/4079/4079 4080/4080/4080
f 4081/4081/4081 4078/4078/4078 4080/4080/4080
f 4081/4081/4081 4080/4080/4080 4082/4082/4082
f 4084/4084/4084 4083/4083/4083 4085/4085/4085
f 4086/4086/4086 4084/4084/4084 4085/4085/4085
f 4088/4088/4088 4087/4087/4087 4089/4089/4089
f 4090/4090/4090 4088/4088/4088 4089/4089/4089
f 4092/4092/4092 4091/4091/4091 4093/4093/4093
f 4094/4094/4094 4092/4092/4092 4093/4093/4093
f 4096/4096/4096 4095/4095/4095 4097/4097/4097
f 4098/4098/4098 4096/4096/4096 4097/4097/4097
f 4100/4100/4100 4099/4099/4099 4101/4101/4101
f 4102/4102/4102 4100/4100/4100 4101/4101/4101
f 4104/4104/4104 4103/4103/4103 4105/4105/4105
f 4106/4106/4106 4104/4104/4104 4105/4105/4105
f 4104/4104/4104 4106/4106/4106 4107/4107/4107
f 4104/4104/4104 4107/4107/4107 4108/4108/4108
f 4110/4110/4110 4109/4109/4109 4111/4111/4111
f 4113/4113/4113 4112/4112/4112 4109/4109/4109
f 4114/4114/4114 4113/4113/4113 4109/4109/4109
f 4115/4115/4115 4114/4114/4114 4111/4111/4111
f 4113/4113/4113 4116/4116/4116 4115/4115/4115
f 4117/4117/4117 4112/4112/4112 4113/4113/4113
f 4115/4115/4115 4111/4111/4111 4118/4118/4118
f 4113/4113/4113 4115/4115/4115 4118/4118/4118
f 4111/4111/4111 4119/4119/4119 4118/4118/4118
f 4118/4118/4118 4119/4119/4119 4120/4120/4120
f 4121/4121/4121 4120/4120/4120 4117/4117/4117
f 4121/4121/4121 4118/4118/4118 4120/4120/4120
f 4122/4122/4122 4117/4117/4117 4113/4113/4113
f 4122/4122/4122 4113/4113/4113 4118/4118/4118
f 4122/4122/4122 4121/4121/4121 4117/4117/4117
f 4122/4122/4122 4118/4118/4118 4121/4121/4121
f 4124/4124/4124 4123/4123/4123 4125/4125/4125
f 4126/4126/4126 4124/4124/4124 4125/4125/4125
f 4128/4128/4128 4127/4127/4127 4129/4129/4129
f 4130/4130/4130 4128/4128/4128 4129/4129/4129
f 4132/4132/4132 4131/4131/4131 4133/4133/4133
f 4134/4134/4134 4132/4132/4132 4133/4133/4133
f 4136/4136/4136 4135/4135/4135 4137/4137/4137
f 4138/4138/4138 4136/4136/4136 4137/4137/4137
f 4140/4140/4140 4139/4139/4139 4141/4141/4141
f 4142/4142/4142 4140/4140/4140 4141/4141/4141
f 4144/4144/4144 4143/4143/4143 4145/4145/4145
f 4146/4146/4146 4144/4144/4144 4145/4145/4145
f 4144/4144/4144 4146/4146/4146 4147/4147/4147
f 4144/4144/4144 4147/4147/4147 4148/4148/4148
f 4150/4150/4150 4149/4149/4149 4151/4151/4151
f 4152/4152/4152 4150/4150/4150 4151/4151/4151
f 4154/4154/4154 4153/4153/4153 4155/4155/4155
f 4156/4156/4156 4154/4154/4154 4155/4155/4155
f 4158/4158/4158 4157/4157/4157 4159/4159/4159
f 4160/4160/4160 4158/4158/4158 4159/4159/4159
f 4162/4162/4162 4161/4161/4161 4163/4163/4163
f 4164/4164/4164 4162/4162/4162 4163/4163/4163
f 4166/4166/4166 4165/4165/4165 4167/4167/4167
f 4168/4168/4168 4166/4166/4166 4167/4167/4167
f 4170/4170/4170 4169/4169/4169 4171/4171/4171
f 4170/4170/4170 4171/4171/4171 4172/4172/4172
f 4173/4173/4173 4170/4170/4170 4172/4172/4172
f 4173/4173/4173 4172/4172/4172 4174/4174/4174
mtllib ./2000013.mtl
g Cube (49)
v -128.4125 27.47357 -39.75462
v -119.9242 27.47357 -45.04115
v -128.4125 32.47356 -39.75462
v -119.9242 32.47356 -45.04115
v -131.0558 32.47356 -43.9988
v -122.5674 32.47356 -49.28535
v -131.0558 27.47357 -43.9988
v -122.5674 27.47357 -49.28535
v -128.4125 32.47356 -39.75462
v -119.9242 32.47356 -45.04115
v -131.0558 32.47356 -43.9988
v -122.5674 32.47356 -49.28535
v -131.0558 27.47357 -43.9988
v -128.4125 27.47357 -39.75462
v -119.9242 27.47357 -45.04115
v -122.5674 27.47357 -49.28535
v -119.9242 27.47357 -45.04115
v -119.9242 32.47356 -45.04115
v -122.5674 32.47356 -49.28535
v -122.5674 27.47357 -49.28535
v -131.0558 27.47357 -43.9988
v -131.0558 32.47356 -43.9988
v -128.4125 32.47356 -39.75462
v -128.4125 27.47357 -39.75462

vn 0.5286537 0 0.8488376
vn 0.5286537 0 0.8488376
vn 0.5286537 0 0.8488376
vn 0.5286537 0 0.8488376
vn 0 1 0
vn 0 1 0
vn -0.5286537 0 -0.8488376
vn -0.5286537 0 -0.8488376
vn 0 1 0
vn 0 1 0
vn -0.5286537 0 -0.8488376
vn -0.5286537 0 -0.8488376
vn 0 -1 0
vn 0 -1 0
vn 0 -1 0
vn 0 -1 0
vn 0.8488376 0 -0.5286537
vn 0.8488376 0 -0.5286537
vn 0.8488376 0 -0.5286537
vn 0.8488376 0 -0.5286537
vn -0.8488376 0 0.5286537
vn -0.8488376 0 0.5286537
vn -0.8488376 0 0.5286537
vn -0.8488376 0 0.5286537

vt 0 0
vt 1 0
vt 0 1
vt 1 1
vt 0 1
vt 1 1
vt 0 1
vt 1 1
vt 0 0
vt 1 0
vt 0 0
vt 1 0
vt 0 0
vt 0 1
vt 1 1
vt 1 0
vt 0 0
vt 0 1
vt 1 1
vt 1 0
vt 0 0
vt 0 1
vt 1 1
vt 1 0

usemtl Default-Material
usemap Default-Material
f 4177/4177/4177 4175/4175/4175 4178/4178/4178
f 4178/4178/4178 4175/4175/4175 4176/4176/4176
f 4179/4179/4179 4183/4183/4183 4180/4180/4180
f 4180/4180/4180 4183/4183/4183 4184/4184/4184
f 4181/4181/4181 4185/4185/4185 4182/4182/4182
f 4182/4182/4182 4185/4185/4185 4186/4186/4186
f 4188/4188/4188 4187/4187/4187 4189/4189/4189
f 4189/4189/4189 4187/4187/4187 4190/4190/4190
f 4192/4192/4192 4191/4191/4191 4193/4193/4193
f 4193/4193/4193 4191/4191/4191 4194/4194/4194
f 4196/4196/4196 4195/4195/4195 4197/4197/4197
f 4197/4197/4197 4195/4195/4195 4198/4198/4198
mtllib ./2000013.mtl
g Cube (13)
v -58.15158 27.47357 167.6887
v -40.08257 27.47357 147.0005
v -58.15158 32.47356 167.6887
v -40.08257 32.47356 147.0005
v -61.91745 32.47356 164.3996
v -43.84843 32.47356 143.7114
v -61.91745 27.47357 164.3996
v -43.84843 27.47357 143.7114
v -58.15158 32.47356 167.6887
v -40.08257 32.47356 147.0005
v -61.91745 32.47356 164.3996
v -43.84843 32.47356 143.7114
v -61.91745 27.47357 164.3996
v -58.15158 27.47357 167.6887
v -40.08257 27.47357 147.0005
v -43.84843 27.47357 143.7114
v -40.08257 27.47357 147.0005
v -40.08257 32.47356 147.0005
v -43.84843 32.47356 143.7114
v -43.84843 27.47357 143.7114
v -61.91745 27.47357 164.3996
v -61.91745 32.47356 164.3996
v -58.15158 32.47356 167.6887
v -58.15158 27.47357 167.6887

vn 0.7531745 0 0.6578206
vn 0.7531745 0 0.6578206
vn 0.7531745 0 0.6578206
vn 0.7531745 0 0.6578206
vn 0 1 0
vn 0 1 0
vn -0.7531745 0 -0.6578206
vn -0.7531745 0 -0.6578206
vn 0 1 0
vn 0 1 0
vn -0.7531745 0 -0.6578206
vn -0.7531745 0 -0.6578206
vn 0 -1 0
vn 0 -1 0
vn 0 -1 0
vn 0 -1 0
vn 0.6578206 0 -0.7531745
vn 0.6578206 0 -0.7531745
vn 0.6578206 0 -0.7531745
vn 0.6578206 0 -0.7531745
vn -0.6578206 0 0.7531745
vn -0.6578206 0 0.7531745
vn -0.6578206 0 0.7531745
vn -0.6578206 0 0.7531745

vt 0 0
vt 1 0
vt 0 1
vt 1 1
vt 0 1
vt 1 1
vt 0 1
vt 1 1
vt 0 0
vt 1 0
vt 0 0
vt 1 0
vt 0 0
vt 0 1
vt 1 1
vt 1 0
vt 0 0
vt 0 1
vt 1 1
vt 1 0
vt 0 0
vt 0 1
vt 1 1
vt 1 0

usemtl Default-Material
usemap Default-Material
f 4201/4201/4201 4199/4199/4199 4202/4202/4202
f 4202/4202/4202 4199/4199/4199 4200/4200/4200
f 4203/4203/4203 4207/4207/4207 4204/4204/4204
f 4204/4204/4204 4207/4207/4207 4208/4208/4208
f 4205/4205/4205 4209/4209/4209 4206/4206/4206
f 4206/4206/4206 4209/4209/4209 4210/4210/4210
f 4212/4212/4212 4211/4211/4211 4213/4213/4213
f 4213/4213/4213 4211/4211/4211 4214/4214/4214
f 4216/4216/4216 4215/4215/4215 4217/4217/4217
f 4217/4217/4217 4215/4215/4215 4218/4218/4218
f 4220/4220/4220 4219/4219/4219 4221/4221/4221
f 4221/4221/4221 4219/4219/4219 4222/4222/4222
mtllib ./2000013.mtl
g Cube (11)
v -87.69951 27.47357 196.6543
v -70.76395 27.47357 175.0285
v -87.69951 32.47356 196.6543
v -70.76395 32.47356 175.0285
v -91.63606 32.47356 193.5715
v -74.70051 32.47356 171.9457
v -91.63606 27.47357 193.5715
v -74.70051 27.47357 171.9457
v -87.69951 32.47356 196.6543
v -70.76395 32.47356 175.0285
v -91.63606 32.47356 193.5715
v -74.70051 32.47356 171.9457
v -91.63606 27.47357 193.5715
v -87.69951 27.47357 196.6543
v -70.76395 27.47357 175.0285
v -74.70051 27.47357 171.9457
v -70.76395 27.47357 175.0285
v -70.76395 32.47356 175.0285
v -74.70051 32.47356 171.9457
v -74.70051 27.47357 171.9457
v -91.63606 27.47357 193.5715
v -91.63606 32.47356 193.5715
v -87.69951 32.47356 196.6543
v -87.69951 27.47357 196.6543

vn 0.7873111 0 0.6165562
vn 0.7873111 0 0.6165562
vn 0.7873111 0 0.6165562
vn 0.7873111 0 0.6165562
vn 0 1 0
vn 0 1 0
vn -0.7873111 0 -0.6165562
vn -0.7873111 0 -0.6165562
vn 0 1 0
vn 0 1 0
vn -0.7873111 0 -0.6165562
vn -0.7873111 0 -0.6165562
vn 0 -1 0
vn 0 -1 0
vn 0 -1 0
vn 0 -1 0
vn 0.6165562 0 -0.787311
vn 0.6165562 0 -0.787311
vn 0.6165562 0 -0.787311
vn 0.6165562 0 -0.787311
vn -0.6165562 0 0.787311
vn -0.6165562 0 0.787311
vn -0.6165562 0 0.787311
vn -0.6165562 0 0.787311

vt 0 0
vt 1 0
vt 0 1
vt 1 1
vt 0 1
vt 1 1
vt 0 1
vt 1 1
vt 0 0
vt 1 0
vt 0 0
vt 1 0
vt 0 0
vt 0 1
vt 1 1
vt 1 0
vt 0 0
vt 0 1
vt 1 1
vt 1 0
vt 0 0
vt 0 1
vt 1 1
vt 1 0

usemtl Default-Material
usemap Default-Material
f 4225/4225/4225 4223/4223/4223 4226/4226/4226
f 4226/4226/4226 4223/4223/4223 4224/4224/4224
f 4227/4227/4227 4231/4231/4231 4228/4228/4228
f 4228/4228/4228 4231/4231/4231 4232/4232/4232
f 4229/4229/4229 4233/4233/4233 4230/4230/4230
f 4230/4230/4230 4233/4233/4233 4234/4234/4234
f 4236/4236/4236 4235/4235/4235 4237/4237/4237
f 4237/4237/4237 4235/4235/4235 4238/4238/4238
f 4240/4240/4240 4239/4239/4239 4241/4241/4241
f 4241/4241/4241 4239/4239/4239 4242/4242/4242
f 4244/4244/4244 4243/4243/4243 4245/4245/4245
f 4245/4245/4245 4243/4243/4243 4246/4246/4246
mtllib ./2000013.mtl
g Cube (46)
v -134.6472 27.47357 -39.50912
v -43.01639 27.47357 -56.97932
v -134.6472 32.47356 -39.50912
v -43.01639 32.47356 -56.97932
v -135.5836 32.47356 -44.42063
v -43.95281 32.47356 -61.89086
v -135.5836 27.47357 -44.42063
v -43.95281 27.47357 -61.89086
v -134.6472 32.47356 -39.50912
v -43.01639 32.47356 -56.97932
v -135.5836 32.47356 -44.42063
v -43.95281 32.47356 -61.89086
v -135.5836 27.47357 -44.42063
v -134.6472 27.47357 -39.50912
v -43.01639 27.47357 -56.97932
v -43.95281 27.47357 -61.89086
v -43.01639 27.47357 -56.97932
v -43.01639 32.47356 -56.97932
v -43.95281 32.47356 -61.89086
v -43.95281 27.47357 -61.89086
v -135.5836 27.47357 -44.42063
v -135.5836 32.47356 -44.42063
v -134.6472 32.47356 -39.50912
v -134.6472 27.47357 -39.50912

vn 0.1872849 0 0.9823057
vn 0.1872849 0 0.9823057
vn 0.1872849 0 0.9823057
vn 0.1872849 0 0.9823057
vn 0 1 0
vn 0 1 0
vn -0.1872849 0 -0.9823057
vn -0.1872849 0 -0.9823057
vn 0 1 0
vn 0 1 0
vn -0.1872849 0 -0.9823057
vn -0.1872849 0 -0.9823057
vn 0 -1 0
vn 0 -1 0
vn 0 -1 0
vn 0 -1 0
vn 0.9823057 0 -0.1872849
vn 0.9823057 0 -0.1872849
vn 0.9823057 0 -0.1872849
vn 0.9823057 0 -0.1872849
vn -0.9823057 0 0.1872849
vn -0.9823057 0 0.1872849
vn -0.9823057 0 0.1872849
vn -0.9823057 0 0.1872849

vt 0 0
vt 1 0
vt 0 1
vt 1 1
vt 0 1
vt 1 1
vt 0 1
vt 1 1
vt 0 0
vt 1 0
vt 0 0
vt 1 0
vt 0 0
vt 0 1
vt 1 1
vt 1 0
vt 0 0
vt 0 1
vt 1 1
vt 1 0
vt 0 0
vt 0 1
vt 1 1
vt 1 0

usemtl Default-Material
usemap Default-Material
f 4249/4249/4249 4247/4247/4247 4250/4250/4250
f 4250/4250/4250 4247/4247/4247 4248/4248/4248
f 4251/4251/4251 4255/4255/4255 4252/4252/4252
f 4252/4252/4252 4255/4255/4255 4256/4256/4256
f 4253/4253/4253 4257/4257/4257 4254/4254/4254
f 4254/4254/4254 4257/4257/4257 4258/4258/4258
f 4260/4260/4260 4259/4259/4259 4261/4261/4261
f 4261/4261/4261 4259/4259/4259 4262/4262/4262
f 4264/4264/4264 4263/4263/4263 4265/4265/4265
f 4265/4265/4265 4263/4263/4263 4266/4266/4266
f 4268/4268/4268 4267/4267/4267 4269/4269/4269
f 4269/4269/4269 4267/4267/4267 4270/4270/4270
mtllib ./2000013.mtl
g Cube (83)
v -142.0251 26.17955 216.6263
v -148.3898 26.0286 230.2082
v -142.0719 31.17922 216.6599
v -148.4366 31.02826 230.2418
v -139.8702 31.19288 217.6918
v -146.2349 31.04192 231.2737
v -139.8235 26.19321 217.6581
v -146.1881 26.04225 231.2401
v -142.0719 31.17922 216.6599
v -148.4366 31.02826 230.2418
v -139.8702 31.19288 217.6918
v -146.2349 31.04192 231.2737
v -139.8235 26.19321 217.6581
v -142.0251 26.17955 216.6263
v -148.3898 26.0286 230.2082
v -146.1881 26.04225 231.2401
v -148.3898 26.0286 230.2082
v -148.4366 31.02826 230.2418
v -146.2349 31.04192 231.2737
v -146.1881 26.04225 231.2401
v -139.8235 26.19321 217.6581
v -139.8702 31.19288 217.6918
v -142.0719 31.17922 216.6599
v -142.0251 26.17955 216.6263

vn -0.9054693 -0.005616961 -0.4243744
vn -0.9054693 -0.005616961 -0.4243744
vn -0.9054693 -0.005616961 -0.4243744
vn -0.9054693 -0.005616961 -0.4243744
vn -0.009356734 0.9999336 0.006729079
vn -0.009356734 0.9999336 0.006729079
vn 0.9054693 0.005616961 0.4243744
vn 0.9054693 0.005616961 0.4243744
vn -0.009356734 0.9999336 0.006729079
vn -0.009356734 0.9999336 0.006729079
vn 0.9054693 0.005616961 0.4243744
vn 0.9054693 0.005616961 0.4243744
vn 0.009356734 -0.9999336 -0.006729079
vn 0.009356734 -0.9999336 -0.006729079
vn 0.009356734 -0.9999336 -0.006729079
vn 0.009356734 -0.9999336 -0.006729079
vn -0.4243084 -0.01006373 0.9054617
vn -0.4243084 -0.01006373 0.9054617
vn -0.4243084 -0.01006373 0.9054617
vn -0.4243084 -0.01006373 0.9054617
vn 0.4243084 0.01006373 -0.9054617
vn 0.4243084 0.01006373 -0.9054617
vn 0.4243084 0.01006373 -0.9054617
vn 0.4243084 0.01006373 -0.9054617

vt 0 0
vt 1 0
vt 0 1
vt 1 1
vt 0 1
vt 1 1
vt 0 1
vt 1 1
vt 0 0
vt 1 0
vt 0 0
vt 1 0
vt 0 0
vt 0 1
vt 1 1
vt 1 0
vt 0 0
vt 0 1
vt 1 1
vt 1 0
vt 0 0
vt 0 1
vt 1 1
vt 1 0

usemtl Default-Material
usemap Default-Material
f 4273/4273/4273 4271/4271/4271 4274/4274/4274
f 4274/4274/4274 4271/4271/4271 4272/4272/4272
f 4275/4275/4275 4279/4279/4279 4276/4276/4276
f 4276/4276/4276 4279/4279/4279 4280/4280/4280
f 4277/4277/4277 4281/4281/4281 4278/4278/4278
f 4278/4278/4278 4281/4281/4281 4282/4282/4282
f 4284/4284/4284 4283/4283/4283 4285/4285/4285
f 4285/4285/4285 4283/4283/4283 4286/4286/4286
f 4288/4288/4288 4287/4287/4287 4289/4289/4289
f 4289/4289/4289 4287/4287/4287 4290/4290/4290
f 4292/4292/4292 4291/4291/4291 4293/4293/4293
f 4293/4293/4293 4291/4291/4291 4294/4294/4294
mtllib ./2000013.mtl
g Cube (9)
v -114.4984 27.47357 236.1865
v -100.8795 27.47357 212.3325
v -114.4984 32.47356 236.1865
v -100.8795 32.47356 212.3325
v -118.8406 32.47356 233.7075
v -105.2216 32.47356 209.8535
v -118.8406 27.47357 233.7075
v -105.2216 27.47357 209.8535
v -114.4984 32.47356 236.1865
v -100.8795 32.47356 212.3325
v -118.8406 32.47356 233.7075
v -105.2216 32.47356 209.8535
v -118.8406 27.47357 233.7075
v -114.4984 27.47357 236.1865
v -100.8795 27.47357 212.3325
v -105.2216 27.47357 209.8535
v -100.8795 27.47357 212.3325
v -100.8795 32.47356 212.3325
v -105.2216 32.47356 209.8535
v -105.2216 27.47357 209.8535
v -118.8406 27.47357 233.7075
v -118.8406 32.47356 233.7075
v -114.4984 32.47356 236.1865
v -114.4984 27.47357 236.1865

vn 0.8684303 0 0.4958115
vn 0.8684303 0 0.4958115
vn 0.8684303 0 0.4958115
vn 0.8684303 0 0.4958115
vn 0 1 0
vn 0 1 0
vn -0.8684303 0 -0.4958115
vn -0.8684303 0 -0.4958115
vn 0 1 0
vn 0 1 0
vn -0.8684303 0 -0.4958115
vn -0.8684303 0 -0.4958115
vn 0 -1 0
vn 0 -1 0
vn 0 -1 0
vn 0 -1 0
vn 0.4958115 0 -0.8684303
vn 0.4958115 0 -0.8684303
vn 0.4958115 0 -0.8684303
vn 0.4958115 0 -0.8684303
vn -0.4958115 0 0.8684303
vn -0.4958115 0 0.8684303
vn -0.4958115 0 0.8684303
vn -0.4958115 0 0.8684303

vt 0 0
vt 1 0
vt 0 1
vt 1 1
vt 0 1
vt 1 1
vt 0 1
vt 1 1
vt 0 0
vt 1 0
vt 0 0
vt 1 0
vt 0 0
vt 0 1
vt 1 1
vt 1 0
vt 0 0
vt 0 1
vt 1 1
vt 1 0
vt 0 0
vt 0 1
vt 1 1
vt 1 0

usemtl Default-Material
usemap Default-Material
f 4297/4297/4297 4295/4295/4295 4298/4298/4298
f 4298/4298/4298 4295/4295/4295 4296/4296/4296
f 4299/4299/4299 4303/4303/4303 4300/4300/4300
f 4300/4300/4300 4303/4303/4303 4304/4304/4304
f 4301/4301/4301 4305/4305/4305 4302/4302/4302
f 4302/4302/4302 4305/4305/4305 4306/4306/4306
f 4308/4308/4308 4307/4307/4307 4309/4309/4309
f 4309/4309/4309 4307/4307/4307 4310/4310/4310
f 4312/4312/4312 4311/4311/4311 4313/4313/4313
f 4313/4313/4313 4311/4311/4311 4314/4314/4314
f 4316/4316/4316 4315/4315/4315 4317/4317/4317
f 4317/4317/4317 4315/4315/4315 4318/4318/4318
mtllib ./2000013.mtl
g Cube (48)
v -123.2333 27.47357 -44.24184
v -95.8513 27.47357 -46.41376
v -123.2333 32.47356 -44.24184
v -95.8513 32.47356 -46.41376
v -123.6287 32.47356 -49.2262
v -96.24666 32.47356 -51.39811
v -123.6287 27.47357 -49.2262
v -96.24666 27.47357 -51.39811
v -123.2333 32.47356 -44.24184
v -95.8513 32.47356 -46.41376
v -123.6287 32.47356 -49.2262
v -96.24666 32.47356 -51.39811
v -123.6287 27.47357 -49.2262
v -123.2333 27.47357 -44.24184
v -95.8513 27.47357 -46.41376
v -96.24666 27.47357 -51.39811
v -95.8513 27.47357 -46.41376
v -95.8513 32.47356 -46.41376
v -96.24666 32.47356 -51.39811
v -96.24666 27.47357 -51.39811
v -123.6287 27.47357 -49.2262
v -123.6287 32.47356 -49.2262
v -123.2333 32.47356 -44.24184
v -123.2333 27.47357 -44.24184

vn 0.07907032 0 0.996869
vn 0.07907032 0 0.996869
vn 0.07907032 0 0.996869
vn 0.07907032 0 0.996869
vn 0 1 0
vn 0 1 0
vn -0.07907032 0 -0.996869
vn -0.07907032 0 -0.996869
vn 0 1 0
vn 0 1 0
vn -0.07907032 0 -0.996869
vn -0.07907032 0 -0.996869
vn 0 -1 0
vn 0 -1 0
vn 0 -1 0
vn 0 -1 0
vn 0.996869 0 -0.07907033
vn 0.996869 0 -0.07907033
vn 0.996869 0 -0.07907033
vn 0.996869 0 -0.07907033
vn -0.996869 0 0.07907033
vn -0.996869 0 0.07907033
vn -0.996869 0 0.07907033
vn -0.996869 0 0.07907033

vt 0 0
vt 1 0
vt 0 1
vt 1 1
vt 0 1
vt 1 1
vt 0 1
vt 1 1
vt 0 0
vt 1 0
vt 0 0
vt 1 0
vt 0 0
vt 0 1
vt 1 1
vt 1 0
vt 0 0
vt 0 1
vt 1 1
vt 1 0
vt 0 0
vt 0 1
vt 1 1
vt 1 0

usemtl Default-Material
usemap Default-Material
f 4321/4321/4321 4319/4319/4319 4322/4322/4322
f 4322/4322/4322 4319/4319/4319 4320/4320/4320
f 4323/4323/4323 4327/4327/4327 4324/4324/4324
f 4324/4324/4324 4327/4327/4327 4328/4328/4328
f 4325/4325/4325 4329/4329/4329 4326/4326/4326
f 4326/4326/4326 4329/4329/4329 4330/4330/4330
f 4332/4332/4332 4331/4331/4331 4333/4333/4333
f 4333/4333/4333 4331/4331/4331 4334/4334/4334
f 4336/4336/4336 4335/4335/4335 4337/4337/4337
f 4337/4337/4337 4335/4335/4335 4338/4338/4338
f 4340/4340/4340 4339/4339/4339 4341/4341/4341
f 4341/4341/4341 4339/4339/4339 4342/4342/4342
mtllib ./2000013.mtl
g Cube (89)
v -105.1114 27.15076 153.2908
v -94.88155 27.05876 157.723
v -105.0896 32.15043 153.3441
v -94.8597 32.05843 157.7763
v -101.2384 32.22838 144.457
v -91.00858 32.13637 148.8892
v -101.2603 27.22871 144.4037
v -91.03044 27.13671 148.8359
v -105.0896 32.15043 153.3441
v -94.8597 32.05843 157.7763
v -101.2384 32.22838 144.457
v -91.00858 32.13637 148.8892
v -101.2603 27.22871 144.4037
v -105.1114 27.15076 153.2908
v -94.88155 27.05876 157.723
v -91.03044 27.13671 148.8359
v -94.88155 27.05876 157.723
v -94.8597 32.05843 157.7763
v -91.00858 32.13637 148.8892
v -91.03044 27.13671 148.8359
v -101.2603 27.22871 144.4037
v -101.2384 32.22838 144.457
v -105.0896 32.15043 153.3441
v -105.1114 27.15076 153.2908

vn -0.3975981 -0.008047585 0.9175243
vn -0.3975981 -0.008047585 0.9175243
vn -0.3975981 -0.008047585 0.9175243
vn -0.3975981 -0.008047585 0.9175243
vn 0.004372288 0.9999335 0.01066507
vn 0.004372288 0.9999335 0.01066507
vn 0.3975981 0.008047585 -0.9175243
vn 0.3975981 0.008047585 -0.9175243
vn 0.004372288 0.9999335 0.01066507
vn 0.004372288 0.9999335 0.01066507
vn 0.3975981 0.008047585 -0.9175243
vn 0.3975981 0.008047585 -0.9175243
vn -0.004372288 -0.9999335 -0.01066507
vn -0.004372288 -0.9999335 -0.01066507
vn -0.004372288 -0.9999335 -0.01066507
vn -0.004372288 -0.9999335 -0.01066507
vn 0.9175492 -0.008252095 0.3975366
vn 0.9175492 -0.008252095 0.3975366
vn 0.9175492 -0.008252095 0.3975366
vn 0.9175492 -0.008252095 0.3975366
vn -0.9175492 0.008252095 -0.3975366
vn -0.9175492 0.008252095 -0.3975366
vn -0.9175492 0.008252095 -0.3975366
vn -0.9175492 0.008252095 -0.3975366

vt 0 0
vt 1 0
vt 0 1
vt 1 1
vt 0 1
vt 1 1
vt 0 1
vt 1 1
vt 0 0
vt 1 0
vt 0 0
vt 1 0
vt 0 0
vt 0 1
vt 1 1
vt 1 0
vt 0 0
vt 0 1
vt 1 1
vt 1 0
vt 0 0
vt 0 1
vt 1 1
vt 1 0

usemtl Default-Material
usemap Default-Material
f 4345/4345/4345 4343/4343/4343 4346/4346/4346
f 4346/4346/4346 4343/4343/4343 4344/4344/4344
f 4347/4347/4347 4351/4351/4351 4348/4348/4348
f 4348/4348/4348 4351/4351/4351 4352/4352/4352
f 4349/4349/4349 4353/4353/4353 4350/4350/4350
f 4350/4350/4350 4353/4353/4353 4354/4354/4354
f 4356/4356/4356 4355/4355/4355 4357/4357/4357
f 4357/4357/4357 4355/4355/4355 4358/4358/4358
f 4360/4360/4360 4359/4359/4359 4361/4361/4361
f 4361/4361/4361 4359/4359/4359 4362/4362/4362
f 4364/4364/4364 4363/4363/4363 4365/4365/4365
f 4365/4365/4365 4363/4363/4363 4366/4366/4366
mtllib ./2000013.mtl
g Cube (6)
v -178.4276 27.47357 291.1213
v -158.4503 27.47357 292.073
v -178.4276 32.47356 291.1213
v -158.4503 32.47356 292.073
v -178.1897 32.47356 286.127
v -158.2124 32.47356 287.0786
v -178.1897 27.47357 286.127
v -158.2124 27.47357 287.0786
v -178.4276 32.47356 291.1213
v -158.4503 32.47356 292.073
v -178.1897 32.47356 286.127
v -158.2124 32.47356 287.0786
v -178.1897 27.47357 286.127
v -178.4276 27.47357 291.1213
v -158.4503 27.47357 292.073
v -158.2124 27.47357 287.0786
v -158.4503 27.47357 292.073
v -158.4503 32.47356 292.073
v -158.2124 32.47356 287.0786
v -158.2124 27.47357 287.0786
v -178.1897 27.47357 286.127
v -178.1897 32.47356 286.127
v -178.4276 32.47356 291.1213
v -178.4276 27.47357 291.1213

vn -0.04758364 0 0.9988671
vn -0.04758364 0 0.9988671
vn -0.04758364 0 0.9988671
vn -0.04758364 0 0.9988671
vn 0 1 0
vn 0 1 0
vn 0.04758364 0 -0.9988671
vn 0.04758364 0 -0.9988671
vn 0 1 0
vn 0 1 0
vn 0.04758364 0 -0.9988671
vn 0.04758364 0 -0.9988671
vn 0 -1 0
vn 0 -1 0
vn 0 -1 0
vn 0 -1 0
vn 0.9988672 0 0.04758364
vn 0.9988672 0 0.04758364
vn 0.9988672 0 0.04758364
vn 0.9988672 0 0.04758364
vn -0.9988672 0 -0.04758364
vn -0.9988672 0 -0.04758364
vn -0.9988672 0 -0.04758364
vn -0.9988672 0 -0.04758364

vt 0 0
vt 1 0
vt 0 1
vt 1 1
vt 0 1
vt 1 1
vt 0 1
vt 1 1
vt 0 0
vt 1 0
vt 0 0
vt 1 0
vt 0 0
vt 0 1
vt 1 1
vt 1 0
vt 0 0
vt 0 1
vt 1 1
vt 1 0
vt 0 0
vt 0 1
vt 1 1
vt 1 0

usemtl Default-Material
usemap Default-Material
f 4369/4369/4369 4367/4367/4367 4370/4370/4370
f 4370/4370/4370 4367/4367/4367 4368/4368/4368
f 4371/4371/4371 4375/4375/4375 4372/4372/4372
f 4372/4372/4372 4375/4375/4375 4376/4376/4376
f 4373/4373/4373 4377/4377/4377 4374/4374/4374
f 4374/4374/4374 4377/4377/4377 4378/4378/4378
f 4380/4380/4380 4379/4379/4379 4381/4381/4381
f 4381/4381/4381 4379/4379/4379 4382/4382/4382
f 4384/4384/4384 4383/4383/4383 4385/4385/4385
f 4385/4385/4385 4383/4383/4383 4386/4386/4386
f 4388/4388/4388 4387/4387/4387 4389/4389/4389
f 4389/4389/4389 4387/4387/4387 4390/4390/4390
mtllib ./2000013.mtl
g Cube (3)
v -148.2699 27.47357 229.2165
v -169.3242 27.47357 257.1757
v -148.2699 32.47356 229.2165
v -169.3242 32.47356 257.1757
v -144.2758 32.47356 232.2243
v -165.3301 32.47356 260.1835
v -144.2758 27.47357 232.2243
v -165.3301 27.47357 260.1835
v -148.2699 32.47356 229.2165
v -169.3242 32.47356 257.1757
v -144.2758 32.47356 232.2243
v -165.3301 32.47356 260.1835
v -144.2758 27.47357 232.2243
v -148.2699 27.47357 229.2165
v -169.3242 27.47357 257.1757
v -165.3301 27.47357 260.1835
v -169.3242 27.47357 257.1757
v -169.3242 32.47356 257.1757
v -165.3301 32.47356 260.1835
v -165.3301 27.47357 260.1835
v -144.2758 27.47357 232.2243
v -144.2758 32.47356 232.2243
v -148.2699 32.47356 229.2165
v -148.2699 27.47357 229.2165

vn -0.798834 0 -0.6015514
vn -0.798834 0 -0.6015514
vn -0.798834 0 -0.6015514
vn -0.798834 0 -0.6015514
vn 0 1 0
vn 0 1 0
vn 0.798834 0 0.6015514
vn 0.798834 0 0.6015514
vn 0 1 0
vn 0 1 0
vn 0.798834 0 0.6015514
vn 0.798834 0 0.6015514
vn 0 -1 0
vn 0 -1 0
vn 0 -1 0
vn 0 -1 0
vn -0.6015514 0 0.798834
vn -0.6015514 0 0.798834
vn -0.6015514 0 0.798834
vn -0.6015514 0 0.798834
vn 0.6015514 0 -0.798834
vn 0.6015514 0 -0.798834
vn 0.6015514 0 -0.798834
vn 0.6015514 0 -0.798834

vt 0 0
vt 1 0
vt 0 1
vt 1 1
vt 0 1
vt 1 1
vt 0 1
vt 1 1
vt 0 0
vt 1 0
vt 0 0
vt 1 0
vt 0 0
vt 0 1
vt 1 1
vt 1 0
vt 0 0
vt 0 1
vt 1 1
vt 1 0
vt 0 0
vt 0 1
vt 1 1
vt 1 0

usemtl Default-Material
usemap Default-Material
f 4393/4393/4393 4391/4391/4391 4394/4394/4394
f 4394/4394/4394 4391/4391/4391 4392/4392/4392
f 4395/4395/4395 4399/4399/4399 4396/4396/4396
f 4396/4396/4396 4399/4399/4399 4400/4400/4400
f 4397/4397/4397 4401/4401/4401 4398/4398/4398
f 4398/4398/4398 4401/4401/4401 4402/4402/4402
f 4404/4404/4404 4403/4403/4403 4405/4405/4405
f 4405/4405/4405 4403/4403/4403 4406/4406/4406
f 4408/4408/4408 4407/4407/4407 4409/4409/4409
f 4409/4409/4409 4407/4407/4407 4410/4410/4410
f 4412/4412/4412 4411/4411/4411 4413/4413/4413
f 4413/4413/4413 4411/4411/4411 4414/4414/4414
mtllib ./2000013.mtl
g Cube (10)
v -104.4995 27.47357 218.0543
v -87.56395 27.47357 196.4285
v -104.4995 32.47356 218.0543
v -87.56395 32.47356 196.4285
v -108.4361 32.47356 214.9715
v -91.5005 32.47356 193.3457
v -108.4361 27.47357 214.9715
v -91.5005 27.47357 193.3457
v -104.4995 32.47356 218.0543
v -87.56395 32.47356 196.4285
v -108.4361 32.47356 214.9715
v -91.5005 32.47356 193.3457
v -108.4361 27.47357 214.9715
v -104.4995 27.47357 218.0543
v -87.56395 27.47357 196.4285
v -91.5005 27.47357 193.3457
v -87.56395 27.47357 196.4285
v -87.56395 32.47356 196.4285
v -91.5005 32.47356 193.3457
v -91.5005 27.47357 193.3457
v -108.4361 27.47357 214.9715
v -108.4361 32.47356 214.9715
v -104.4995 32.47356 218.0543
v -104.4995 27.47357 218.0543

vn 0.7873111 0 0.6165562
vn 0.7873111 0 0.6165562
vn 0.7873111 0 0.6165562
vn 0.7873111 0 0.6165562
vn 0 1 0
vn 0 1 0
vn -0.7873111 0 -0.6165562
vn -0.7873111 0 -0.6165562
vn 0 1 0
vn 0 1 0
vn -0.7873111 0 -0.6165562
vn -0.7873111 0 -0.6165562
vn 0 -1 0
vn 0 -1 0
vn 0 -1 0
vn 0 -1 0
vn 0.6165562 0 -0.787311
vn 0.6165562 0 -0.787311
vn 0.6165562 0 -0.787311
vn 0.6165562 0 -0.787311
vn -0.6165562 0 0.787311
vn -0.6165562 0 0.787311
vn -0.6165562 0 0.787311
vn -0.6165562 0 0.787311

vt 0 0
vt 1 0
vt 0 1
vt 1 1
vt 0 1
vt 1 1
vt 0 1
vt 1 1
vt 0 0
vt 1 0
vt 0 0
vt 1 0
vt 0 0
vt 0 1
vt 1 1
vt 1 0
vt 0 0
vt 0 1
vt 1 1
vt 1 0
vt 0 0
vt 0 1
vt 1 1
vt 1 0

usemtl Default-Material
usemap Default-Material
f 4417/4417/4417 4415/4415/4415 4418/4418/4418
f 4418/4418/4418 4415/4415/4415 4416/4416/4416
f 4419/4419/4419 4423/4423/4423 4420/4420/4420
f 4420/4420/4420 4423/4423/4423 4424/4424/4424
f 4421/4421/4421 4425/4425/4425 4422/4422/4422
f 4422/4422/4422 4425/4425/4425 4426/4426/4426
f 4428/4428/4428 4427/4427/4427 4429/4429/4429
f 4429/4429/4429 4427/4427/4427 4430/4430/4430
f 4432/4432/4432 4431/4431/4431 4433/4433/4433
f 4433/4433/4433 4431/4431/4431 4434/4434/4434
f 4436/4436/4436 4435/4435/4435 4437/4437/4437
f 4437/4437/4437 4435/4435/4435 4438/4438/4438
mtllib ./2000013.mtl
g Cube (72)
v -40.55283 27.47357 101.3347
v -55.3914 27.47357 99.13994
v -40.55283 32.47356 101.3347
v -55.3914 32.47356 99.13994
v -40.90861 32.47356 103.7401
v -55.74718 32.47356 101.5453
v -40.90861 27.47357 103.7401
v -55.74718 27.47357 101.5453
v -40.55283 32.47356 101.3347
v -55.3914 32.47356 99.13994
v -40.90861 32.47356 103.7401
v -55.74718 32.47356 101.5453
v -40.90861 27.47357 103.7401
v -40.55283 27.47357 101.3347
v -55.3914 27.47357 99.13994
v -55.74718 27.47357 101.5453
v -55.3914 27.47357 99.13994
v -55.3914 32.47356 99.13994
v -55.74718 32.47356 101.5453
v -55.74718 27.47357 101.5453
v -40.90861 27.47357 103.7401
v -40.90861 32.47356 103.7401
v -40.55283 32.47356 101.3347
v -40.55283 27.47357 101.3347

vn 0.1463181 0 -0.9892375
vn 0.1463181 0 -0.9892375
vn 0.1463181 0 -0.9892375
vn 0.1463181 0 -0.9892375
vn 0 1 0
vn 0 1 0
vn -0.1463181 0 0.9892375
vn -0.1463181 0 0.9892375
vn 0 1 0
vn 0 1 0
vn -0.1463181 0 0.9892375
vn -0.1463181 0 0.9892375
vn 0 -1 0
vn 0 -1 0
vn 0 -1 0
vn 0 -1 0
vn -0.9892376 0 -0.1463181
vn -0.9892376 0 -0.1463181
vn -0.9892376 0 -0.1463181
vn -0.9892376 0 -0.1463181
vn 0.9892376 0 0.1463181
vn 0.9892376 0 0.1463181
vn 0.9892376 0 0.1463181
vn 0.9892376 0 0.1463181

vt 0 0
vt 1 0
vt 0 1
vt 1 1
vt 0 1
vt 1 1
vt 0 1
vt 1 1
vt 0 0
vt 1 0
vt 0 0
vt 1 0
vt 0 0
vt 0 1
vt 1 1
vt 1 0
vt 0 0
vt 0 1
vt 1 1
vt 1 0
vt 0 0
vt 0 1
vt 1 1
vt 1 0

usemtl Default-Material
usemap Default-Material
f 4441/4441/4441 4439/4439/4439 4442/4442/4442
f 4442/4442/4442 4439/4439/4439 4440/4440/4440
f 4443/4443/4443 4447/4447/4447 4444/4444/4444
f 4444/4444/4444 4447/4447/4447 4448/4448/4448
f 4445/4445/4445 4449/4449/4449 4446/4446/4446
f 4446/4446/4446 4449/4449/4449 4450/4450/4450
f 4452/4452/4452 4451/4451/4451 4453/4453/4453
f 4453/4453/4453 4451/4451/4451 4454/4454/4454
f 4456/4456/4456 4455/4455/4455 4457/4457/4457
f 4457/4457/4457 4455/4455/4455 4458/4458/4458
f 4460/4460/4460 4459/4459/4459 4461/4461/4461
f 4461/4461/4461 4459/4459/4459 4462/4462/4462
mtllib ./2000013.mtl
g Cube (15)
v -21.47809 27.47357 147.8044
v -70.62987 27.47357 86.85683
v -21.47809 32.47356 147.8044
v -70.62987 32.47356 86.85683
v -25.37013 32.47356 150.9432
v -74.52192 32.47356 89.99561
v -25.37013 27.47357 150.9432
v -74.52192 27.47357 89.99561
v -21.47809 32.47356 147.8044
v -70.62987 32.47356 86.85683
v -25.37013 32.47356 150.9432
v -74.52192 32.47356 89.99561
v -25.37013 27.47357 150.9432
v -21.47809 27.47357 147.8044
v -70.62987 27.47357 86.85683
v -74.52192 27.47357 89.99561
v -70.62987 27.47357 86.85683
v -70.62987 32.47356 86.85683
v -74.52192 32.47356 89.99561
v -74.52192 27.47357 89.99561
v -25.37013 27.47357 150.9432
v -25.37013 32.47356 150.9432
v -21.47809 32.47356 147.8044
v -21.47809 27.47357 147.8044

vn 0.77841 0 -0.6277562
vn 0.77841 0 -0.6277562
vn 0.77841 0 -0.6277562
vn 0.77841 0 -0.6277562
vn 0 1 0
vn 0 1 0
vn -0.77841 0 0.6277562
vn -0.77841 0 0.6277562
vn 0 1 0
vn 0 1 0
vn -0.77841 0 0.6277562
vn -0.77841 0 0.6277562
vn 0 -1 0
vn 0 -1 0
vn 0 -1 0
vn 0 -1 0
vn -0.6277563 0 -0.77841
vn -0.6277563 0 -0.77841
vn -0.6277563 0 -0.77841
vn -0.6277563 0 -0.77841
vn 0.6277563 0 0.77841
vn 0.6277563 0 0.77841
vn 0.6277563 0 0.77841
vn 0.6277563 0 0.77841

vt 0 0
vt 1 0
vt 0 1
vt 1 1
vt 0 1
vt 1 1
vt 0 1
vt 1 1
vt 0 0
vt 1 0
vt 0 0
vt 1 0
vt 0 0
vt 0 1
vt 1 1
vt 1 0
vt 0 0
vt 0 1
vt 1 1
vt 1 0
vt 0 0
vt 0 1
vt 1 1
vt 1 0

usemtl Default-Material
usemap Default-Material
f 4465/4465/4465 4463/4463/4463 4466/4466/4466
f 4466/4466/4466 4463/4463/4463 4464/4464/4464
f 4467/4467/4467 4471/4471/4471 4468/4468/4468
f 4468/4468/4468 4471/4471/4471 4472/4472/4472
f 4469/4469/4469 4473/4473/4473 4470/4470/4470
f 4470/4470/4470 4473/4473/4473 4474/4474/4474
f 4476/4476/4476 4475/4475/4475 4477/4477/4477
f 4477/4477/4477 4475/4475/4475 4478/4478/4478
f 4480/4480/4480 4479/4479/4479 4481/4481/4481
f 4481/4481/4481 4479/4479/4479 4482/4482/4482
f 4484/4484/4484 4483/4483/4483 4485/4485/4485
f 4485/4485/4485 4483/4483/4483 4486/4486/4486
